Valence Electrons, Adsorption Energy, Surface
-3.751788326,3.0,Sc12
-3.730901957,4.0,Hf12
-3.724476805,3.0,Sc6Y6
-3.695666616,3.63424118566428,Hf6Sc6
-3.692015392,3.63424118566428,Hf6Y6
-3.6918909,3.0,Sc12
-3.685153226,3.0,Sc6Y6
-3.675933873,3.0,Sc6Y6
-3.660853324,3.30192724889463,Hf6Sc6
-3.648769292,3.0,Y12
-3.62765802,3.0,Y12
-3.625250493,3.0,Sc6Y6
-3.60980572,3.63424118566428,Hf6Y6
-3.60323213,4.0,Hf6Zr6
-3.571118343,4.0,Hf6Ti6
-3.567035003,3.63424118566428,Hf6Sc6
-3.549843803,3.30192724889463,Hf6Y6
-3.539837089,3.63424118566428,Sc6Ti6
-3.538077601,3.30192724889463,Sc6Zr6
-3.529919219,3.30192724889463,Sc6Ti6
-3.511154657,3.63424118566428,Sc6Ti6
-3.492598262,4.0,Hf6Ti6
-3.487094488,3.30192724889463,Hf6Sc6
-3.482477668,4.0,Hf6Zr6
-3.47983762,3.63424118566428,Ti6Y6
-3.472570548,3.30192724889463,Sc6Ti6
-3.471255149,3.63424118566428,Ti6Y6
-3.464401282,3.63424118566428,Sc6Zr6
-3.462855403,4.30886938006377,Hf6Ta6
-3.459214656,3.63424118566428,Y6Zr6
-3.455084921,4.0,Ti12
-3.438166515,3.0,La6Sc6
-3.437227858,3.30192724889463,Y6Zr6
-3.435192719,3.30192724889463,Hf6Y6
-3.432626413,3.63424118566428,Hf6La6
-3.425847785,4.0,Zr12
-3.414582408,3.0,La6Y6
-3.410983295,3.0,La6Sc6
-3.393847878,3.30192724889463,Ti6Y6
-3.387287758,3.30192724889463,Sc6Zr6
-3.38618937,4.0,Ti6Zr6
-3.37854991,3.30192724889463,Ti6Y6
-3.372638373,3.0,La6Y6
-3.363343917,3.55689330449006,Sc6Ta6
-3.36248254,4.30886938006377,Hf6Nb6
-3.359037715,4.0,Ti6Zr6
-3.355785139,4.30886938006377,Ta6Ti6
-3.353975037,3.63424118566428,Y6Zr6
-3.351034031,3.63424118566428,Hf6La6
-3.338599925,3.63424118566428,Sc6Zr6
-3.334945028,3.30192724889463,Y6Zr6
-3.325056547,4.0,Hf12
-3.310631521,4.0,Hf6Ti6
-3.305360404,6.31635959765638,Cr6Mn6
-3.305107202,6.31635959765638,Cr6Mn6
-3.276201093,4.0,Hf6Zr6
-3.260459443,5.0,Ta12
-3.25582031,3.55689330449006,Nb6Sc6
-3.254056741,4.0,Ti12
-3.247818395,4.47213595499958,Hf6V6
-3.240632821,3.0,La6Mo6
-3.230985841,5.0,V12
-3.224155103,4.30886938006377,Nb6Ti6
-3.219845636,3.63424118566428,La6Zr6
-3.217354162,3.55689330449006,Sc6Ta6
-3.208321207,3.0,La6Y6
-3.195834856,4.0,Hf6Pd6
-3.19313535,4.0,Hf6Ti6
-3.192500236,3.55689330449006,Sc6V6
-3.187558377,3.0,La6Sc6
-3.187125988,4.0,Cu6Hf6
-3.186677545,11.0,Cu6Hf6
-3.178272901,3.0,La6Sc6
-3.177930173,4.64158883361278,Hf6Ta6
-3.171289915,3.0,La6Y6
-3.169286613,3.55689330449006,Sc6V6
-3.167489573,5.0,V12
-3.164716461,4.0,Hf6Zr6
-3.164533193,3.55689330449006,Ta6Y6
-3.163671816,4.30886938006377,Ti6V6
-3.156539032,4.0,Ti6Zr6
-3.144002203,3.55689330449006,Nb6Sc6
-3.135682731,4.0,Zr12
-3.134630603,4.0,Ti6Zr6
-3.134557948,4.30886938006377,Ta6Ti6
-3.126384057,4.30886938006377,Ta6Zr6
-3.12278331,4.30886938006377,Hf6Ta6
-3.120562045,4.30886938006377,Hf6Nb6
-3.110507983,5.0,V6Zr6
-3.103175331,4.64158883361278,Hf6V6
-3.103085534,4.64158883361278,Ta6Ti6
-3.102176266,4.30886938006377,Hf6V6
-3.098235241,4.21716332650875,Ta6Y6
-3.093569849,6.64939976115098,Cr6Mn6
-3.091792946,4.0,La6Ti6
-3.080081574,3.63424118566428,La6Zr6
-3.065540491,4.30886938006377,Nb6Ti6
-3.061667359,6.0,Cr6Mn6
-3.061108165,4.21716332650875,Sc6V6
-3.057821302,4.0,Cd6Hf6
-3.053665443,4.30886938006377,Ti6V6
-3.049899524,4.21716332650875,Sc6V6
-3.045892647,4.64158883361278,Hf6V6
-3.044131118,3.55689330449006,Ta6Y6
-3.040309688,5.0,Ta12
-3.039326268,4.64158883361278,Ta6Zr6
-3.028793694,3.0,Ag6Sc6
-3.026763317,11.0,Ag6Sc6
-3.022896715,4.0,Au6Hf6
-3.019521279,3.55689330449006,Nb6Y6
-3.016796875,4.21716332650875,Sc6Ta6
-3.015458211,3.30192724889463,Hf6La6
-3.007561876,5.0,La6Ta6
-3.004750532,3.0,La12
-3.003977048,3.30192724889463,Hf6La6
-3.000117657,4.30886938006377,Nb6Zr6
-2.997226176,4.0,Ag6Hf6
-2.99713733,11.0,Ag6Hf6
-2.996965083,4.21716332650875,Ta6Y6
-2.991351918,7.0,Cr6Mn6
-2.985457932,4.64158883361278,Ti6V6
-2.982999248,5.0,Nb12
-2.977393839,5.0,Nb12
-2.974183168,4.21716332650875,Sc6Ta6
-2.971840404,3.0,Cd6Sc6
-2.968642658,3.0,Ag6Y6
-2.968361564,11.0,Ag6Y6
-2.964370743,4.30886938006377,Ta6Zr6
-2.949721358,4.30886938006377,V6Zr6
-2.937190244,12.0,Hf6Hg6
-2.936749691,4.0,Hf6Hg6
-2.935250208,3.55689330449006,Nb6Y6
-2.93105639,4.64158883361278,Hf6Nb6
-2.919939587,4.0,Hf6Zn6
-2.912800816,4.64158883361278,Ta6Ti6
-2.912099171,3.0,Ag6La6
-2.911750049,3.0,La12
-2.907355819,5.0,La6V6
-2.906531858,3.30192724889463,La6Zr6
-2.895954793,4.0,Cu6Zr6
-2.895639141,11.0,Cu6Zr6
-2.895176683,3.30192724889463,La6Zr6
-2.890881639,4.57885697021333,Hf6W6
-2.883247621,4.64158883361278,V6Zr6
-2.876734848,4.0,Hf6Ni6
-2.875975787,4.64158883361278,Ti6V6
-2.875536459,4.30886938006377,Nb6Zr6
-2.872876002,3.77976314968462,Mo6Y6
-2.870532421,5.42883523318981,Hf6Ni6
-2.869701522,4.64158883361278,Hf6Ta6
-2.866995622,5.0,La6Ta6
-2.864514624,4.0,Hf6Pt6
-2.860115632,3.0,Hg6Sc6
-2.854997034,4.21716332650875,Nb6Y6
-2.832789824,3.77976314968462,Sc6W6
-2.831701641,4.64158883361278,Nb6Ti6
-2.8302076,3.0,Cd6Y6
-2.829773578,5.0,Nb6Ta6
-2.826294739,12.0,Cd6Y6
-2.824138372,4.57885697021333,Ti6W6
-2.823135633,4.64158883361278,Ta6Zr6
-2.817946014,4.0,Pd6Zr6
-2.806712202,3.0,Hg6La6
-2.805203875,4.21716332650875,Nb6Sc6
-2.802555663,5.31329284591306,Nb6W6
-2.799056688,3.0,Cd6La6
-2.795575127,3.0,Hg6Y6
-2.794331295,12.0,Hg6Y6
-2.791306205,4.57885697021333,Cr6Hf6
-2.791306205,4.57885697021333,Cr6Hf6
-2.791306205,4.57885697021333,Cr6Hf6
-2.786960275,3.30192724889463,La6Ti6
-2.774732704,4.21716332650875,Nb6Sc6
-2.772101363,4.64158883361278,Nb6Zr6
-2.769421994,3.77976314968462,Cr6Sc6
-2.768691913,4.64158883361278,Nb6Ti6
-2.76353277,3.77976314968462,Mo6Sc6
-2.76353277,3.77976314968462,Mo6Sc6
-2.76353277,3.77976314968462,Mo6Sc6
-2.760608091,4.57885697021333,Mo6Ti6
-2.7603255,4.64158883361278,Hf6Nb6
-2.756094674,4.57885697021333,Ti6W6
-2.752994754,4.21716332650875,Nb6Y6
-2.749947759,5.0,La6Nb6
-2.749419314,3.0,La6Nb6
-2.746558989,4.58257569495584,Mn6Y6
-2.739338449,4.0,Cd6Ti6
-2.738200741,4.0,Cd6Zr6
-2.736375401,5.0,Nb6Ta6
-2.731684567,5.0,Nb6V6
-2.722326163,3.0,Sc6Y6
-2.713959343,5.0,Nb6Ta6
-2.712926807,5.24148278841779,Hf6Rh6
-2.712903269,3.77976314968462,Mo6Sc6
-2.712903269,3.77976314968462,Mo6Sc6
-2.712903269,3.77976314968462,Mo6Sc6
-2.71239741,5.0,Ta6V6
-2.710444857,7.55952629936924,Sc6Zn6
-2.709504295,3.77976314968462,Sc6W6
-2.708237878,4.7622031559046,Sc6Zn6
-2.707428339,4.57885697021333,Hf6W6
-2.706748871,4.57885697021333,Mo6Ti6
-2.706620433,3.97905720789639,Mn6Y6
-2.704870741,12.0,Sc6Zn6
-2.702924719,5.24148278841779,Co6Hf6
-2.702380491,4.89897948556636,Fe6Y6
-2.688223361,4.62606500918274,Cu6Sc6
-2.686555303,4.57885697021333,Cr6Zr6
-2.680528389,5.0,Nb6V6
-2.679903344,5.0,Nb6Ta6
-2.67665172,3.0,Cu6Sc6
-2.672127555,6.0,Cr6Ti6
-2.670056496,4.57885697021333,Cr6Ti6
-2.668980694,3.0,Au6Sc6
-2.668131563,3.0,Au6Y6
-2.66456143,4.0,Zn6Zr6
-2.657302793,5.0,Nb6V6
-2.656476383,5.24148278841779,Cr6Ti6
-2.653867764,4.64158883361278,Nb6Zr6
-2.650263344,11.0,Ag6Zr6
-2.649893541,4.0,Ag6Zr6
-2.648170789,4.0,Ag6Ti6
-2.648103713,4.0,Ni6Zr6
-2.642799261,3.0,Au6La6
-2.642705654,3.0,La6Nb6
-2.639242598,5.42883523318981,Ni6Zr6
-2.633048742,4.7622031559046,Cr6Sc6
-2.631312928,12.0,Hg6Zr6
-2.631175511,4.0,Hg6Zr6
-2.629794669,4.47213595499958,Ti6V6
-2.627442109,5.0,Hf6V6
-2.61585142,4.0,Au6Zr6
-2.615374132,5.84803547642573,Fe6Ta6
-2.612294756,5.24148278841779,Cr6Hf6
-2.612294756,5.24148278841779,Cr6Hf6
-2.612294756,5.24148278841779,Cr6Hf6
-2.612119242,4.57885697021333,W6Zr6
-2.612075296,3.77976314968462,Mo6Y6
-2.610129002,4.21716332650875,La6Nb6
-2.608167877,6.0,Cr6Zr6
-2.607715216,4.0,Ti6Zn6
-2.606100084,6.0,Cr6Hf6
-2.606100084,6.0,Cr6Hf6
-2.606100084,6.0,Cr6Hf6
-2.586323531,3.55689330449006,La6Ta6
-2.582540468,3.0,Cu6Y6
-2.582199782,5.0,Ta6V6
-2.581060305,4.7622031559046,Y6Zn6
-2.579967904,4.7622031559046,Y6Zn6
-2.579698239,4.0,Hg6Ti6
-2.579229795,4.62606500918274,Cu6Y6
-2.577521056,5.0,Nb6V6
-2.576433689,5.03968419957949,Fe6Hf6
-2.572140958,3.0,Y6Zn6
-2.562502277,4.82028452835046,Mn6Zr6
-2.562427446,5.24148278841779,Rh6Zr6
-2.559824405,5.24148278841779,Rh6Zr6
-2.558963845,4.0,Pt6Zr6
-2.55885704,3.55689330449006,La6Ta6
-2.552319913,5.31329284591306,Cr6Ta6
-2.549669933,4.16016764610381,Fe6Y6
-2.547424041,3.0,La6Zn6
-2.535144496,5.24148278841779,Co6Ti6
-2.529402486,5.59344471040698,Mn6Ta6
-2.528471857,5.59344471040698,Mn6Ta6
-2.527907356,3.0,Cu6La6
-2.52431627,11.0,Cu6La6
-2.52040994,4.21716332650875,La6Nb6
-2.519404343,5.0,Ta6V6
-2.51125399,5.0,Ta6V6
-2.509730016,5.60407866131077,Cu6Ti6
-2.500851622,6.0,Cr12
-2.499425337,6.0,Cr12
-2.498709814,5.31329284591306,Ta6W6
-2.480929215,4.57885697021333,W6Zr6
-2.475922593,4.0,Au6Ti6
-2.464727829,3.55689330449006,La6Nb6
-2.460387205,5.84803547642573,Ru6Ta6
-2.458966635,4.0,Cr6Ti6
-2.457622121,5.24148278841779,Ti6W6
-2.456827412,6.0,Cr6La6
-2.456077058,5.31329284591306,Cr6V6
-2.455710657,5.31329284591306,V6W6
-2.453982462,4.7622031559046,W6Y6
-2.453450888,4.7622031559046,W6Y6
-2.450279537,4.57885697021333,Hf6Mo6
-2.449888509,3.97905720789639,La6Mn6
-2.448574472,3.0,La6Pd6
-2.44762874,3.55689330449006,La6Nb6
-2.446701512,5.31329284591306,Ta6W6
-2.445380263,5.03968419957949,Fe6Zr6
-2.445368698,4.7622031559046,La6W6
-2.442553681,5.64621617328617,Cr6V6
-2.434585916,4.7622031559046,Sc6W6
-2.431846954,5.24148278841779,Ti6W6
-2.430560808,5.31329284591306,Cr6Nb6
-2.427348368,5.31329284591306,Cr6V6
-2.414266495,5.64621617328617,Cr6V6
-2.413542128,5.31329284591306,Mo6V6
-2.412205913,4.7622031559046,Sc6W6
-2.406822005,3.0,Pd6Sc6
-2.401240269,5.64621617328617,V6W6
-2.399599151,5.24148278841779,Rh6Ti6
-2.399009344,5.31329284591306,V6W6
-2.3974402,5.24148278841779,Hf6W6
-2.396827263,5.59344471040698,Mn6Nb6
-2.385364468,5.31329284591306,Mo6Ta6
-2.384425947,5.0,Mo6Ta6
-2.381109968,4.57885697021333,Mo6Zr6
-2.372684099,5.24148278841779,Mo6Ti6
-2.372213342,5.19615242270663,Co6Y6
-2.370076568,5.64621617328617,Ta6W6
-2.366908347,3.0,Pd6Y6
-2.349967627,5.64621617328617,Nb6W6
-2.345540471,5.64621617328617,V6W6
-2.336757453,5.24148278841779,Hf6W6
-2.336574865,5.31329284591306,Mo6V6
-2.335059735,5.0,Fe6Ta6
-2.332890579,5.31329284591306,Nb6W6
-2.332600778,5.24148278841779,Mo6Ti6
-2.328599888,4.0,V6Zr6
-2.325890995,4.0,Fe6Hf6
-2.325847593,5.84803547642573,Nb6Ru6
-2.324001573,5.03968419957949,Hf6Ru6
-2.321689966,5.59344471040698,Ta6Tc6
-2.316857088,4.7622031559046,Mo6Sc6
-2.316857088,4.7622031559046,Mo6Sc6
-2.316857088,4.7622031559046,Mo6Sc6
-2.309373413,4.0,Co6Zr6
-2.30873449,5.64621617328617,Mo6V6
-2.304665707,4.7622031559046,Mo6Y6
-2.303640927,3.97905720789639,Re6Sc6
-2.303287043,5.03968419957949,Ru6Zr6
-2.301794362,4.7622031559046,Mo6Y6
-2.301118431,5.24148278841779,W6Zr6
-2.298573895,6.0,Cr6Nb6
-2.297959462,5.24148278841779,Hf6Ir6
-2.289746114,5.0,Cd6Ta6
-2.287007152,6.0,Cr6Ta6
-2.28698824,5.19615242270663,Co6Sc6
-2.28698824,5.19615242270663,Co6Sc6
-2.28698824,5.19615242270663,Co6Sc6
-2.28697858,5.0,Cr6Ta6
-2.286860074,5.64621617328617,Mo6V6
-2.286633132,12.0,Cd6Ta6
-2.286560749,5.0,Mn6Ta6
-2.284669422,5.64621617328617,Mo6Nb6
-2.283985328,11.0,Ag6Ta6
-2.283911313,5.29150262212918,Mn6Zr6
-2.283868999,5.0,Ag6Ta6
-2.28129521,5.0,Ta6Tc6
-2.276391583,5.31329284591306,Mo6Nb6
-2.276078652,5.64621617328617,Ta6W6
-2.275853886,4.82028452835046,Hf6Tc6
-2.27501251,4.82028452835046,Hf6Re6
-2.271357341,5.31329284591306,Mo6Nb6
-2.266779298,4.7622031559046,Mo6Sc6
-2.266779298,4.7622031559046,Mo6Sc6
-2.266779298,4.7622031559046,Mo6Sc6
-2.263265356,5.24148278841779,Hf6Mo6
-2.25538181,5.24148278841779,W6Zr6
-2.244728689,3.0,Mo6Sc6
-2.244728689,3.0,Mo6Sc6
-2.244728689,3.0,Mo6Sc6
-2.243814114,3.97905720789639,Re6Sc6
-2.243315602,5.24148278841779,Mo6Zr6
-2.239051034,7.39863622299141,Rh6Ta6
-2.2387796,11.0,Cu6Ta6
-2.238778512,5.0,Cu6Ta6
-2.237832508,6.0822019955734,Rh6Ta6
-2.236700922,5.59344471040698,Nb6Tc6
-2.235906758,3.0,La6Mn6
-2.233408073,4.0,Co6Ti6
-2.231769267,4.58257569495584,La6Mn6
-2.229919982,4.82028452835046,Re6Zr6
-2.229470041,5.8087857335637,Re6Zr6
-2.22897493,5.84803547642573,Os6Ta6
-2.22185167,4.82028452835046,Tc6Zr6
-2.221630306,4.89897948556636,Fe6La6
-2.217705063,4.48140474655716,Ni6Y6
-2.213661044,5.0,Pd6Ta6
-2.213295867,6.0,Mo6Zr6
-2.207653314,5.0,Rh6Ta6
-2.207258885,6.0,Y6Zn6
-2.207210041,5.03968419957949,Ru6Ti6
-2.206051516,4.0,Tc6Ti6
-2.205813281,4.82028452835046,Tc6Ti6
-2.205710558,5.59344471040698,Re6Ta6
-2.203050509,5.03968419957949,Hf6Os6
-2.202946017,5.0,Ta6Zn6
-2.200804073,5.64621617328617,Nb6W6
-2.2005623,4.0,Hf6Tc6
-2.200513728,3.0,Hf6Y6
-2.198106472,6.0,W12
-2.194034017,4.82028452835046,Re6Ti6
-2.176317229,4.32674871092222,Co6Sc6
-2.176317229,4.32674871092222,Co6Sc6
-2.176317229,4.32674871092222,Co6Sc6
-2.174791215,4.16016764610381,Fe6La6
-2.169684454,3.0,Re6Sc6
-2.164699465,5.24148278841779,Ir6Zr6
-2.164219456,4.0,Cr6Zr6
-2.157893489,6.31635959765638,Mn6W6
-2.155700388,4.32674871092222,Co6Y6
-2.155189902,5.59344471040698,Nb6Re6
-2.150417026,5.0,Cr6Nb6
-2.145992046,5.03968419957949,Os6Zr6
-2.144494876,4.0,Ru6Zr6
-2.1443029,6.29960524947437,Ni6Ta6
-2.142574705,4.0,Fe6Zr6
-2.14153972,4.0,Ru6Ti6
-2.135966012,5.84803547642573,Nb6Os6
-2.133923254,3.0,Mn6Y6
-2.133736311,4.0,Mo6Zr6
-2.133600254,6.0,W12
-2.131893828,5.84803547642573,Ru6V6
-2.131296675,6.0822019955734,Co6V6
-2.130721834,7.39863622299141,Co6V6
-2.128635537,6.0,W6Zr6
-2.126836049,5.64621617328617,Mo6Nb6
-2.125530854,7.0,Nb6Tc6
-2.123916947,3.0,La6Pt6
-2.120782332,3.0,Mo6Y6
-2.116413272,6.0,Mo12
-2.115287537,5.47722557505166,Ni6Y6
-2.113726012,3.46410161513775,La6Ti6
-2.112977563,4.0,Mn6Zr6
-2.11025071,6.0,Cr6W6
-2.108168359,5.65685424949238,Fe6Zr6
-2.107949171,5.65685424949238,Fe6Hf6
-2.107469707,6.0,Mo6W6
-2.102805403,5.64621617328617,Mo6Ta6
-2.099597453,5.0,Hg6Ta6
-2.088845147,5.59344471040698,Tc6V6
-2.086712863,5.0,Au6Ta6
-2.083079735,6.0,Cr6Mo6
-2.074013446,4.0,Tc6Zr6
-2.07396501,5.74456264653803,Cu6Sc6
-2.071169448,5.0,Tc6V6
-2.070251881,6.0,Mo6W6
-2.069590916,4.0,Hf6Re6
-2.068328308,5.03968419957949,Os6Ti6
-2.058430031,5.24148278841779,Ir6Ti6
-2.056962521,6.0,Cr6Mn6
-2.056777348,3.0,La6Ni6
-2.038984232,4.48140474655716,La6Ni6
-2.038195102,5.0,Mn6Nb6
-2.036006218,5.0,Ag6V6
-2.031020684,5.0,Ag6V6
-2.03028965,6.6332495807108,Cu6Zr6
-2.028591932,6.0,Sc6Zn6
-2.027972737,5.0,Ru6V6
-2.015531692,6.0,Cr6Mo6
-2.011007936,5.0,Cd6V6
-2.006093968,5.0,Cd6V6
-2.003047926,6.29960524947437,Ni6Ta6
-1.999080914,4.32674871092222,Co6La6
-1.99805627,3.0,La6Mn6
-1.993290196,3.0,Ni6Y6
-1.993091689,5.59344471040698,Re6V6
-1.987392128,4.58257569495584,Sc6Tc6
-1.983850975,5.0,Pd6V6
-1.976372334,6.0822019955734,Ir6Ta6
-1.972866828,6.69432950082169,Ta6Zn6
-1.961617914,5.0,V6Zn6
-1.961156681,5.0,V6Zn6
-1.953190956,6.0,Mo6W6
-1.951288608,6.0822019955734,Rh6V6
-1.950415395,6.32455532033676,Ni6Zr6
-1.949252244,6.29960524947437,Nb6Pd6
-1.946600359,6.29960524947437,Pt6Ta6
-1.94273539,6.0,Mo6Ta6
-1.935813222,5.19615242270663,Co6La6
-1.934807762,5.0,Cd6Nb6
-1.934480681,5.0,Cd6Nb6
-1.934436598,12.0,Cd6Nb6
-1.930681427,4.32674871092222,Rh6Sc6
-1.929938148,5.76899828122963,Fe6Y6
-1.929650252,4.32674871092222,Rh6Sc6
-1.927141362,6.0,Mo12
-1.926026512,4.48140474655716,Pt6Sc6
-1.924635874,6.0822019955734,Ir6Ta6
-1.92354497,7.0,Sc6Tc6
-1.922754751,4.0,Os6Ti6
-1.92135595,3.0,W6Y6
-1.916624571,3.0,Ta6Y6
-1.913569821,3.0,Pt6Sc6
-1.912962191,5.0,Ag6Nb6
-1.912664906,7.0,Tc6Y6
-1.912593204,6.0822019955734,Nb6Rh6
-1.911870198,7.0,Re6V6
-1.91167414,11.0,Ag6Nb6
-1.907944003,5.84803547642573,Os6V6
-1.907761551,3.0,Pt6Y6
-1.907569847,5.0,Nb6Re6
-1.90676575,5.27763208790408,Sc6Tc6
-1.902555333,5.8087857335637,Re6Ti6
-1.901000474,6.69432950082169,Nb6Zn6
-1.900167806,6.0822019955734,Nb6Rh6
-1.894233003,6.29960524947437,Nb6Ni6
-1.891232132,6.0,W12
-1.889752241,6.0822019955734,Rh6V6
-1.88927332,6.31635959765638,Tc6W6
-1.888267996,4.32674871092222,Rh6Y6
-1.884781265,4.32674871092222,La6Rh6
-1.873517385,5.27763208790408,La6Mn6
-1.872181986,6.50295723425693,Cu6V6
-1.87085203,6.0,Co6Zr6
-1.857277903,4.0,Re6Zr6
-1.856288497,7.0,Re6Zr6
-1.853767771,6.32455532033676,Hf6Ni6
-1.848555158,4.0,Os6Zr6
-1.848046169,6.0,Mo6W6
-1.843869766,11.0,Cu6Nb6
-1.843421322,5.0,Cu6Nb6
-1.838874844,5.8087857335637,Hf6Re6
-1.836904876,5.0,Cu6V6
-1.825010508,6.50295723425693,Cu6Nb6
-1.82498561,8.45769055811492,Cu6Nb6
-1.822255764,6.0,Cr6La6
-1.810907664,3.0,Co6Sc6
-1.810907664,3.0,Co6Sc6
-1.810907664,3.0,Co6Sc6
-1.808732794,3.0,Fe6La6
-1.808115368,7.0,Hf6Re6
-1.79231467,5.0,Au6V6
-1.785752644,7.0,Mn6Nb6
-1.785467605,5.0,Hg6Nb6
-1.781963051,5.0,Au6Nb6
-1.780583434,5.8087857335637,Tc6Ti6
-1.778215499,5.47722557505166,La6Ni6
-1.776304172,6.0,Mo6Sc6
-1.776304172,6.0,Mo6Sc6
-1.776304172,6.0,Mo6Sc6
-1.774142091,6.69432950082169,V6Zn6
-1.766781004,6.0,Co6Hf6
-1.765905886,3.0,Rh6Sc6
-1.757145997,6.0,Ag6W6
-1.751254868,5.27763208790408,Re6Sc6
-1.750807377,6.31635959765638,Re6W6
-1.747451125,6.0,Tc6W6
-1.746280083,6.0,Ag6W6
-1.742035652,11.0,Ag6W6
-1.741324618,5.27763208790408,Tc6Y6
-1.740763791,6.69432950082169,Nb6Zn6
-1.740554808,4.16016764610381,Ru6Sc6
-1.736385752,6.92820323027551,Zn6Zr6
-1.732854395,3.0,La6Mo6
-1.73188839,5.27763208790408,Re6Sc6
-1.731487023,5.8087857335637,Hf6Tc6
-1.731124023,4.16016764610381,Os6Sc6
-1.729924409,3.0,Co6Y6
-1.727997843,6.31635959765638,Mn6Mo6
-1.726990069,7.0,Mn6Ta6
-1.726055222,6.0822019955734,Ir6Nb6
-1.726014949,6.0822019955734,Ir6V6
-1.721535411,6.29960524947437,Nb6Ni6
-1.715443735,6.92820323027551,Hf6Zn6
-1.707129705,3.0,Co6La6
-1.707125487,3.97905720789639,La6Tc6
-1.705604234,6.29960524947437,Nb6Pt6
-1.700765914,5.8087857335637,Tc6Zr6
-1.695561601,5.0,La6Nb6
-1.690135923,5.76899828122963,Fe6La6
-1.682775924,6.0,Cr6W6
-1.680161182,4.16016764610381,Ru6Y6
-1.679576682,4.16016764610381,La6Ru6
-1.671441975,6.0,Cr6W6
-1.67121163,6.0,Cr6V6
-1.66183486,7.11378660898013,Pd6W6
-1.661695537,8.43432665301749,Pd6W6
-1.660538645,4.16016764610381,Os6Y6
-1.656761841,6.31635959765638,Mo6Tc6
-1.656127408,7.0,Tc6Zr6
-1.653092658,6.0822019955734,Ir6Nb6
-1.647017717,7.0,La6Re6
-1.646489136,7.34342046204996,Cr6Cu6
-1.643729629,6.31635959765638,Mo6Re6
-1.64291805,6.60385449778925,Cr6Fe6
-1.639963846,6.31635959765638,Mn6Mo6
-1.632360849,6.0,Cu6W6
-1.627303477,11.0,Cu6W6
-1.625644944,6.64939976115098,Re6W6
-1.624789554,6.29960524947437,Pt6V6
-1.623614158,4.32674871092222,Ir6Sc6
-1.61738969,6.31635959765638,Cr6Tc6
-1.61504162,6.60385449778925,Cr6Fe6
-1.613400637,3.0,La6Rh6
-1.612677767,6.60385449778925,Cr6Ru6
-1.608780552,6.64939976115098,Mo6Re6
-1.607921217,6.0,Co6Ti6
-1.607730329,6.86828545531999,Co6W6
-1.602649147,6.0,V6W6
-1.602109546,7.0,Tc6Ti6
-1.598288931,6.0822019955734,Ir6V6
-1.597862121,8.98763734707568,Cu6W6
-1.597350819,7.34342046204996,Cu6W6
-1.595836097,7.11378660898013,Cr6Pd6
-1.593312649,6.86828545531999,Rh6W6
-1.586783958,6.64939976115098,Mn6Mo6
-1.58630463,7.0,Hf6Tc6
-1.581612162,6.60385449778925,Ru6W6
-1.581256646,3.0,Ru6Sc6
-1.578433329,7.11378660898013,Ni6W6
-1.568557093,5.47722557505166,Pd6Y6
-1.55823459,5.47722557505166,La6Pd6
-1.556635786,6.0,Cr6Tc6
-1.5559721,6.64939976115098,Mo6Tc6
-1.555134261,6.31635959765638,Re6W6
-1.548277673,6.0,Cd6Y6
-1.547708139,6.0,Ta6W6
-1.544233245,5.19615242270663,La6Rh6
-1.543585478,3.0,La6Ta6
-1.54056311,7.34342046204996,Cr6Cu6
-1.525893725,6.0,Cr6Cu6
-1.519637828,7.11378660898013,Mo6Pd6
-1.517482686,4.32674871092222,Ir6Y6
-1.510095884,3.0,La6V6
-1.509075185,6.86828545531999,Cr6Rh6
-1.503752094,6.25732474567597,Re6V6
-1.503300113,6.86828545531999,Co6W6
-1.500171212,3.0,La6W6
-1.476644249,7.0,La6Re6
-1.470756114,6.0,Au6W6
-1.470453931,6.0,Cd6W6
-1.470152021,7.11378660898013,Mo6Ni6
-1.466322291,6.48074069840786,Mn6W6
-1.462704946,6.0,Cd6W6
-1.461350771,6.86828545531999,Mo6Rh6
-1.460015781,6.60385449778925,Mo6Ru6
-1.454437175,6.0,Ag6Mo6
-1.451988695,5.19615242270663,Rh6Y6
-1.451145006,6.31635959765638,Cr6Re6
-1.451137931,4.32674871092222,Ir6La6
-1.44869462,6.25732474567597,Tc6V6
-1.436330176,6.60385449778925,Ru6W6
-1.436209357,6.0,Ag6Mo6
-1.435836697,6.31635959765638,Mo6Re6
-1.431986967,6.0,Ag6Mo6
-1.431215116,7.0,Cr6Mn6
-1.423310209,6.6332495807108,Ag6Hf6
-1.422614142,6.32455532033676,Fe6Ta6
-1.420761046,6.60385449778925,Cr6Os6
-1.417366698,6.60385449778925,Os6W6
-1.416902336,7.34342046204996,Cu6Mo6
-1.412802397,3.0,Os6Sc6
-1.403777878,6.31635959765638,Mo6Tc6
-1.399855221,7.11378660898013,Pt6W6
-1.393716468,7.55952629936924,W6Zn6
-1.390912335,6.0,W6Zn6
-1.384347725,4.89897948556636,Ru6Sc6
-1.375472868,6.64939976115098,Cr6Re6
-1.368334506,6.0,Cr6Mo6
-1.360732462,6.64939976115098,Cr6Tc6
-1.360659807,6.60385449778925,Cr6Ru6
-1.356924501,6.86828545531999,Rh6W6
-1.353444709,7.11378660898013,Ni6W6
-1.34952246,7.0,Re6Tc6
-1.345951782,3.0,Cr6La6
-1.339652347,6.86828545531999,Ir6W6
-1.339338327,7.39863622299141,Co6V6
-1.338956688,6.60385449778925,Mo6Os6
-1.335537849,8.32033529220762,Cd6Hf6
-1.329592978,7.26848237132856,Cr6Fe6
-1.326918099,5.0,Cd6Ta6
-1.323366606,5.0,Ag6Ta6
-1.312389805,6.64939976115098,Re6W6
-1.307316379,11.0,Cu6Mo6
-1.307117192,7.85142441053969,Ag6Ti6
-1.297566812,7.85142441053969,Cu6Ti6
-1.297368849,6.0,Cr6Re6
-1.294555464,3.0,Ru6Y6
-1.291290371,5.19615242270663,Ir6Y6
-1.287207166,7.0,Tc12
-1.283977719,6.0,Tc6W6
-1.283942072,8.32033529220762,Cd6Ti6
-1.281608832,5.0,Re6V6
-1.279304028,6.6332495807108,Ag6Zr6
-1.274756325,6.25732474567597,Ta6Tc6
-1.272072467,6.25732474567597,Re6Ta6
-1.271112449,6.64939976115098,Mo6Re6
-1.269777867,6.0,Cr6Zn6
-1.269130236,7.34342046204996,Cu6Mo6
-1.265933442,6.0,Cr6Zr6
-1.265047984,6.0,Cr6Zn6
-1.263798029,6.25732474567597,Nb6Re6
-1.259854419,5.76899828122963,Os6Sc6
-1.256375988,3.0,La6Ru6
-1.255481822,7.0,Re6Tc6
-1.254676229,6.60385449778925,Mo6Ru6
-1.253203957,8.0,Os6Sc6
-1.24770889,7.26848237132856,Cr6Fe6
-1.241570138,4.0,Hf6Pd6
-1.240664271,5.0,Pd6Ta6
-1.235254784,8.0,Os6Y6
-1.234992602,7.11378660898013,Mo6Pt6
-1.233764417,6.25732474567597,Nb6Tc6
-1.225965362,6.0,Cr6Y6
-1.225508347,6.60385449778925,Os6W6
-1.224046007,5.0,Cd6Ta6
-1.219288505,7.85142441053969,Ag6Hf6
-1.21811964,6.86828545531999,Ir6Mo6
-1.217363979,5.0,Hg6Ta6
-1.216963428,9.0,Rh6Ta6
-1.216893495,5.0,Rh6Ta6
-1.216663831,8.32033529220762,Cd6Hf6
-1.215210743,5.0,Au6Ta6
-1.213228938,6.64939976115098,Mo6Tc6
-1.209960714,7.55952629936924,W6Zn6
-1.20893607,7.0,Re12
-1.206209761,6.0,Au6W6
-1.197254223,6.0,Au6Mo6
-1.190340082,6.86828545531999,Cr6Ir6
-1.18907312,5.91607978309962,Nb6Tc6
-1.189043596,8.32033529220762,Ti6Zn6
-1.186021091,7.85142441053969,Ag6Zr6
-1.179627777,6.0,W12
-1.179526278,8.32033529220762,Cd6Ti6
-1.179164231,7.31861142004594,Re6Ru6
-1.178957968,7.0,Nb6Re6
-1.178505987,8.32033529220762,Cd6Zr6
-1.174956126,7.11378660898013,Mo6Ni6
-1.173692702,7.11378660898013,Cr6Pt6
-1.169014793,6.0,Ag6W6
-1.16648944,6.86828545531999,Mo6Rh6
-1.164200146,7.61166261102024,Co6Re6
-1.156093331,11.0,Ag6W6
-1.149580694,4.0,Pt6Zr6
-1.148326386,4.0,Pd6Zr6
-1.146809895,5.0,Nb6Pd6
-1.145579532,5.76899828122963,Ru6Sc6
-1.145181022,6.60385449778925,Cr6Os6
-1.144779382,5.0,Ag6Nb6
-1.143619088,5.0,Ru6Ta6
-1.138330556,7.0,La6Tc6
-1.136373649,6.0,Pd6W6
-1.134414021,4.0,Ag6Hf6
-1.13431606,5.0,Pd6V6
-1.133030867,12.0,Cd6Mo6
-1.132670588,6.0,W6Zn6
-1.130923889,12.0,Cd6Mo6
-1.130918719,6.0,Cd6Mo6
-1.130750281,6.0,Cd6Mo6
-1.128573098,6.0,Mo6W6
-1.125139701,8.32033529220762,Cd6Zr6
-1.123834643,5.0,Ta6Zn6
-1.122610948,12.0,Ta6Zn6
-1.122108217,5.0,Cu6Ta6
-1.118668154,6.0,Mo6W6
-1.11557109,6.60385449778925,Mo6Os6
-1.111941228,7.26848237132856,Cr6Ru6
-1.111940139,4.0,Pd6Ti6
-1.109407848,4.0,Pd6Ti6
-1.107371892,4.0,Cu6Zr6
-1.107157603,5.0,Ag6V6
-1.105494443,7.55952629936924,Mo6Zn6
-1.104305033,11.0,Ag6Nb6
-1.103979041,6.0,Cu6W6
-1.103902985,5.0,Cd6Nb6
-1.103179162,11.0,Cu6W6
-1.102929498,6.0,Cd6Y6
-1.102456972,8.32033529220762,Ti6Zn6
-1.102376835,5.0,Ag6V6
-1.09895269,4.0,Au6Ti6
-1.098061926,7.26848237132856,Ru6W6
-1.093677627,7.26848237132856,Mo6Ru6
-1.090510903,12.0,Cd6Nb6
-1.088987745,4.0,Hf6Hg6
-1.088696311,6.64939976115098,Tc6W6
-1.086931245,6.0,Mn6W6
-1.086197626,6.0,Mo6Zn6
-1.080539563,7.31861142004594,Ru6Tc6
-1.079505939,6.86828545531999,Ir6W6
-1.078818035,5.0,Au6Nb6
-1.078489457,7.88373516310524,Pd6Re6
-1.078446463,8.87904001742601,Pd6Re6
-1.077344266,4.0,Cu6Hf6
-1.077087799,8.45769055811492,Cu6Ta6
-1.076886299,6.0,Pt6W6
-1.076483434,8.45769055811492,Cu6V6
-1.076366425,4.0,Hg6Ti6
-1.071517629,6.0,Cd6W6
-1.071370823,7.61166261102024,Re6Rh6
-1.068558663,8.87904001742601,Ni6Re6
-1.068558663,8.87904001742601,Ni6Re6
-1.068558663,8.87904001742601,Ni6Re6
-1.068503016,7.26848237132856,Mo6Os6
-1.068451858,7.88373516310524,Ni6Re6
-1.068451858,7.88373516310524,Ni6Re6
-1.068451858,7.88373516310524,Ni6Re6
-1.062598962,5.0,Nb6Rh6
-1.061125873,7.937005259841,Ni6Ta6
-1.06063117,4.0,Hf6Pt6
-1.060210755,5.0,Nb6Y6
-1.056467965,7.0,Tc6V6
-1.054402621,4.0,Au6Hf6
-1.044909385,7.26848237132856,Cr6Os6
-1.040790534,5.65685424949238,Ru6Zr6
-1.037948985,5.0,Hg6Nb6
-1.037121079,5.91607978309962,Ta6Tc6
-1.029638221,4.0,Au6Zr6
-1.027876964,5.65685424949238,Os6Zr6
-1.024528059,5.0,Pt6Ta6
-1.021166228,7.26848237132856,Os6W6
-1.014779989,6.0,Rh6W6
-1.01023283,7.0,Ag6Re6
-1.009421387,7.0,Cr6Re6
-1.007275089,8.1382230443977,Cu6Re6
-1.002376223,3.0,Ir6Y6
-1.001222053,3.0,Os6Y6
-0.998800648,12.0,Hf6Hg6
-0.997842263,6.83990378670679,Ru6V6
-0.997681307,5.0,Au6V6
-0.996031073,4.0,Hg6Zr6
-0.992206649,7.55952629936924,Mo6Zn6
-0.990594239,5.0,Rh6V6
-0.989690548,5.0,V12
-0.989242513,8.45769055811492,Cu6V6
-0.987040296,8.96280949311433,V6Zn6
-0.986876211,5.0,Cd6V6
-0.985268699,6.86828545531999,Cr6Ir6
-0.985057402,4.0,Ti12
-0.983447577,8.32033529220762,Hf6Zn6
-0.982085239,7.937005259841,Nb6Ni6
-0.977785432,5.0,Hg6Ta6
-0.97770856,6.3496042078728,Ru6Ti6
-0.973884136,5.65685424949238,Hf6Ru6
-0.971030614,4.0,Hg6Zr6
-0.969871409,6.0,Mo6Pd6
-0.969851273,5.0,Ta12
-0.967930693,3.0,Ir6La6
-0.96355347,6.48074069840786,Cr6Re6
-0.96182337,6.0,Hg6W6
-0.960511781,5.0,Nb6Zn6
-0.959206043,7.31861142004594,Os6Re6
-0.958595012,5.0,Nb12
-0.954227584,4.7622031559046,Cr6Y6
-0.949255112,7.31861142004594,Fe6Tc6
-0.948472785,6.86828545531999,Ir6Mo6
-0.946292337,7.0,Hf6Re6
-0.94466877,7.39863622299141,Rh6V6
-0.943144932,7.0,Tc6Y6
-0.939828953,5.0,Cu6Nb6
-0.93928146,6.50295723425693,Cu6Nb6
-0.938497364,8.45769055811492,Cu6Nb6
-0.936754747,8.45769055811492,Cu6V6
-0.931313831,3.0,Ag6La6
-0.930099386,8.32033529220762,Zn6Zr6
-0.927348179,5.0,Nb6Pt6
-0.926688303,6.0,Cr12
-0.920024372,5.47722557505166,Pt6Y6
-0.920002603,7.61166261102024,Co6Re6
-0.916730434,6.0,Cr6Mo6
-0.913344521,7.31861142004594,Os6Tc6
-0.913253091,3.0,Sc12
-0.907964831,7.86222418262669,Co6W6
-0.907830814,5.65685424949238,Hf6Os6
-0.907115019,7.61166261102024,Rh6Tc6
-0.90069735,6.0,Au6Mo6
-0.899815157,5.65685424949238,Ru6Ti6
-0.896368563,6.0,Mo12
-0.895976991,5.47722557505166,Pd6Sc6
-0.895436029,7.88373516310524,Ni6Re6
-0.895436029,7.88373516310524,Ni6Re6
-0.895436029,7.88373516310524,Ni6Re6
-0.894837787,8.96280949311433,V6Zn6
-0.89480731,5.65685424949238,Os6Ti6
-0.888095894,7.0,Cr6Tc6
-0.888006641,6.0,Ag6Mo6
-0.884983592,7.39863622299141,Rh6Ta6
-0.884515284,5.19615242270663,Rh6Sc6
-0.875880432,6.3496042078728,Os6Ti6
-0.875794444,5.0,Pt6V6
-0.874203122,8.96280949311433,Ta6Zn6
-0.87165845,5.0,Mo6Nb6
-0.866224745,5.0,Ir6Nb6
-0.859002979,7.88373516310524,Pd6Tc6
-0.857724725,6.0,Rh6Zr6
-0.854814195,6.0,Mo6Pt6
-0.85076174,7.65172473108956,Fe6Tc6
-0.844595368,7.39863622299141,Nb6Rh6
-0.843606778,6.0,Hf6Mo6
-0.835093969,7.0,Re6Tc6
-0.834910973,7.31861142004594,Mn6Ru6
-0.834360214,3.77976314968462,Cr6Y6
-0.834114767,7.937005259841,Ni6Ta6
-0.827292601,4.0,Rh6Ti6
-0.826206867,7.26848237132856,Cr6Ru6
-0.824877999,6.3496042078728,Hf6Ru6
-0.82013247,7.0,Tc12
-0.820061448,8.1382230443977,Cu6Re6
-0.819359122,6.83990378670679,Ru6Ta6
-0.817735011,6.0,Cr6W6
-0.805240904,6.83990378670679,Nb6Ru6
-0.800135504,6.0,Ir6W6
-0.799731415,5.0,Nb6Os6
-0.797750562,7.65172473108956,Ru6Tc6
-0.796872315,6.0,Cr6Pd6
-0.796774082,6.0,Cu6Mo6
-0.795606714,3.0,Cd6La6
-0.79540603,6.0,Cr6Nb6
-0.789379797,5.0,Ir6V6
-0.785202305,6.3496042078728,Ru6Zr6
-0.784653995,6.0,Mo6W6
-0.784003371,5.19615242270663,Ir6Sc6
-0.782332592,7.0,Re6Tc6
-0.777885708,8.96280949311433,Cd6V6
-0.777816727,6.0,Mo6Zn6
-0.776859839,7.86222418262669,Co6W6
-0.773482362,7.65172473108956,Os6Tc6
-0.771588177,6.3496042078728,Hf6Os6
-0.768978606,3.0,La6Os6
-0.766491349,6.83990378670679,Os6V6
-0.756118778,7.61166261102024,Ir6Re6
-0.754873585,4.0,Zr12
-0.749946556,8.96280949311433,Nb6Zn6
-0.749242053,4.0,Hf12
-0.745206877,6.32455532033676,Ru6V6
-0.743501403,6.48074069840786,Tc6W6
-0.735125467,7.65172473108956,Re6Ru6
-0.734842197,5.0,Nb6W6
-0.730291501,7.61166261102024,Re6Rh6
-0.723842403,7.31861142004594,Re6Ru6
-0.723272188,6.3496042078728,Os6Zr6
-0.720073626,7.26848237132856,Ru6W6
-0.716519139,3.0,Au6La6
-0.716398865,8.1382230443977,Cu6Tc6
-0.716196684,7.31861142004594,Fe6Tc6
-0.715872325,7.0,Re12
-0.711462856,7.0,Cu6Re6
-0.701824448,6.0,Mo6Tc6
-0.699858561,3.0,La12
-0.688173585,6.0,Cr6Tc6
-0.683363293,7.26848237132856,Cr6Os6
-0.683341796,6.0,Hf6Rh6
-0.68120475,8.98763734707568,Cr6Cu6
-0.677122498,6.32455532033676,Nb6Ru6
-0.674165709,8.98763734707568,Cu6W6
-0.667662052,7.65172473108956,Fe6Tc6
-0.665241191,6.0,Cd6Mo6
-0.664937376,6.0,Cr6Rh6
-0.663849737,8.37771872824006,Mn6Zn6
-0.662429711,12.0,Cd6Mo6
-0.662328757,7.39863622299141,Ir6V6
-0.65867835,6.0,Cr6Ta6
-0.655553802,5.0,Tc6V6
-0.654212826,7.0,Cr6Re6
-0.653871459,7.31861142004594,Ru6Tc6
-0.650947187,7.88373516310524,Pt6Re6
-0.642159951,3.0,Y12
-0.641149048,7.65172473108956,Os6Re6
-0.640974351,6.0,Ir6Mo6
-0.637922867,7.26848237132856,Mo6Ru6
-0.636742573,6.0,Mo6Re6
-0.625380051,3.0,Cu6La6
-0.624778136,7.55952629936924,Hg6Sc6
-0.622831433,8.37771872824006,Mn6Zn6
-0.620399552,5.0,Nb6Tc6
-0.618073115,7.0,Mn6Ru6
-0.614626112,4.0,Hf6W6
-0.614522301,7.86222418262669,Cr6Rh6
-0.605923096,7.61166261102024,Ir6Tc6
-0.602952973,7.0,Pd6Re6
-0.602819093,7.0,Mo6Re6
-0.600892255,6.86828545531999,Hf6Rh6
-0.599930196,7.86222418262669,Rh6W6
-0.595362494,8.37771872824006,Re6Zn6
-0.591697936,6.0,Cr6Pt6
-0.58647716,4.0,Hf6Zr6
-0.580822227,8.1382230443977,Cu6Tc6
-0.579517305,7.61166261102024,Rh6Tc6
-0.578669126,8.43432665301749,Ni6W6
-0.575949348,8.98763734707568,Cr6Cu6
-0.575392603,6.0,Cr6Ru6
-0.574515444,8.0,Fe6Os6
-0.57233105,3.0,La6Pd6
-0.566314749,4.0,Co6Ti6
-0.562751011,7.39863622299141,Ir6Nb6
-0.554093028,8.0,Fe6Ru6
-0.550737049,7.13349248972831,Au6Sc6
-0.549737846,6.0,Cr6Zn6
-0.547926793,7.86222418262669,Mo6Rh6
-0.546689491,7.0,Ni6Re6
-0.546689491,7.0,Ni6Re6
-0.546689491,7.0,Ni6Re6
-0.53736415,8.43432665301749,Mo6Ni6
-0.530276129,7.0,Mn6Zn6
-0.530262931,7.0,Re6Rh6
-0.530009321,7.26848237132856,Mo6Os6
-0.525681623,6.83990378670679,Nb6Os6
-0.523344981,8.0,Ag6Fe6
-0.519659063,7.39863622299141,Ir6Ta6
-0.517528684,7.26848237132856,Os6W6
-0.517179834,8.43432665301749,Mo6Ni6
-0.512142054,6.0,Cr6Re6
-0.510622979,8.98763734707568,Cu6Mo6
-0.508573009,7.0,Pt6Re6
-0.498574186,7.31861142004594,Os6Re6
-0.496411289,7.0,Ag6Re6
-0.493330825,8.0,Fe6Ru6
-0.485609731,7.31861142004594,Os6Tc6
-0.482876483,7.0,Co6Re6
-0.480626782,4.0,Co6Zr6
-0.470708505,4.0,Ir6Ti6
-0.469304941,12.0,Cr6Zn6
-0.467796887,6.83990378670679,Os6Ta6
-0.462541824,7.0,Tc6Zr6
-0.461726299,8.27677252914336,Co6Re6
-0.456301846,5.0,Cr6Ta6
-0.454748076,8.0,Fe6Ru6
-0.452070339,7.88373516310524,Pt6Tc6
-0.446155809,8.89592036227726,Cu6Fe6
-0.433011894,3.0,Ag6Y6
-0.427471929,8.89592036227726,Cu6Fe6
-0.423890366,6.0,Cr6Ir6
-0.418136791,8.0,Fe6Os6
-0.417724539,8.37771872824006,Re6Zn6
-0.415931989,7.65172473108956,Mn6Ru6
-0.415214289,7.61166261102024,Ir6Re6
-0.412472334,7.55952629936924,Hg6Y6
-0.412319269,8.0,Os6Ru6
-0.409537178,7.0,Nb6Re6
-0.408230487,7.0,Re6Tc6
-0.402155137,6.69432950082169,Pd6Sc6
-0.395771347,8.37771872824006,Tc6Zn6
-0.394555814,6.0,Au6Cr6
-0.391911004,6.32455532033676,Nb6Os6
-0.38695445,8.0,Fe6Os6
-0.385641773,5.0,Cr6Nb6
-0.380181265,8.32033529220762,Co6Os6
-0.376089897,8.0,Ru12
-0.367408513,5.0,Nb6Re6
-0.364807785,6.0,Cr6Os6
-0.363146258,8.32033529220762,Co6Ru6
-0.350724533,8.0,Fe6Ru6
-0.339866511,5.0,Hg6V6
-0.334788731,8.32033529220762,Co6Os6
-0.33356449,9.15771394042665,Fe6Zn6
-0.322337618,7.86222418262669,Cr6Ir6
-0.322297073,6.0,Cr6W6
-0.319504232,8.61773876012753,Fe6Ni6
-0.31934042,7.0,Ir6Re6
-0.316422407,9.15771394042665,Fe6Zn6
-0.314245632,8.61773876012753,Ni6Os6
-0.312909962,7.0,Mn6Zr6
-0.310731826,5.47722557505166,Pt6Sc6
-0.298040709,8.32033529220762,Co6Ru6
-0.297319471,7.61166261102024,Ir6Tc6
-0.288224066,3.0,La6Pt6
-0.280935497,7.88373516310524,Pt6Tc6
-0.278413138,7.48331477354788,Mn6Ru6
-0.266433326,7.86222418262669,Ir6Mo6
-0.265324734,7.65172473108956,Ru6Tc6
-0.264507304,7.13349248972831,Au6Y6
-0.263022243,6.0,Hg6Mo6
-0.255349857,4.0,Hf6Ir6
-0.253032128,9.0,Co12
-0.238246006,7.86222418262669,Ir6W6
-0.236594955,8.61773876012753,Ni6Ru6
-0.236594955,8.61773876012753,Ni6Ru6
-0.236594955,8.61773876012753,Ni6Ru6
-0.235809227,8.61773876012753,Ni6Os6
-0.232298414,9.5244063118092,Cr6Zn6
-0.231416493,8.61773876012753,Fe6Ni6
-0.230333752,7.65172473108956,Re6Ru6
-0.22997048,8.89592036227726,Cu6Os6
-0.22659586,4.0,Mn6Zr6
-0.223120967,9.0,Ag6Co6
-0.222994298,8.32033529220762,Os6Rh6
-0.216250092,7.0,Mo6Tc6
-0.212418593,3.0,Cd6Y6
-0.211758309,8.61773876012753,Os6Pd6
-0.21068414,8.61773876012753,Ni6Ru6
-0.21068414,8.61773876012753,Ni6Ru6
-0.21068414,8.61773876012753,Ni6Ru6
-0.204865257,7.0,Cd6Re6
-0.203148899,7.0,Cd6Mn6
-0.20143499,9.0,Co12
-0.198616163,8.65349742184445,Co6Ru6
-0.194579626,3.0,Au6Y6
-0.194360711,8.27677252914336,Co6Re6
-0.192943814,8.37771872824006,Tc6Zn6
-0.192143119,7.0,Re6Y6
-0.18960661,9.0,Co6Y6
-0.187536776,8.0,Fe6Os6
-0.185566672,4.0,Fe6Zr6
-0.180207254,7.0,Pd6Tc6
-0.179967657,8.61773876012753,Os6Pd6
-0.179661257,7.61166261102024,Ir6Mn6
-0.179407511,8.0,Os6Pd6
-0.158555291,7.0,Cr6Tc6
-0.15351207,7.65172473108956,Os6Tc6
-0.140506525,8.32033529220762,Rh6Ru6
-0.134679887,9.15771394042665,Ru6Zn6
-0.129969325,8.0,Os12
-0.129016518,8.0,Os6Ru6
-0.12866794,9.15771394042665,Ru6Zn6
-0.110626385,7.0,Tc12
-0.108250831,7.0,Cu6Tc6
-0.102463922,7.0,Rh6Tc6
-0.099503323,8.89592036227726,Cu6Ru6
-0.098295954,8.32033529220762,Os6Rh6
-0.097794856,9.62260298998748,Co6Cu6
-0.087886783,8.0,Ni6Os6
-0.079620645,8.0,Fe6Zr6
-0.079230978,9.62260298998748,Co6Cu6
-0.073014946,9.32169751786158,Co6Ni6
-0.06315286,8.61773876012753,Pd6Ru6
-0.060518526,8.61773876012753,Pd6Ru6
-0.060372265,4.0,Fe6Hf6
-0.059729124,8.87904001742601,Ni6Re6
-0.059729124,8.87904001742601,Ni6Re6
-0.059729124,8.87904001742601,Ni6Re6
-0.058647335,8.61773876012753,Fe6Pd6
-0.05052324,10.0265958699292,Mn6Zn6
-0.032668627,9.32169751786158,Co6Ni6
-0.017137185,8.65349742184445,Co6Os6
-0.016890106,8.27677252914336,Rh6Tc6
-0.016314449,8.0,Os6Rh6
-0.00939024,7.65172473108956,Os6Re6
-0.0073151,6.32455532033676,Os6Ta6
-0.006902031,6.92820323027551,Cd6Zr6
-0.006540528,7.0,Pt6Tc6
-0.003243053,9.28317766722556,Fe6Ni6
0.002086161,8.0,Pd6Ru6
0.006978087,8.0,Ru6Zn6
0.012383221,8.61773876012753,Fe6Pd6
0.013348953,9.8921748864974,Cu6Fe6
0.013556303,8.32033529220762,Fe6Ir6
0.016171998,7.0,Tc6V6
0.02028527,4.0,Cr6Zr6
0.023804383,8.32033529220762,Rh6Ru6
0.027534519,8.0,Au6Fe6
0.03303394,4.0,Cr6Hf6
0.03303394,4.0,Cr6Hf6
0.03303394,4.0,Cr6Hf6
0.044027747,8.65349742184445,Co6Ru6
0.046446023,8.0,Ru12
0.04790605,9.15771394042665,Os6Zn6
0.050415347,9.0,Co6Sc6
0.050415347,9.0,Co6Sc6
0.050415347,9.0,Co6Sc6
0.051425978,7.0,Tc6Zn6
0.054769577,8.0,Os6Ru6
0.062586591,9.0,Co6Cu6
0.078724574,12.0,Zn12
0.078749881,10.4829655768356,Fe6Zn6
0.081217681,8.0,Fe6Hf6
0.082503011,8.89592036227726,Ag6Ru6
0.090854049,8.32033529220762,Ir6Os6
0.091649437,9.0,Co6Rh6
0.108090147,9.90578174668388,Co6Zn6
0.134473897,8.32033529220762,Fe6Ir6
0.134888054,12.0,Cd6Zn6
0.140297541,8.61773876012753,Os6Pt6
0.148154692,7.0,Ir6Tc6
0.148365036,10.0265958699292,Mn6Zn6
0.149780981,9.90578174668388,Co6Zn6
0.158089161,7.0,Nb6Tc6
0.158300865,7.74596669241483,Ta6Zn6
0.158548625,9.32169751786158,Co6Pd6
0.163127484,9.0,Co6Rh6
0.169962304,8.89592036227726,Cu6Os6
0.170769938,8.61773876012753,Os6Pt6
0.175269884,9.32169751786158,Co6Pd6
0.175677102,8.32033529220762,Ir6Ru6
0.175920508,8.1382230443977,Cu6Mn6
0.180477599,8.89592036227726,Cu6Ru6
0.181381153,9.6548938460563,Co6Ni6
0.183127715,9.6548938460563,Co6Ni6
0.189130275,9.8921748864974,Cu6Fe6
0.1901756,8.32033529220762,Ir6Os6
0.203387543,10.0,Ag6Ni6
0.203592309,10.4829655768356,Fe6Zn6
0.20430688,8.65349742184445,Fe6Ir6
0.204901312,4.0,Tc6Zr6
0.214804895,8.61773876012753,Pt6Ru6
0.215091295,8.65349742184445,Co6Os6
0.21528885,6.69432950082169,Pt6Sc6
0.221765431,10.0265958699292,Tc6Zn6
0.222749123,8.0,Os6Ru6
0.22335825,8.0,Os6Pt6
0.224054181,9.0,Co6Rh6
0.231125875,8.61773876012753,Fe6Pt6
0.235364593,10.3228011545637,Cu6Ni6
0.235717116,7.0,Cu6Mn6
0.236160934,9.28317766722556,Ni6Ru6
0.236160934,9.28317766722556,Ni6Ru6
0.236160934,9.28317766722556,Ni6Ru6
0.24610615,8.27677252914336,Ir6Tc6
0.24683215,8.0,Cr6Os6
0.247652301,9.0,Co6Zn6
0.255223052,10.4829655768356,Cd6Fe6
0.271208516,10.3228011545637,Cu6Ni6
0.274504087,8.0,Ag6Ru6
0.283627519,8.61773876012753,Pt6Ru6
0.28486659,8.32033529220762,Ir6Ru6
0.286972479,8.0,Os12
0.290400977,9.0,Co6Ir6
0.290630233,9.15771394042665,Os6Zn6
0.290742208,8.27677252914336,Ir6Re6
0.292584827,10.4829655768356,Cd6Fe6
0.294694389,8.65349742184445,Fe6Ir6
0.297193347,9.62260298998748,Cu6Ir6
0.307014479,12.0,Zn12
0.307686601,9.4615249029094,Cu6Tc6
0.315182656,9.28317766722556,Ni6Os6
0.317961483,9.0,Co6Rh6
0.323209334,9.32169751786158,Ir6Ni6
0.326952805,12.0,Cd6Zn6
0.327886155,7.0,Mn6W6
0.329454891,4.0,Os6Zr6
0.341442458,3.0,La6Rh6
0.353940647,9.0,Co6Ir6
0.363732119,9.32169751786158,Ni6Rh6
0.363732119,9.32169751786158,Ni6Rh6
0.363732119,9.32169751786158,Ni6Rh6
0.367625252,9.0,Co6Ir6
0.368093424,9.0,Au6Co6
0.374141426,9.32169751786158,Ir6Ni6
0.374171766,9.0,Co6Ir6
0.379307235,9.28317766722556,Ni6Ru6
0.379307235,9.28317766722556,Ni6Ru6
0.379307235,9.28317766722556,Ni6Ru6
0.383054515,9.62260298998748,Cu6Rh6
0.387133365,10.0,Cd6Ni6
0.39931182,7.0,Cd6Tc6
0.400401908,9.8921748864974,Ag6Fe6
0.401485737,9.32169751786158,Ni6Rh6
0.401485737,9.32169751786158,Ni6Rh6
0.401485737,9.32169751786158,Ni6Rh6
0.40542268,9.62260298998748,Ag6Ir6
0.413129352,8.0,Pt6Ru6
0.423933905,10.2882764781018,Co6Cu6
0.425774074,9.32169751786158,Co6Pt6
0.42683491,8.0,Co6Os6
0.435261459,9.16515138991168,Cd6Tc6
0.435814259,8.0,Cu6Os6
0.44058319,4.0,Hf6Os6
0.445160281,8.65349742184445,Rh6Ru6
0.458768149,9.32169751786158,Ir6Pd6
0.461913241,8.61773876012753,Fe6Pt6
0.463873141,9.62260298998748,Cu6Ir6
0.467551984,10.6265856918261,Ni6Zn6
0.468323427,8.0,Os6Zr6
0.481163526,7.0,Cd6Tc6
0.481627753,9.8921748864974,Ag6Fe6
0.481918914,9.6548938460563,Ni6Rh6
0.481918914,9.6548938460563,Ni6Rh6
0.481918914,9.6548938460563,Ni6Rh6
0.482898796,12.0,Cd6Zn6
0.482948457,9.28317766722556,Ni6Os6
0.484000585,9.6548938460563,Ni6Rh6
0.484000585,9.6548938460563,Ni6Rh6
0.484000585,9.6548938460563,Ni6Rh6
0.487777661,7.61166261102024,Mn6Rh6
0.488192499,7.61166261102024,Mn6Rh6
0.495550049,9.8921748864974,Cu6Os6
0.506732431,9.62260298998748,Cu6Rh6
0.507282373,9.0,Ag6Ir6
0.507622788,12.0,Ag6Zn6
0.509700921,4.0,Hf6Re6
0.513194183,10.2882764781018,Co6Cu6
0.515538987,11.0,Cd6Cu6
0.519628858,9.79795897113271,Ru6Zn6
0.522878442,3.0,Cr6La6
0.523464711,9.62260298998748,Ag6Rh6
0.529135428,8.0,Os6Pt6
0.530487289,10.6265856918261,Ni6Zn6
0.563892392,9.0,Ir6Rh6
0.564899757,10.9027235569928,Co6Zn6
0.567441029,8.65349742184445,Os6Rh6
0.568408121,9.32169751786158,Pd6Rh6
0.570579862,9.32169751786158,Ir6Pd6
0.57284725,8.65349742184445,Ir6Ru6
0.582973831,8.0,Hf6Os6
0.59128582,9.0,Co6Zr6
0.592878774,9.6548938460563,Ir6Ni6
0.595410113,9.0,Rh12
0.59586155,9.8921748864974,Cu6Ru6
0.598425407,9.0,Rh12
0.604218574,3.0,Co6Sc6
0.604218574,3.0,Co6Sc6
0.604218574,3.0,Co6Sc6
0.604373815,9.0,Ir6Rh6
0.607068287,8.65349742184445,Rh6Ru6
0.607710611,12.0,Cd6Zn6
0.610801961,9.90578174668388,Cd6Ir6
0.611526872,10.4829655768356,Os6Zn6
0.612177904,9.0,Ag6Rh6
0.619271912,7.0,Au6Re6
0.624480715,9.32169751786158,Co6Pt6
0.626013124,8.0,Cr6Ru6
0.631621118,8.27677252914336,Ir6Mn6
0.633955719,10.9027235569928,Co6Zn6
0.634453551,9.0,Ir6Ni6
0.634917914,10.0,Ni6Pt6
0.63958521,11.2924323465723,Ni6Zn6
0.640969725,11.6569533665029,Cu6Zn6
0.645319601,8.65349742184445,Os6Rh6
0.649255864,9.6548938460563,Ir6Ni6
0.653795403,9.32169751786158,Pd6Rh6
0.653885609,9.0,Cd6Ir6
0.665282008,10.0265958699292,Tc6Zn6
0.66942154,9.28317766722556,Fe6Pd6
0.669621408,10.6560223676661,Cu6Ni6
0.673092356,11.6569533665029,Cu6Zn6
0.683898677,10.0265958699292,Cd6Mn6
0.69379913,9.90578174668388,Ir6Zn6
0.693961855,7.88373516310524,Mn6Ni6
0.696978236,3.0,Co6Y6
0.700454083,7.88373516310524,Mn6Ni6
0.705321383,3.0,La6Ru6
0.706464125,8.0,Cu6Fe6
0.714624275,7.0,Mn6Rh6
0.718569653,9.28317766722556,Pd6Ru6
0.720528056,9.32169751786158,Pt6Rh6
0.721732024,9.90578174668388,Cd6Rh6
0.725065691,9.32169751786158,Ir6Pt6
0.736266713,9.0,Ir6Rh6
0.737789598,10.0,Au6Ni6
0.741982056,9.90578174668388,Rh6Zn6
0.742627918,8.65349742184445,Ir6Ru6
0.750792558,9.0,Ir12
0.755444072,9.0,Cd6Rh6
0.759330129,9.28317766722556,Pd6Ru6
0.764070352,8.27677252914336,Ir6Mn6
0.766308897,9.0,Co6Ti6
0.773987269,9.28317766722556,Fe6Pd6
0.775951931,10.2882764781018,Ag6Co6
0.788571482,8.32033529220762,Fe6Rh6
0.790535328,10.0265958699292,Cd6Mn6
0.792079982,8.32033529220762,Fe6Rh6
0.805631523,8.65349742184445,Ir6Os6
0.805714382,10.2882764781018,Ag6Co6
0.815140814,11.0,Cu12
0.816598255,11.0,Cu6Y6
0.818931768,11.2924323465723,Ni6Zn6
0.826276936,9.0,Ir6Rh6
0.831957449,10.6560223676661,Cu6Ni6
0.833475708,11.323713482402,Cu6Zn6
0.840189165,9.8921748864974,Cu6Ru6
0.844416181,11.0,Ag6Cu6
0.84923314,9.6548938460563,Co6Pd6
0.850222546,8.65349742184445,Ir6Os6
0.859713605,8.77496438739212,Cu6Mn6
0.866565159,9.62260298998748,Au6Rh6
0.867430209,11.323713482402,Cu6Zn6
0.869152281,10.9027235569928,Ir6Zn6
0.871470963,9.6548938460563,Co6Pd6
0.885792995,9.4615249029094,Cu6Mn6
0.889385986,8.0,Os12
0.891677729,9.28317766722556,Pd6Ru6
0.89703878,9.8921748864974,Cu6Os6
0.899058,12.0,Ir6Zn6
0.904440412,12.0,Cd12
0.905952413,11.2924323465723,Cd6Ni6
0.907405909,9.0,Ir12
0.91490006,10.2882764781018,Cu6Rh6
0.918149779,11.2924323465723,Pd6Zn6
0.9193181,10.4829655768356,Os6Zn6
0.926462313,10.9027235569928,Rh6Zn6
0.927200286,11.0,Cu12
0.928770383,10.3923048454133,Rh6Zn6
0.942270358,9.8921748864974,Au6Fe6
0.949104089,10.0,Ni6Pt6
0.96435158,7.0,Ag6Mn6
0.964760975,9.32169751786158,Ir6Pt6
0.976194654,10.2882764781018,Cu6Rh6
0.990014772,9.32169751786158,Pt6Rh6
0.990622266,10.2882764781018,Cu6Ir6
0.993629396,9.0,Rh6Zn6
0.993836339,11.6569533665029,Cd6Cu6
1.001724919,9.0,Ag6Co6
1.011918303,8.0,Au6Fe6
1.013833441,7.0,Au6Tc6
1.023988185,11.2924323465723,Pt6Zn6
1.025209024,12.0,Cd12
1.048183459,8.0,Fe6Rh6
1.049615866,9.28317766722556,Fe6Pt6
1.050546087,10.0,Ni6Pd6
1.053096338,9.0,Hg6Rh6
1.055953261,9.28317766722556,Fe6Pt6
1.065293569,9.28317766722556,Os6Pt6
1.065374795,9.0,Co6Hg6
1.080796439,8.48528137423857,Co6Fe6
1.080803377,9.0,Co6Hg6
1.08215864,10.3923048454133,Ir6Zn6
1.085054476,9.6548938460563,Co6Pt6
1.089159313,9.28317766722556,Pt6Ru6
1.093764024,8.0,Ru12
1.094836288,10.2882764781018,Cu6Ir6
1.111999324,9.28317766722556,Pt6Ru6
1.120118249,9.6548938460563,Pd6Rh6
1.128700447,10.0,Ni6Pt6
1.133460807,11.0,Cu6Pd6
1.137232577,10.0,Ni6Pt6
1.144619923,9.6548938460563,Ir6Pd6
1.145140749,9.6548938460563,Pd6Rh6
1.147464873,9.6548938460563,Co6Pt6
1.149198374,8.36660026534076,Mn6Ni6
1.151625494,9.6548938460563,Pt6Rh6
1.151707128,9.6548938460563,Ir6Pd6
1.170693735,10.6560223676661,Cu6Pt6
1.174589589,8.32033529220762,Co6Fe6
1.185794693,10.3923048454133,Ir6Zn6
1.187708877,10.3923048454133,Ir6Zn6
1.199995225,8.0,Fe6Ir6
1.204840892,9.6548938460563,Ir6Pt6
1.212680492,10.2882764781018,Ag6Ir6
1.212888115,9.0,Co6Pd6
1.214890465,10.6560223676661,Ag6Ni6
1.21518911,10.3228011545637,Cu6Pt6
1.235581049,10.9027235569928,Cd6Rh6
1.246558937,11.6569533665029,Ag6Cd6
1.253113887,12.0,Cd6Hg6
1.267181493,10.3228011545637,Ag6Pt6
1.272994797,10.0,Pd6Pt6
1.273132622,10.3228011545637,Cu6Pt6
1.285948912,9.0,Co6Rh6
1.289035091,10.2882764781018,Au6Co6
1.291708746,8.65349742184445,Fe6Rh6
1.319028159,8.0,Fe6Pt6
1.320820709,9.6548938460563,Pt6Rh6
1.327002455,9.0,Au6Co6
1.327520423,10.0,Pd6Pt6
1.332403778,9.0,Co12
1.338576953,10.3228011545637,Ag6Pt6
1.345236803,10.2882764781018,Ag6Rh6
1.347396707,10.9027235569928,Cd6Ir6
1.357766285,9.0,Au6Co6
1.358237858,9.0,Co6Ir6
1.359148895,10.0,Pd12
1.365880039,11.0,Au6Cu6
1.391305676,10.3228011545637,Cu6Pd6
1.408094692,7.93725393319377,Mn6Rh6
1.417018665,10.0,Pt12
1.417697589,10.3923048454133,Cd6Rh6
1.421541197,10.0,Pd6Pt6
1.4217012,11.2924323465723,Cd6Pt6
1.423577697,9.0,Fe6Ir6
1.437884218,11.6569533665029,Au6Cd6
1.448100868,9.0,Ir6Pt6
1.452903405,9.6548938460563,Ir6Pt6
1.456231902,8.48528137423857,Fe6Rh6
1.460941784,11.6569533665029,Au6Cd6
1.463114069,11.0,Au6Cu6
1.471312042,11.2924323465723,Cd6Pd6
1.478088085,10.6265856918261,Pt6Zn6
1.483095796,11.6569533665029,Cu6Hg6
1.487436148,10.6265856918261,Pd6Zn6
1.499089559,10.0,Pd12
1.49989039,9.0,Co6Pt6
1.500481694,10.6560223676661,Cu6Pt6
1.516266065,11.0,Ag6Cu6
1.549536608,10.2882764781018,Ag6Rh6
1.573821407,10.6560223676661,Au6Ni6
1.575832873,10.3228011545637,Ag6Pd6
1.581738015,10.3228011545637,Ag6Pd6
1.581751213,9.0,Au6Ir6
1.583280901,11.323713482402,Au6Zn6
1.610636505,9.0,Ir12
1.6233415,10.0,Cu6Pd6
1.637444072,10.3923048454133,Cd6Rh6
1.639051312,11.0,Ag6Cu6
1.649216261,8.0,Au6Ru6
1.649569737,8.0,Au6Ru6
1.652553737,9.0,Co6Os6
1.652899457,10.6265856918261,Cd6Pt6
1.660256055,10.6265856918261,Pt6Zn6
1.662506845,10.0,Pd6Pt6
1.678456389,10.3228011545637,Au6Pt6
1.684438676,10.0,Ag6Pd6
1.685431483,10.6265856918261,Cd6Pt6
1.688520519,11.323713482402,Au6Cd6
1.696638083,11.323713482402,Au6Cd6
1.698876492,11.6569533665029,Cu6Hg6
1.744658965,10.6265856918261,Cd6Pd6
1.755822979,10.6265856918261,Cd6Pd6
1.774545364,10.3228011545637,Au6Pt6
1.803689572,10.0,Pt12
1.81037677,9.0,Rh12
1.81761391,10.2882764781018,Au6Rh6
1.829835086,11.2924323465723,Cd6Pt6
1.845480135,10.6560223676661,Ag6Pt6
1.849050133,9.0,Rh6Zn6
1.860989944,10.9027235569928,Hg6Rh6
1.866344328,10.2882764781018,Au6Rh6
1.870309979,10.3228011545637,Au6Pd6
1.879304702,11.0,Ag6Y6
1.922733798,11.0,Au6Cu6
1.9439165,10.0,Pt6Ru6
1.94565177,7.88373516310524,Mn6Pt6
1.956787485,10.6560223676661,Ag6Pd6
1.961799686,11.0,Ag12
2.002607237,11.2924323465723,Hg6Pt6
2.020223343,10.3228011545637,Au6Pd6
2.050680501,11.0,Ag12
2.051169353,11.0,Au6Y6
2.05663408,10.0,Fe6Pd6
2.075916746,11.0,Au6Cu6
2.078359785,10.6560223676661,Ag6Pt6
2.103357386,10.6560223676661,Ag6Pd6
2.106341659,10.6560223676661,Au6Pt6
2.131035173,7.0,Mn6Pd6
2.171728301,11.0,Ag6Au6
2.174596653,11.6569533665029,Au6Hg6
2.188560991,10.0,Pd6Pt6
2.198265115,10.6560223676661,Au6Pd6
2.226565498,11.2924323465723,Hg6Pd6
2.272741312,11.0,Ag6Au6
2.289911967,10.0,Hg6Pd6
2.299471326,7.88373516310524,Mn6Pd6
2.310644049,10.0,Ag6Pt6
2.339808257,11.0,Ag6Au6
2.415031951,11.0,Au12
2.422497122,10.6560223676661,Au6Pt6
2.426776929,10.6560223676661,Au6Pd6
2.431486947,11.0,Ag6Au6
2.455077584,11.2924323465723,Hg6Pd6
2.529101256,10.0,Pt12
2.557730625,10.3923048454133,Hg6Rh6
2.560818709,11.0,Cu12
2.619231618,11.0,Au12
2.650838321,10.0,Pd12
2.66695712,10.0,Ag6Pd6
2.686780205,11.0,Cu6Pd6
2.842403878,10.0,Cu6Pd6
2.863008882,12.0,Rh6Zn6
3.426808483,11.0,Ag12
3.530969579,11.0,Ag6Cu6
3.657370267,12.0,Co6Hg6
3.705461217,11.0,Au12
