Adsorption Energy, d-Band Center and Width, Surface
-2.308307951,-0.13284021950000002,Cr6Mn6
-2.288006218,0.14102628750000012,Cr6Mn6
-2.234331763,0.4047248940000001,Cr6Mn6
-2.205675727,-0.42188263300000006,Cr6Mn6
-2.155592903,0.005738377500000169,Cr6Mn6
-1.663228219,-0.4217375004999999,Cr6Mn6
-1.602611732,0.405031068,Cr6Mn6
-1.350000428,1.4260508445000002,Nb6W6
-1.034150276,1.6347862775,Hf6Ti6
-1.025804409,2.330584145,Os6Y6
-1.02435513,1.2878633215,Ti6Zr6
-1.019672595,2.8945189995000002,Ta12
-1.012364978,1.947740972,Hf6V6
-1.01043746,1.1805529885,Ti12
-1.010037861,1.9031095664999997,Ta6Ti6
-1.009977451,1.8536031915,Re6Zr6
-1.003077461,1.3709278875000002,Sc12
-1.001750906,1.9972525104999999,Sc6Ta6
-0.999504198,1.5067048975,Hf6Zr6
-0.996874898,1.8331257905,Hf12
-0.99566059,1.14146098,V12
-0.995218133,2.26501973,Hf6Re6
-0.992339168,1.2908155085,Zr12
-0.992279712,1.6644397905,Hf6Sc6
-0.990286206,1.8334240135,Hf12
-0.990126339,2.0970424905,Ta6Zr6
-0.989298568,2.2576727295,Hf6Ta6
-0.989087,1.2488817254999998,Mo12
-0.988705904,2.072885155,Os6Sc6
-0.987603707,1.4958779075000002,Sc6Y6
-0.98659539,1.405520138,Sc6Ti6
-0.985095634,2.1190477915,Cr6Hf6
-0.985095634,2.1190477915,Cr6Hf6
-0.985095634,2.1190477915,Cr6Hf6
-0.98445467,1.8552720944999999,Os6Zr6
-0.984265279,1.132392383,Os6Zr6
-0.981890133,1.6794798389999999,Hf6Sc6
-0.981801424,1.6644007379999999,Hf6Sc6
-0.979383012,1.6328603585,Hf6Y6
-0.976652078,1.3173320175,V6Zr6
-0.975953562,1.5689675275,Hf6Zr6
-0.975464165,1.9739822665000002,Ta6Ti6
-0.972873505,1.2348641295,Sc6W6
-0.972541526,2.1828964650000002,Nb6Ta6
-0.971857976,1.3486497325000002,Sc6Zr6
-0.971051567,2.1115482725,Ta6Y6
-0.970131958,1.470927386,Y12
-0.967033398,1.6794942654999998,Hf6Sc6
-0.96690496,1.5503064764999999,V6Zr6
-0.966593934,1.2421994595,Sc6Ti6
-0.963137408,1.5585622199999998,Ti6Y6
-0.962320794,1.6346775355,Hf6Ti6
-0.961195059,1.496040994,Sc6Y6
-0.960070685,2.2914016205000003,Hf6Os6
-0.959918845,1.1861777105,Ti6V6
-0.959748774,2.4411950520000003,Hf6Ta6
-0.959663194,1.19919001,Nb6Ti6
-0.959658569,1.6867319630000002,Cr6Zr6
-0.958903725,1.7497884765,Hf6Y6
-0.956476197,1.180560866,Ti12
-0.954071935,1.141165849,V12
-0.953797236,1.4054758205,Sc6Ti6
-0.953376004,1.3706565035,Sc12
-0.952307277,2.130338046,Nb6Ta6
-0.951701144,2.894891372,Ta12
-0.950013085,1.5486109455000001,Y6Zr6
-0.94854612,1.815533097,La6Os6
-0.946481048,1.494193284,Hf6Ti6
-0.946379821,1.5689387549999998,Hf6Zr6
-0.945818995,1.4312020565,Sc6Zr6
-0.943913246,1.431274257,Sc6Zr6
-0.943553103,1.2686081495000003,Nb12
-0.942171445,1.205789824,Nb6Sc6
-0.942132805,1.8586849305,Os6Y6
-0.941223808,1.5522054675,Cr6Ti6
-0.940494271,1.4242310645000003,Hf6Nb6
-0.939730448,1.1855470550000002,Cr6Ti6
-0.938004021,1.4941739330000001,Hf6Ti6
-0.937619388,1.311770787,Nb6Zr6
-0.937389452,1.6089455945000002,Re6Ti6
-0.937078698,1.3209507944999999,Nb6Ti6
-0.937010398,1.2422134109999998,Sc6Ti6
-0.935203834,2.4411968135000004,Hf6Ta6
-0.933219172,1.3936119489999998,Sc6Y6
-0.933073047,1.3483830035,Sc6Zr6
-0.932389088,1.3345000644999998,W6Y6
-0.932111668,0.9932755839999998,W6Y6
-0.9296255,1.332863257,Ti6Y6
-0.927591857,1.318273759,Ti6V6
-0.927178653,1.3806029375,Y6Zr6
-0.92607836,1.243985831,Ti6W6
-0.92541209,2.181337538,Ta6Zr6
-0.923496408,1.7498536455,Hf6Y6
-0.92295531,2.2196083759999996,Sc6Ta6
-0.921003709,1.9032453585,Ta6Ti6
-0.920146687,1.9739127279999997,Ta6Ti6
-0.918787342,1.2854228404999999,Nb6V6
-0.918433322,1.3701391129999998,W6Zr6
-0.917184183,1.3354844315,Nb6Y6
-0.915210134,1.2363351015,Sc6V6
-0.913903987,1.997751821,Sc6Ta6
-0.913591464,2.2392583134999997,Ta6W6
-0.913387787,1.6328253339999999,Hf6Y6
-0.912795531,1.4651870704999999,Os6Ti6
-0.912607093,0.7858891160000001,Os6Ti6
-0.911505304,1.2321945159999999,Ti6Zr6
-0.910451815,1.5067283210000002,Hf6Zr6
-0.90919288,0.7266304765000001,Cr6Sc6
-0.908698586,1.656898151,Tc6Zr6
-0.907914489,0.9611985065,Sc6V6
-0.90718917,1.1425108105000001,Tc6Zr6
-0.906448748,2.3251285025,Cr6Ta6
-0.90637555,2.2595617470000002,Ta6V6
-0.905587372,1.2321818864999998,Ti6Zr6
-0.905067498,1.3804909264999998,Y6Zr6
-0.903726794,2.2576325895,Hf6Ta6
-0.903549375,1.3365840125,Nb6W6
-0.903475633,1.8882167234999998,Ta6Y6
-0.903139572,1.6711930439999998,Hf6Nb6
-0.902642692,1.4706320019999999,Y12
-0.902072614,1.344796944,V6W6
-0.901478045,1.6142500885,Hf6V6
-0.900437073,1.437836745,Cu6Hf6
-0.900235029,1.1863932515,Ti6V6
-0.897556068,0.9932755839999998,W6Y6
-0.897437562,1.5157707069999997,Hf6La6
-0.897293614,1.4292453315,La6Ti6
-0.896784217,1.4489682014999998,Hf6La6
-0.893312589,1.3178276594999998,Ti6V6
-0.893045237,1.287654866,Ti6Zr6
-0.892379646,1.5485601195000003,Y6Zr6
-0.890908463,2.097073415,Ta6Zr6
-0.889846403,2.427108895,Ta6W6
-0.889286528,1.2905843575000002,Zr12
-0.888731552,1.514643895,Hf6W6
-0.8877548,1.3209829025,Nb6Ti6
-0.88748255,0.4022107905000001,Os6Sc6
-0.886857232,2.219116885,Sc6Ta6
-0.886516818,1.6286286545,La6Ta6
-0.883223832,1.4749839599999999,Nb6Re6
-0.882561779,1.9994488475,Hf6Tc6
-0.882279733,1.2701577485,Ru6Y6
-0.882277692,1.2661121745,Nb6V6
-0.882235243,1.6713135515000002,Hf6Nb6
-0.882166534,2.1829184155,Nb6Ta6
-0.882114424,1.479800617,Ti6W6
-0.880877531,2.147686599,Ru6Y6
-0.880356841,1.015080951,Mo6Sc6
-0.880356841,1.015080951,Mo6Sc6
-0.880356841,1.015080951,Mo6Sc6
-0.879774517,1.3445024605,La6Zr6
-0.879511383,1.5265849795,W12
-0.87913505,1.2479871995,La6Zr6
-0.878866745,1.0363588935,Cr6V6
-0.878578305,1.0170385845,Cr12
-0.877677744,1.5584673575,Ti6Y6
-0.877451345,1.0169743145,Cr12
-0.877374473,1.4581453695,Nb6Zr6
-0.877052018,1.3537606465,Cr6Nb6
-0.874400269,2.4271084745,Ta6W6
-0.873487191,1.2683819674999999,Nb12
-0.873371679,1.2855208215,Nb6V6
-0.872307033,1.4541794995,Nb6Sc6
-0.872222406,1.7236455199999998,La6Mo6
-0.87168743,1.735253469,Mo6Zr6
-0.870364004,1.3501075815,Mo6Zr6
-0.869518547,2.0558832115,Hf6Mo6
-0.868031989,2.4567861085000002,Re6Ta6
-0.867350071,2.181356898,Ta6Zr6
-0.86722694,1.2350642390000002,Sc6W6
-0.866000931,1.6209574924999997,Tc6Y6
-0.865465411,1.1941873255,Mo6V6
-0.863439932,1.527052425,W12
-0.862350524,1.0331612264999999,Mo6Ti6
-0.862257461,1.6286286545,La6Ta6
-0.86205841,1.9476772154999997,Cr6Ti6
-0.861169278,1.4798752385,Ti6W6
-0.860625594,1.333750003,Mo6Ti6
-0.859307339,1.5383974215,Sc6V6
-0.859018082,0.8311584755000001,La6Mo6
-0.858848691,0.828500632,Cr6Ti6
-0.858490181,1.33555462,Nb6Y6
-0.857171789,1.6286286545,La6Ta6
-0.856917635,0.9611985065,Sc6V6
-0.856675998,1.3328509865,Ti6Y6
-0.856283338,1.0379518314999998,La6W6
-0.854621266,2.3545271380000004,Ta6Y6
-0.854151054,1.2206745245,V6W6
-0.853766285,1.8503751085000002,Hf6W6
-0.852662591,1.1547367775,Cr6V6
-0.851386377,2.379233576,Cd6Ta6
-0.851336308,1.128798826,Mo6Nb6
-0.850539559,2.10136745,Ta6V6
-0.85028935,0.671164332,La6Re6
-0.850113292,0.09665529149999996,Fe6Hf6
-0.849589473,1.732629631,Cd6Hf6
-0.848195706,0.3932409875,Ir6La6
-0.846777041,1.3849151745000001,La6Y6
-0.844618362,1.1050424665,La6Nb6
-0.843988282,1.0379518314999998,La6W6
-0.843196295,1.1990239735000001,Nb6Ti6
-0.842482132,2.0558350864999997,Hf6Mo6
-0.842089063,1.3448869724999999,V6W6
-0.841050949,2.1302521825,Nb6Ta6
-0.840314337,0.5562599605,Sc6Tc6
-0.840083584,1.3766696285000002,La6Sc6
-0.839880043,1.6263392165000001,Ru6Zr6
-0.839600446,1.1050424665,La6Nb6
-0.839274862,1.4541505620000001,Nb6Sc6
-0.839167513,1.2052429795,Nb6Sc6
-0.839070505,1.3941306224999999,Sc6Y6
-0.838457568,1.479093458,Mn6Ta6
-0.834921449,0.7330119694999999,Mo6Y6
-0.832894473,1.1495840055,Hf6V6
-0.831582612,1.3336449690000003,Mo6Ti6
-0.831015935,1.1508289665,Mo6Y6
-0.829805845,0.9449823755000001,Cr6Hf6
-0.829805845,0.9449823755000001,Cr6Hf6
-0.829805845,0.9449823755000001,Cr6Hf6
-0.828577387,1.4241309679999998,Hf6Nb6
-0.828113977,1.176274763,Hf6Pd6
-0.828095745,1.3684187145,Tc6Ti6
-0.828079282,1.3443068875,La6Zr6
-0.827840911,1.8538837594999997,Sc6Tc6
-0.826637759,1.3119345584999997,Nb6Zr6
-0.825813663,1.154742116,Cr6V6
-0.825671347,1.8760811635000003,Ru6Sc6
-0.824627927,1.579691562,Hf6La6
-0.823802197,1.1050424665,La6Nb6
-0.823455796,1.5146571815,Hf6W6
-0.823118103,2.288221576,Ta6Zn6
-0.823058782,1.22079337,V6W6
-0.823022455,1.0363420615,Cr6V6
-0.821631409,1.2441203985,Ti6W6
-0.821534673,1.579691562,Hf6La6
-0.820911804,1.6341587475,Hf6Sc6
-0.820766223,1.0880779595,Sc6Ti6
-0.818570536,1.5452013585000002,Cd6W6
-0.814777134,1.3699755715000002,W6Zr6
-0.813385135,1.4580862260000003,Nb6Zr6
-0.813258466,1.5381585459999998,Sc6V6
-0.811387547,1.2727340875000002,Mo6Nb6
-0.811296389,1.591617249,La6Ru6
-0.810493654,1.2661294575,Nb6V6
-0.810290929,2.239238601,Ta6W6
-0.809907112,1.4263298335,Nb6W6
-0.80921431,2.3792984365,Mo6Ta6
-0.808861243,1.1941051435000003,Mo6V6
-0.808410486,1.8503524005,Hf6W6
-0.80731033,1.5157063140000002,Hf6La6
-0.806221602,0.8472960405,Cr6Zr6
-0.805068656,2.0543421435000004,Hf6Ru6
-0.8045896,1.5934436330000001,Sc6W6
-0.804308914,2.354585579,Ta6Y6
-0.80261691,1.0351146290000002,V6Zr6
-0.802574869,2.1112840295,Ta6Y6
-0.802408607,1.515629334,Re6W6
-0.802010777,1.2775248015,Ag6Y6
-0.801872135,1.1126454855,La6Ti6
-0.801564782,1.2607308229999998,Co6Sc6
-0.801564782,1.2607308229999998,Co6Sc6
-0.801564782,1.2607308229999998,Co6Sc6
-0.800465306,-0.05910358300000018,Cu6Zr6
-0.800375917,1.243122787,Re6V6
-0.800164212,1.2476463629999999,Nb6Tc6
-0.799880534,1.4326402545,La6Zr6
-0.79881031,1.0016278525,Mo6V6
-0.797759406,-0.28657434700000006,Fe6Y6
-0.797706072,-0.9433866709999998,Ti6Zn6
-0.797569062,1.3365684185,Nb6W6
-0.797366066,1.015695331,Mo6Sc6
-0.797366066,1.015695331,Mo6Sc6
-0.797366066,1.015695331,Mo6Sc6
-0.796350129,1.5907178799999997,W6Zr6
-0.796087539,1.6397178014999998,Nb6Y6
-0.789961848,1.3579163435,La6Y6
-0.789149588,1.4473234575,Cd6Zr6
-0.788627266,-7.8058566865,Cd6Zr6
-0.788540189,1.7583507555,Ag6Hf6
-0.787843034,-3.7731610735,Ag6Hf6
-0.787398264,1.3850708975,La6Y6
-0.786631855,1.0760315315,Hf6Mo6
-0.78648573,1.573420875,Hf6Mo6
-0.784445556,1.893876731,Ta6V6
-0.783710849,1.2729777265000002,Mo6Nb6
-0.783401319,1.5904162745000001,W6Zr6
-0.7821598,1.9878745215,Cr6Ta6
-0.780744944,0.441457204,Ru6Y6
-0.780096769,1.2182064449999999,Y6Zr6
-0.77957295,1.3447348925,La6Sc6
-0.779357708,0.9624574284999998,Hf6Re6
-0.778274014,1.0271893245,Cr6Mo6
-0.778052514,-0.09502535550000002,Fe6Zr6
-0.776159282,0.969391004,Ag6Sc6
-0.775222258,0.5214117209999999,Ir6Sc6
-0.77505069,1.5416328545,Au6Hf6
-0.7747315,1.2492527515,Mo12
-0.774350541,1.09853985,Cd6Ti6
-0.773181948,2.0591372359999998,Ta6W6
-0.773127525,2.1780025385,Ta6Tc6
-0.770378631,1.5274230580000001,W6Zn6
-0.76972583,1.2406102235,Ru6Ti6
-0.769570453,1.5932391970000002,Sc6W6
-0.76906092,0.8198653065000001,Re6Zr6
-0.768699145,1.5865793615000001,Cr6Ta6
-0.767018298,1.308740843,Mo6Re6
-0.766593256,1.2656035204999998,Mo6W6
-0.765718818,0.9823181655,Mo6Zr6
-0.764454713,2.1542790075,Mo6Zr6
-0.764267499,1.325831234,Co6Y6
-0.764157565,0.660258792,Hf6Ni6
-0.762607877,0.7030737595,Ir6Y6
-0.762381614,2.0844777415,Mo6Ta6
-0.762329504,1.515315559,Re6W6
-0.762216713,1.358040215,La6Y6
-0.762061472,0.6227953770000001,Mn6Nb6
-0.761705547,0.2350733359999999,Ru6Sc6
-0.761360779,1.3764140884999998,La6Sc6
-0.760405659,-1.0209734620000002,Hf6Zn6
-0.760068782,-1.0210048815000001,Hf6Zn6
-0.759627278,0.8311584755000001,La6Mo6
-0.759495166,1.033212489,Mo6Ti6
-0.759210399,0.8158644890000001,Cr6La6
-0.758458957,1.7353485965,W6Y6
-0.75827011,-0.049889344500000155,Cu6Ti6
-0.7573105,-6.5227763365,Ti6Zn6
-0.757140157,1.2725355045,Sc6Zr6
-0.755886257,0.5609553225,Co6V6
-0.755374274,0.8013784495,Mn6Zr6
-0.754731405,2.3277185014999997,Hg6Ta6
-0.754445142,2.299744706,Cu6Ta6
-0.753490974,1.2331387969999998,Mo6W6
-0.753370292,0.8693200274999999,Ni6Ta6
-0.753027292,0.9436604144999999,Cr6Nb6
-0.752721573,-0.7186411549999998,Nb6Zn6
-0.752681164,-8.224303693000001,Cd6Sc6
-0.752395036,1.002122269,Mo6V6
-0.750986303,2.3301059905000003,Ag6Ta6
-0.750733645,1.0374759755,Cu6Ta6
-0.749997441,-1.06640099,Zn6Zr6
-0.748612109,1.4501056329999997,Mo6Sc6
-0.748612109,1.4501056329999997,Mo6Sc6
-0.748612109,1.4501056329999997,Mo6Sc6
-0.748525169,1.035486515,V6W6
-0.746658468,1.3092695119999997,Re6W6
-0.746579419,1.702548061,Hf6Hg6
-0.746565813,1.300030773,Cu6W6
-0.746513023,0.9412323140000001,Cr6Mo6
-0.746343224,1.233087247,Mo6W6
-0.746217372,1.290244032,La6Rh6
-0.745925393,1.2614366635,Hf6Ti6
-0.745167692,0.7653206404999999,Hf6Tc6
-0.743892431,1.0615818835000002,Cd6Sc6
-0.743453103,1.0271489249999999,Cr6Mo6
-0.742800574,1.1053478629999998,Re6Ti6
-0.742286143,1.1289717235,Mo6Nb6
-0.74220274,1.3092755080000003,Re6W6
-0.742009131,1.8336781759999998,Hf12
-0.74101129,1.2657390855,Mo6W6
-0.740848974,0.9872913689999998,Re6Sc6
-0.739253298,1.1180075795,Hf6Pt6
-0.73921561,-1.9678044140000002,Hf6Pt6
-0.738776963,2.2512993405,Tc6Zr6
-0.738707302,0.6703877449999999,Tc6Zr6
-0.73771463,1.6398062675,Nb6Y6
-0.735502209,0.33065537849999993,Ir6Nb6
-0.735187645,1.6162209029999999,La6Tc6
-0.735157849,-0.9434294800000003,Ti6Zn6
-0.734806278,1.6279055109999998,Hf6Zr6
-0.734541103,-0.18561856300000001,Ir6Nb6
-0.734239601,1.4459714505,Hf6Zn6
-0.734204362,2.3803653584999998,Ta6V6
-0.732703382,1.0284466045,Pd6Zr6
-0.732681069,1.4909631995,Cd6Nb6
-0.732357253,1.3646595015,Nb6Zn6
-0.732194393,1.2369000044999998,Cr6W6
-0.732194257,-7.6728247965000005,Cd6Nb6
-0.731883503,1.3088281480000001,La6Tc6
-0.731622682,2.228809476,Hf6W6
-0.731589212,1.405921009,Cd6Y6
-0.731427984,0.5625941255000001,Fe6Ta6
-0.731337779,1.2948172845,La6Ti6
-0.729951087,1.2994462765,Nb6Rh6
-0.727723835,1.9080313160000002,La6Ta6
-0.725657266,1.1708864900000002,Mo6Re6
-0.723656957,1.4747923330000001,Ag6Zr6
-0.723307155,-3.7008088445,Ag6Zr6
-0.722673946,1.450539597,Ag6W6
-0.72132535,1.4432179425,La6Nb6
-0.718384752,1.4496563599999999,Mo6Sc6
-0.718384752,1.4496563599999999,Mo6Sc6
-0.718384752,1.4496563599999999,Mo6Sc6
-0.716254509,2.2345930259999998,Au6Ta6
-0.715812324,0.9848993155000001,Tc6V6
-0.71537735,1.093510623,Mo6Tc6
-0.715174081,0.03289095349999993,Nb6Ni6
-0.713258127,-1.167872404,Sc6Zn6
-0.712950366,1.3594480759999998,La6Nb6
-0.712609816,0.5180315425,Ni6Zr6
-0.71142544,2.138780134,Ta6Zr6
-0.709968135,0.9410839209999999,Cr6Mo6
-0.708506339,1.0768235855,Cu6Sc6
-0.707433938,1.3086215985,Mo6Re6
-0.706487118,1.3452208925,La6Sc6
-0.705103964,0.878925623,Tc6Ti6
-0.704627493,0.671164332,La6Re6
-0.704130749,1.3822349545000001,Cu6Y6
-0.701146748,1.2089703895,Sc6Zn6
-0.700101831,0.5182629919999999,Co6Hf6
-0.699929311,1.2503594810000003,Co6Hf6
-0.69954495,1.273299963,La6Sc6
-0.699540324,1.1711109395,Mo6Re6
-0.698938953,-0.3104329204999998,Ag6Zr6
-0.698376493,0.933855007,Co6Zr6
-0.698105468,1.5383097989999999,Hf6Zr6
-0.697198377,-0.312942276,Cu6Sc6
-0.696251965,1.337121872,Au6Y6
-0.696188154,0.7519342929999999,Co6W6
-0.695944068,1.3890811865000001,Sc6Zr6
-0.694683909,0.5430276955,Re6Sc6
-0.694265534,1.2112190125,V6Zn6
-0.693316401,0.12862150699999986,Cu6Nb6
-0.693090682,1.2048637165,Zn6Zr6
-0.693021429,-1.5011246450000002,Cu6Sc6
-0.692298695,0.7518326204999999,Co6W6
-0.690505192,-0.7115679724999999,V6Zn6
-0.690483015,1.1110810285,Ag6Ti6
-0.689697014,2.180630502,Rh6Ta6
-0.687573846,1.2786358830000002,La12
-0.687288943,1.393383016,Au6Zr6
-0.686865126,1.193375937,Pd6Ta6
-0.68678009,2.18874428,Hf6V6
-0.686154092,-3.8787193915000002,Ag6Ti6
-0.684479776,0.09279756900000002,Ir6V6
-0.683182201,1.9247740600000003,Hf6Nb6
-0.683125057,1.450868045,Hg6Zr6
-0.68179823,0.5610237029999999,Co6V6
-0.681314139,1.346840603,Ru6W6
-0.680210446,1.093320192,Mo6Tc6
-0.679200359,1.19096702,Cr6W6
-0.679198046,1.5425154925,Re6Sc6
-0.678222654,-0.4177935964999999,Co6Sc6
-0.678222654,-0.4177935964999999,Co6Sc6
-0.678222654,-0.4177935964999999,Co6Sc6
-0.678031086,2.296803754,Pd6Ta6
-0.67713175,0.9119562825,Rh6V6
-0.676703034,0.9361090814999999,Mo6Tc6
-0.676193093,0.9246425559999998,Os6V6
-0.6743834,1.23841242,Cd6V6
-0.673108683,1.23841242,Cd6V6
-0.672301321,1.3958076925,Hg6Y6
-0.672236966,1.893386172,Rh6Y6
-0.671628928,1.2784965505,La12
-0.670360333,0.66402692,Co6Ti6
-0.66852234,1.289033959,Mo6W6
-0.665759976,0.8604532774999999,Co6La6
-0.665646097,1.0918570845,Mo6Ru6
-0.664876695,-7.9890317809999996,Cd6V6
-0.664383897,1.5796739165,Hf6La6
-0.664167294,0.9360849824999999,Mo6Tc6
-0.663808784,-0.3174424559999999,Cr6Fe6
-0.66269924,1.091665824,Hg6Ti6
-0.662635157,1.4249359940000002,Mo6Nb6
-0.66188766,0.4402369315000001,Mn6W6
-0.661591328,1.1131913755,Cd6Re6
-0.661540035,0.033152992500000034,Nb6Ni6
-0.66053022,-6.5139409665,Hg6Sc6
-0.659958237,1.2674174735000001,Nb6Os6
-0.659828031,0.05231231749999998,Cu6V6
-0.659415914,1.34257798,Ag6Nb6
-0.658091536,1.2327355899999999,Au6W6
-0.657020904,1.009637802,Pd6W6
-0.656967162,-2.7789687460000003,Au6W6
-0.656673551,0.8691130515,Ni6Ta6
-0.655979116,-0.15023079650000004,Cu6Y6
-0.654862225,1.142393673,Cu6Ti6
-0.65310573,1.0900940854999999,Hg6Sc6
-0.652150883,-0.31765986150000003,Cr6Fe6
-0.652046799,1.24652278,Cd6Mo6
-0.65169863,1.3178037615000002,Ir6Ta6
-0.651204607,0.8123142219999999,Cr6Mo6
-0.65083426,0.07410094899999997,Mn6Mo6
-0.648078291,1.4803757485000002,Y6Zn6
-0.64674126,-0.41230468899999995,Co6Y6
-0.645906279,-1.2790985849999998,Y6Zn6
-0.644497001,1.4286355715,Hg6Nb6
-0.644105837,1.2049152389999997,Mo6Os6
-0.643171534,-0.12284844300000008,Ni6W6
-0.642141584,1.3468279344999998,Ru6W6
-0.641831646,0.005689829000000035,Co6V6
-0.641232043,1.4549337495,Os6W6
-0.641158028,2.624392203,Cr6Ta6
-0.640233657,1.2203100705,Pt6Ta6
-0.639022343,2.1806263455000003,Rh6Ta6
-0.638534034,1.014848397,Mo6Rh6
-0.637616739,0.16184770300000006,Cu6Mo6
-0.637409932,0.2013892774999999,Nb6Pd6
-0.637119042,-0.53595477,Cr6Fe6
-0.636446105,0.23101902549999997,Mn6Mo6
-0.63549738,1.251875208,Cu6Nb6
-0.635279145,-1.7321457400000002,Cu6Re6
-0.634975602,1.006851361,Cu6Re6
-0.634006876,0.922394929,Cr6Re6
-0.633305231,-0.3447959614999999,Fe6Hf6
-0.632821821,1.618665857,Mo6Y6
-0.632565898,0.4821035774999999,Mn6Ta6
-0.632293103,0.048542895500000016,Cr6Cu6
-0.630499465,-0.2209605094999999,Ni6Zr6
-0.630405586,1.0394892845,Cr6Zn6
-0.630291162,-0.408263104,Ag6V6
-0.629885712,1.2002456494999998,Mo6Nb6
-0.629867345,-0.049914835499999866,Cu6Ti6
-0.629777547,1.0118746779999999,Re6Zn6
-0.629076446,-6.179169057499999,Re6Zn6
-0.628619703,1.0819878434999999,Nb6Ru6
-0.628281465,1.079935912,Ag6V6
-0.628107721,-3.3447696474999997,Au6Ti6
-0.626117752,1.4549299400000002,Os6W6
-0.625478148,1.4327854970000002,La6Zr6
-0.62465582,1.062590995,Au6Ti6
-0.62409962,1.2579222045,Rh6W6
-0.623571855,-0.601645192,Fe6Y6
-0.623357837,1.0183700084999998,Au6Sc6
-0.622612654,1.079935912,Ag6V6
-0.622302988,1.1605868325,Au6Nb6
-0.622237,-3.0173916524999997,Au6Nb6
-0.621889647,0.9063574119999999,Pt6Zr6
-0.621795904,0.30056489100000006,Co6W6
-0.621623112,1.172256407,Mo6Zn6
-0.620832485,-6.177094371,Mo6Zn6
-0.620037368,1.542424805,Re6Sc6
-0.618791631,1.2579102930000001,Rh6W6
-0.617958282,0.85486711,Cr6Ru6
-0.617522764,1.1477327345,Nb6Pd6
-0.617506437,-0.8274589184999999,Fe6Y6
-0.616801254,1.1778428815000002,Ag6Mo6
-0.615999607,-0.9813086925,Ni6W6
-0.615731983,-0.536293934,Cr6Fe6
-0.615506673,1.5528524755,Rh6Sc6
-0.613233026,1.1715006975000002,Ag6Re6
-0.61304241,1.0006163465,Cr6Os6
-0.611105368,1.299498614,Nb6Rh6
-0.611014618,0.07407466250000017,Mn6Mo6
-0.608851993,0.8548214190000001,Cr6Ru6
-0.608243954,1.0006193534999999,Cr6Os6
-0.60661372,-0.2098185305,Mo6Ni6
-0.605296281,0.2896486414999999,La6Ru6
-0.605260634,0.7456561509999997,Mo6Ti6
-0.605153013,0.13415726300000008,Ir6Mo6
-0.605110155,1.8461750375000001,W6Zr6
-0.604741033,0.052326748500000075,Cu6V6
-0.604244425,0.013564958500000168,Mo6Pd6
-0.603301959,1.0918739435,Mo6Ru6
-0.602948211,-0.1264820284999999,Ag6Mo6
-0.601748461,0.20139312349999994,Nb6Pd6
-0.601596349,0.3005501290000001,Co6W6
-0.601216342,0.6689792305,Tc6V6
-0.600472791,0.731383256,Cr6Rh6
-0.600290203,-0.10251518550000016,Pd6Ti6
-0.600075097,0.25090285599999995,Ru6V6
-0.599902305,-0.13782537699999997,Cr6Pd6
-0.59966162,0.7658529025,Ru6V6
-0.596738437,0.8998703530000001,Pt6W6
-0.595920055,-0.044751242000000024,Pd6V6
-0.595659098,0.005615231499999984,Co6V6
-0.594137709,-0.5041728735000001,Fe6Zr6
-0.593537562,1.2049145855,Mo6Os6
-0.593409533,0.9434840255000001,Re6V6
-0.593256741,0.12861268999999997,Cu6Nb6
-0.592959048,1.5083634325000002,Cr6Nb6
-0.592111277,2.237365618,Os6Ta6
-0.591903246,0.27523407850000003,Fe6Y6
-0.591758482,1.443100556,La6Nb6
-0.591700113,0.5660253745000001,La6Tc6
-0.591616166,1.4585089205000001,Ti6V6
-0.59127167,0.758156071,Mo6Pd6
-0.590736422,0.18812560550000001,Nb6Pt6
-0.589655314,0.12452583899999992,Ni6Y6
-0.589161291,0.8158644890000001,Cr6La6
-0.588429169,0.048539888499999906,Cr6Cu6
-0.586107086,-0.209948821,Mo6Ni6
-0.584980942,-0.36740713599999997,Fe6La6
-0.584888016,1.984349231,Ta6Ti6
-0.584647739,-0.12293697100000012,Ni6W6
-0.583409213,1.7092559360000001,Ta6Tc6
-0.582067556,1.1175921924999999,Cu6V6
-0.581256248,0.8935404969999998,Ru6W6
-0.58091597,1.0659567980000002,Cu6Mo6
-0.58081039,1.3178237315,Ir6Ta6
-0.580273917,-0.0758422259999999,Mn6Nb6
-0.579404514,1.0148987655,Mo6Rh6
-0.578844911,2.0251804495,Ru6Ta6
-0.57872178,0.9477609094999999,Re6Tc6
-0.577620943,1.951722095,Rh6W6
-0.576618748,0.7064283745,Cr6Tc6
-0.576331804,0.512656829,Cr6Tc6
-0.575484305,0.5643309355000001,Hf6Os6
-0.572969565,0.9119274155000001,Rh6V6
-0.572045331,0.9101682935,Nb6Tc6
-0.572002745,1.5204297205000001,Sc6Zr6
-0.571950091,1.9082734804999997,La6Ta6
-0.568383767,0.8935676989999999,Ru6W6
-0.567641577,-0.044675785000000134,Pd6V6
-0.566010662,-0.31300361900000007,Mn6Zr6
-0.565531062,0.45617426000000005,Os6Zr6
-0.564355394,0.23332926899999995,Ru6Zr6
-0.562840128,-0.8476384030000002,Fe6La6
-0.561991813,0.2896518175,La6Ru6
-0.55998266,3.108513981,Rh6Ta6
-0.559912047,1.6665493370000002,Hf6Sc6
-0.559846876,0.2310020305,Mn6Mo6
-0.559529319,0.5891998795,Nb6Tc6
-0.559483468,0.9609246725,Tc6W6
-0.559478978,0.788683748,Tc12
-0.559393398,1.375299345,Pd6Y6
-0.559357887,0.3051696570000002,Ir6W6
-0.558840463,0.010816695000000154,Cr6Ir6
-0.557677992,2.0048851935,Re6Ta6
-0.557652414,-3.8394103255000003,Ag6La6
-0.554002687,0.30502716099999994,Ir6W6
-0.553939284,0.8038364714999999,Ru6Tc6
-0.552784569,0.8139630370000001,Ag6La6
-0.550842901,0.926417997,Cr6Cu6
-0.549665328,1.0025040244999999,Re6Tc6
-0.549632947,1.002529939,Re6Tc6
-0.548892933,0.092749725,Ir6V6
-0.548837422,0.8721588120000001,Au6V6
-0.548283534,1.1582724265,Co6W6
-0.546334791,-1.7403836465,Pd6V6
-0.545815189,2.0564342365000003,Cr6Zr6
-0.545341167,1.1329811580000002,Nb6Re6
-0.545305112,0.7313843175000001,Cr6Rh6
-0.543979237,0.7715448954999999,Cr6Re6
-0.5435644,0.3136776270000001,Hf6Ru6
-0.543362491,1.2387525309999998,Ta6Tc6
-0.542904252,0.7226613680000002,Mo6Ru6
-0.542738806,1.1909309559999999,Mo6W6
-0.542700302,-0.5479040430000001,Fe6Tc6
-0.542362201,0.013556991500000004,Mo6Pd6
-0.542144782,1.0090186945,Os6W6
-0.541536199,2.2609479345000003,Re6Sc6
-0.540980679,-3.1848728394999997,Au6V6
-0.540946937,1.037520497,Re6Ru6
-0.540342436,0.7226229900000001,Mo6Ru6
-0.538785809,0.7886348274999999,Tc12
-0.538295868,0.4684762925000001,Cr6Ru6
-0.537876268,0.34630876450000003,Co6Re6
-0.537331904,0.639548,Rh6Tc6
-0.535664255,0.15059673500000015,Os6Ti6
-0.535437448,0.568221581,Ru6Ti6
-0.534697298,0.7292599245,Pd6Re6
-0.534108988,0.1343196874999999,Ir6Mo6
-0.533561903,0.9477596499999998,Re6Tc6
-0.53131125,-0.08466359899999998,Pd6Tc6
-0.531238867,1.55055525,Re6Ta6
-0.530493548,0.6548922340000001,Mn6Y6
-0.52795078,-0.03358623399999994,Pt6V6
-0.527363966,0.5308135104999998,Nb6Rh6
-0.527306142,0.020154976499999977,Ni6Re6
-0.527306142,0.020154976499999977,Ni6Re6
-0.527306142,0.020154976499999977,Ni6Re6
-0.525895096,-0.547916788,Fe6Tc6
-0.523297633,-0.23014770800000006,Mo6Rh6
-0.523229877,0.634174918,Re6V6
-0.522698166,0.1618540435,Cu6Mo6
-0.521716788,0.11269243250000005,Ir6Ti6
-0.521059905,-0.8947884060000001,Nb6Ni6
-0.518803129,-0.282264973,Ni6Re6
-0.518803129,-0.282264973,Ni6Re6
-0.518803129,-0.282264973,Ni6Re6
-0.517359973,1.2073576725,Rh6Zr6
-0.517231263,0.3436359565,Co6Re6
-0.517198202,0.2610333840000001,Rh6Zr6
-0.516578734,-0.9467456295,Mo6Ni6
-0.515766883,-0.31494995150000005,Ir6Y6
-0.515256941,1.002144876,Au6Mo6
-0.514129574,0.84377861,Mo6Os6
-0.512898939,0.8861938709999999,Re6Rh6
-0.512070216,1.5274520690000002,Re6V6
-0.511985045,1.214433245,Re12
-0.51145279,-0.13782406849999984,Cr6Pd6
-0.509727996,1.009089092,Os6W6
-0.509177238,0.6349397905,Cr6Os6
-0.508614643,0.9191393819999998,Os6Tc6
-0.508437905,0.803832594,Ru6Tc6
-0.508119259,2.0913360909999996,Nb6Rh6
-0.507662244,-0.5592195844999999,Fe6Tc6
-0.507218835,1.3912338645,Re6Rh6
-0.506966993,1.869553278,Mn6Ta6
-0.506506713,0.8910333650000002,Rh6Ti6
-0.505708875,-0.22094126950000015,Rh6Y6
-0.503360941,0.8437817024999998,Mo6Os6
-0.503276449,0.23362100949999998,Ir6Zr6
-0.501943364,0.8086141925,Cd6La6
-0.501775606,0.01094182499999996,Cr6Ir6
-0.500618169,0.845774601,Tc6W6
-0.500469867,-0.44573670249999997,Nb6Ni6
-0.500089044,0.6117019244999999,Cr6Tc6
-0.50004224,1.2016716375,Rh6Ta6
-0.499939517,0.6116015365,Cr6Tc6
-0.499917068,0.7314970739999997,Tc6W6
-0.498806435,1.0375035825,Re6Ru6
-0.497709545,-0.2821917035000001,Ni6Re6
-0.497709545,-0.2821917035000001,Ni6Re6
-0.497709545,-0.2821917035000001,Ni6Re6
-0.495989921,0.6578630225,Mo6Sc6
-0.495989921,0.6578630225,Mo6Sc6
-0.495989921,0.6578630225,Mo6Sc6
-0.494414246,0.28786212350000007,Mn6W6
-0.493412323,2.702214857,Hf6Tc6
-0.493221571,0.032560334000000024,Cd6Rh6
-0.493129596,0.226645667,Fe6Zr6
-0.492896939,1.5657324224999998,Hf6Rh6
-0.491666032,1.2144180504999997,Re12
-0.490947516,-2.8492988585,Cd6La6
-0.489814842,2.1780303485,Ta6Tc6
-0.487695075,-0.5592724295,Fe6Tc6
-0.48627777,1.800287922,Ru6W6
-0.485639799,0.10940117100000002,Ni6Ta6
-0.484871077,0.20907552849999989,Ru6Zn6
-0.484114873,0.8898442395,Ag6Tc6
-0.484038001,1.3159602949999998,Mn6Zr6
-0.48328411,0.482451167,Pd6Tc6
-0.481917418,0.7107564835000001,Cu6Tc6
-0.481455641,0.8861130364999998,Re6Rh6
-0.481064885,-0.012232829,Cu6Tc6
-0.480999578,1.8850393939999999,Sc6V6
-0.480931822,-0.44574243300000005,Nb6Ni6
-0.478592731,0.18047741500000014,Rh6V6
-0.478315583,0.8499558020000001,Fe6Ta6
-0.477412029,0.7791715590000001,Re6Ru6
-0.477370532,-0.18552932899999997,Ir6Nb6
-0.47690372,0.6156171300000002,Ru6Tc6
-0.476877053,-0.08465965649999996,Pd6Tc6
-0.476505074,0.3306411275000001,Ir6Nb6
-0.47613908,2.985431835,Hf6Re6
-0.475306956,0.45585794550000003,Os6Zr6
-0.470553944,0.3610828960000001,Hf6Ir6
-0.470261149,-0.051089496999999984,Mo6Pt6
-0.469338139,0.6394282219999998,Rh6Tc6
-0.469148884,0.46789220649999996,Cr6Ru6
-0.46813077,0.9194035635,Os6Tc6
-0.467562597,-0.042172772500000066,Pt6Ti6
-0.466675369,-0.39757360799999997,Co6La6
-0.466177537,0.5630201389999998,Hf6Os6
-0.466116448,0.8825317380000001,Au6La6
-0.464431519,0.09552722700000005,Co6Re6
-0.464408253,-0.6649011109999999,Co6Ti6
-0.46255992,0.07747567049999993,Fe6Ta6
-0.462176919,0.805643896,Hg6La6
-0.460474303,0.5512443695,Rh6W6
-0.459237138,-0.40862354,Ir6Zn6
-0.458831416,-0.5111642219999999,Rh6Sc6
-0.458281202,-0.23108096599999994,La6Rh6
-0.457862282,1.3942055404999998,La6Mo6
-0.457249074,0.6156024675,Ru6Tc6
-0.456822399,0.7791513540000001,Re6Ru6
-0.45646974,-0.08641751399999986,Ir6Tc6
-0.454778144,1.1414178075,Os6Re6
-0.453256348,0.40508728950000017,Mo6Rh6
-0.451851696,1.725292805,Y6Zr6
-0.450272075,1.286573552,Re6Ru6
-0.448717897,-0.7531394985000001,Co12
-0.447340593,-0.408684979,Ir6Zn6
-0.445903968,-2.2873411914999995,La6Zn6
-0.445782197,2.468136486,Re6Zr6
-0.443576306,0.6355468150000001,Cr6Os6
-0.442771665,0.55110239,Rh6W6
-0.441874914,1.7511997755,Nb6Sc6
-0.441825798,-0.5713760859999999,Cu6La6
-0.44166906,-0.5281896325,Cd6Ir6
-0.43921228,-0.012231346500000129,Cu6Tc6
-0.438248725,1.0359251255,Mo6Re6
-0.437111561,2.2254739499999996,W6Y6
-0.436995233,0.5306348525,Nb6Rh6
-0.4353767,1.2016622455000001,Rh6Ta6
-0.434650836,0.09543225249999998,Co6Re6
-0.434027015,0.8836420970000001,Cr6Tc6
-0.433952728,1.8742377345000003,Hf6Y6
-0.433537346,-0.23932870549999996,Ir6La6
-0.432811891,-0.1407605985,La6Ni6
-0.432541137,-0.6225555354999999,Ir6Sc6
-0.43234263,1.465366644,Mo6Ru6
-0.432063169,-0.17111577550000012,Cr6Pt6
-0.431750919,-0.577383628,Mo6Ni6
-0.431187371,0.10922649849999999,Ni6Ta6
-0.431053355,-0.528991734,La6Ni6
-0.430865868,-0.5772253004999999,Mo6Ni6
-0.428850593,0.5867085525000002,Ir6Mo6
-0.427577645,1.5657454269999997,Hf6Rh6
-0.426601572,-0.46499910600000005,Ir6V6
-0.425789177,1.141421171,Os6Re6
-0.425767544,-0.3282934365,Co6Zr6
-0.424848343,-0.167433406,Pd6Sc6
-0.42257524,0.8979281455000001,Cu6La6
-0.422033734,0.18038864750000005,Rh6V6
-0.422001352,-0.16745923799999995,Pd6Sc6
-0.421788423,0.4051544535,Mo6Rh6
-0.420828541,0.7598624544999999,Os6Tc6
-0.417776649,1.278850662,La12
-0.416432134,0.2506969255,Ru6V6
-0.414363253,-0.03350512449999998,Pt6V6
-0.413517115,0.7382941545000001,Tc6Zn6
-0.412194369,0.5678462950000001,Os6W6
-0.411627692,0.18810938749999995,Nb6Pt6
-0.411165643,0.45500312249999975,Ru12
-0.411087274,1.0534508625,Re6Tc6
-0.410892441,-0.31209998549999995,Co6Ru6
-0.408430355,-0.3467666289999999,Co6Hf6
-0.408376748,0.56101131,Ir6Ta6
-0.408134839,0.936377212,Sc6W6
-0.407946808,0.6058563749999999,Pt6Re6
-0.406855632,-1.2297457975000001,Cu6Fe6
-0.404833282,0.4892976455,Mo6Os6
-0.404760083,-0.8629638730000001,Ni6Y6
-0.404449193,0.13151834900000003,Cr6Rh6
-0.404229869,0.9615763789999999,Ni6Y6
-0.403560605,-0.3143255184999998,Hf6Ir6
-0.402990527,0.13163749849999995,Cr6Rh6
-0.401377164,0.9294607260000001,Ir6Nb6
-0.401255121,1.4456741789999998,Pt6Y6
-0.400917428,-0.5480971079999999,Ni6W6
-0.400912121,-0.3284679850000001,Pd6Ru6
-0.400632796,0.9625225715000001,Hf6Re6
-0.400032105,1.9827319054999997,Nb6Y6
-0.395414741,0.8482004270000001,La6Zn6
-0.394722076,-0.0864036225,Ir6Tc6
-0.393893353,0.42944090200000007,Ru6W6
-0.393148986,-0.610118088,Ni6Ru6
-0.393148986,-0.610118088,Ni6Ru6
-0.393148986,-0.610118088,Ni6Ru6
-0.392055904,1.9101240824999999,Os6W6
-0.391042416,-0.5481109319999999,Ni6W6
-0.389703072,0.5290466975000001,Nb6Ru6
-0.388829859,0.7596483955000002,Os6Tc6
-0.388703734,0.23774036750000005,La6Mn6
-0.388520601,0.9095905225,Re6Ru6
-0.388205357,-0.0510593490000002,Mo6Pt6
-0.387682355,-0.09414261149999992,Rh6Zn6
-0.387656232,0.019011866000000044,Ir6Re6
-0.387233095,-0.418366629,Co6Sc6
-0.387233095,-0.418366629,Co6Sc6
-0.387233095,-0.418366629,Co6Sc6
-0.38702003,-0.9508061655,Ir6Pt6
-0.386830094,-0.6977256165000003,Ir6Re6
-0.386167905,-0.7786555945,Fe6Ru6
-0.385658372,-0.17112963999999997,Cr6Pt6
-0.385549935,0.019032493999999955,Ir6Re6
-0.385024891,-0.4276723619999998,La6Mn6
-0.384840942,-2.2155686265,Fe6Zn6
-0.38351602,-0.4648410384999999,Ir6V6
-0.382333957,-0.6589838819999999,Fe6Os6
-0.381685238,-0.7875900920000001,Cu6Ir6
-0.381025906,0.9209492189999999,Os6Re6
-0.380133236,-0.7914355289999999,Fe6Os6
-0.379668602,1.2203674064999999,Pt6Ta6
-0.376634533,2.411515258,Ru6Zr6
-0.376304187,0.3043626640000001,Cr6Tc6
-0.375418456,0.24781426650000005,Rh6Ru6
-0.374250135,0.4543577605000002,Ru12
-0.373053243,-0.2961545954999998,Ir6Mo6
-0.373049841,-0.1707744390000001,Co6Os6
-0.372653371,1.3575142315,Co6Ti6
-0.371636618,-0.032767432499999805,Mn6Y6
-0.370424487,1.3071262139999997,Ru6Ta6
-0.368834798,0.7883786769999999,Tc12
-0.368792756,-0.7829084015000001,Cu6Mo6
-0.368532615,0.6414696070000001,Os6Ru6
-0.365895288,-0.18829905200000008,Os6Pd6
-0.36454125,-0.2966229905000002,Ir6Mo6
-0.364350906,-0.18724803499999987,Ir6W6
-0.363628036,-0.5976099909999999,Ni6Re6
-0.363628036,-0.5976099909999999,Ni6Re6
-0.363628036,-0.5976099909999999,Ni6Re6
-0.362140797,0.5827985825000002,Cr6Re6
-0.361739566,0.5610151815,Ir6Ta6
-0.361580107,-0.904076273,Ir6Pd6
-0.36128568,1.3369840785,Cr6Os6
-0.361221597,-0.411627679,Co6Y6
-0.360918326,-1.0225988419999998,Cu6V6
-0.359031353,0.4622027095,Cr6Ir6
-0.357831467,-0.4613469269999999,Co6Ru6
-0.356832537,-0.7059897735,Fe6Ru6
-0.356369807,-0.7916365239999998,Fe6Os6
-0.355953201,-1.3978538375,Ir6Pd6
-0.355557819,2.26033442,Co6Y6
-0.354356573,-0.6399794240000001,Cd6Fe6
-0.354322695,0.6018598924999998,Os6Ru6
-0.353206212,0.21640995149999998,Rh6Tc6
-0.351946325,0.4257954344999999,Os6V6
-0.351022634,0.0773608480000001,Cr6Ru6
-0.350957463,-0.4899654744999997,Cr6Ir6
-0.350751745,1.3615310054999998,Os6Re6
-0.349869416,-0.18768603949999996,Ir6W6
-0.349431857,-0.31209168350000005,Co6Ru6
-0.349065591,-0.6589712395,Fe6Os6
-0.34842177,1.57412925,Mo6Os6
-0.348211698,-0.5311079265,Pd6Rh6
-0.347882713,-0.6206707150000002,Ni6Zn6
-0.347090181,0.35787989350000005,Re6Rh6
-0.3470012,-0.5619478070000001,Ni6Os6
-0.346483367,-0.4595784649999999,Ni6Os6
-0.346376154,0.9209893359999999,Os6Re6
-0.346356154,0.21649755299999995,Rh6Tc6
-0.343404671,-0.090486646,Co6Os6
-0.342465742,-0.5976635115,Ni6Re6
-0.342465742,-0.5976635115,Ni6Re6
-0.342465742,-0.5976635115,Ni6Re6
-0.34171811,1.3321505314999997,La6Y6
-0.34153348,-0.7786738375000001,Fe6Ru6
-0.340982722,-0.6230120955,Os6Pd6
-0.340017534,-0.9093330895000001,Ag6Pt6
-0.339129355,-0.1882881220000001,Os6Pd6
-0.339126225,0.35785329999999993,Re6Rh6
-0.33896459,-0.847857815,Mn6Y6
-0.338296686,-0.610087005,Ni6Ru6
-0.338296686,-0.610087005,Ni6Ru6
-0.338296686,-0.610087005,Ni6Ru6
-0.338007973,1.2145134759999998,Re12
-0.337988381,-0.9824037049999998,Cu6Ni6
-0.337701029,-0.9014890340000001,Cr6Cu6
-0.337582659,-0.29008167799999995,Co6Os6
-0.335869431,1.2860866514999998,Ru6V6
-0.33586739,-0.9343816119999999,Fe6Os6
-0.33534221,-0.5618296200000001,Ni6Os6
-0.334942611,0.6021217149999998,Os6Ru6
-0.334694171,0.29875636399999994,Cu6Os6
-0.331729491,-1.0640673475,Ir6Pd6
-0.33168568,-6.187585669,Os6Zn6
-0.331601053,0.28779277999999997,Os6Zn6
-0.33159289,-0.705933668,Fe6Ru6
-0.329354073,-0.4613253435,Co6Ru6
-0.328982502,-0.9014561489999999,Cr6Cu6
-0.328355143,-0.5772030250000001,Fe6Tc6
-0.327844385,-0.1706093755,Co6Os6
-0.327433902,-1.1926456665,Co6Cu6
-0.327171856,-0.6937165630000001,Co6Rh6
-0.326065169,0.909581502,Re6Ru6
-0.326054829,-0.4897340910000001,Cr6Ir6
-0.325535091,1.0067591735,Cu6Re6
-0.325144744,0.3989506079999998,Os6Rh6
-0.325142839,-0.32846890800000006,Pd6Ru6
-0.324119827,-1.2237984775000001,Ir12
-0.321869038,-0.6249816205000001,Cu6Rh6
-0.321723185,0.2251450370000001,Ir6Tc6
-0.321332021,-0.624982052,Cu6Rh6
-0.321206849,-0.5281212624999999,Cd6Ir6
-0.318881364,2.661000806,Os6Zr6
-0.317942435,-0.1561264309999999,Pt6Tc6
-0.31762964,-0.7074613885,Ni6Ru6
-0.31762964,-0.7074613885,Ni6Ru6
-0.31762964,-0.7074613885,Ni6Ru6
-0.316595608,-0.7011877610000001,Cu6Re6
-0.315790151,1.194387075,Tc6W6
-0.315647971,-0.7037819645000001,Ag6Ir6
-0.315235991,-0.9245951200000001,Co6Ni6
-0.315136941,-0.25880903050000015,Ru6V6
-0.314974217,-0.6940201330000001,Co6Rh6
-0.314716661,-0.5378990405,Cd6Ni6
-0.314538427,0.7355385505,Nb6Os6
-0.314158556,-0.050027118499999856,Pt6Sc6
-0.313268608,0.10638916450000013,Pt6Y6
-0.313083434,0.6413781249999999,Os6Ru6
-0.312314032,-1.1936776980000001,Pt12
-0.311076595,-0.15611490900000002,Pt6Tc6
-0.310117802,-0.7335376610000002,Au6Mo6
-0.309796707,-1.0766580669999999,Cu6Pt6
-0.309619017,-1.168994111,Cu6Pt6
-0.308475867,1.0765451659999998,Os6Tc6
-0.308441036,0.10103911249999986,Os6Pt6
-0.308433825,-0.6276357235000001,Pd6Re6
-0.307524829,-0.443964177,La6Pd6
-0.307160604,-0.7656571105000001,Co6Rh6
-0.307076657,-1.7891527025000002,Ag6Fe6
-0.306850803,-0.29009576449999996,Co6Os6
-0.306656241,-1.091057787,Pd6Pt6
-0.306614336,0.03496780650000009,Pd6Ta6
-0.305950786,-0.9824023225,Cu6Ni6
-0.305548466,-0.27203180150000006,Cu6Rh6
-0.305306965,0.4250860040000002,Ru6Tc6
-0.305102607,-1.2079109305,La6Pd6
-0.304953625,-1.3978656054999998,Ir6Pd6
-0.304628721,-0.6338583089999998,Cu6Zr6
-0.303169919,0.5132199215,La6Ni6
-0.302519567,-1.229728831,Cu6Fe6
-0.302497117,-1.40256811,Cu6Pt6
-0.30236487,-0.7255399935000002,Mo6Pd6
-0.302025952,-3.9835555540000005,Ag6Fe6
-0.301764179,0.6739917314999999,Os6Rh6
-0.300393814,-0.924631782,Co6Ni6
-0.300016936,-1.1929498410000001,Cu6Ti6
-0.299299916,-0.3444439360000001,Fe6Hf6
-0.297858665,-0.8796780304999998,Cr6Pd6
-0.297853359,0.4142240425000001,Pt6Tc6
-0.297052392,-0.7827524634999998,Cu6Mo6
-0.296998105,-1.3946332885000001,Ag6Re6
-0.296937832,-1.5429384195000002,Ag6Mo6
-0.296902185,-1.281056441,Ir6Ni6
-0.295523384,0.05553301150000001,Hg6Rh6
-0.295499574,-0.6810840504999999,Ni6Os6
-0.295158751,-0.15231089800000008,Ag6Rh6
-0.29513671,-0.6803021589999998,Pd6Tc6
-0.294773574,0.24779936000000014,Rh6Ru6
-0.294702008,-0.9900894315,Ni6Pd6
-0.294274654,0.6769453455000001,Os6Ru6
-0.294242,2.2130659145,Co6Sc6
-0.294242,2.2130659145,Co6Sc6
-0.294242,2.2130659145,Co6Sc6
-0.292996807,-0.7405162985,Fe6Hg6
-0.291948216,-0.8389671495,Ni6Rh6
-0.291948216,-0.8389671495,Ni6Rh6
-0.291948216,-0.8389671495,Ni6Rh6
-0.291889984,-0.553257259,Pt6Rh6
-0.29168413,-1.118005895,Pd6Pt6
-0.291632428,-0.3031554919999999,Ir6Ru6
-0.291363444,-0.5008923869999999,Ag6Ni6
-0.290750099,-3.5233792834999997,Ag6Ni6
-0.29046057,-1.3946332885000001,Ag6Re6
-0.290348187,-0.9310665020000002,Co6Ir6
-0.2902656,-0.18669980100000005,Co6Ru6
-0.289728039,-0.9483044424999999,Pd12
-0.289229119,-0.15231089800000008,Ag6Rh6
-0.288705844,-0.6655187334999999,Nb6Pd6
-0.286379134,-1.066743593,Pd6Pt6
-0.286141579,-0.7126071345000001,Co6Zn6
-0.285975182,-0.7964739795,La6Ni6
-0.285703748,-0.7656591495,Co6Rh6
-0.285288502,0.5047513279999998,Tc6W6
-0.284464542,-1.090264812,Ni6Pt6
-0.284275014,-0.09643262000000008,Rh12
-0.283163701,2.9567071705,Ru6Sc6
-0.281724219,-0.7862096235,Cu6W6
-0.281664082,-0.6283725149999999,Fe6Ru6
-0.281621904,1.1782456380000002,Pt6Sc6
-0.281586394,-0.8219529479999999,Ni6Rh6
-0.281586394,-0.8219529479999999,Ni6Rh6
-0.281586394,-0.8219529479999999,Ni6Rh6
-0.280273308,-0.5806982075000001,Cu6Ni6
-0.279811395,-0.5310978805000002,Pd6Rh6
-0.279088525,-0.7136907410000002,Pd6Ru6
-0.278927161,-1.022540434,Cu6V6
-0.278377219,-0.713820693,Ag6Fe6
-0.278334905,-0.224267451,Co6Os6
-0.278117758,1.5560734790000001,Os6Ta6
-0.277951905,0.22829990499999986,Cd6Ru6
-0.277813263,0.09345013099999999,Cu6Ru6
-0.276614057,-0.9246377674999999,Co6Ir6
-0.276576097,-0.6801671570000001,Pd6W6
-0.276193914,-0.9016509409999998,Pd6V6
-0.2761033,-1.454769659,Ir6Ni6
-0.275571589,-1.2810322845000002,Ir6Ni6
-0.274953891,-0.821951339,Ni6Rh6
-0.274953891,-0.821951339,Ni6Rh6
-0.274953891,-0.821951339,Ni6Rh6
-0.273976186,-1.552396936,Ir6Pt6
-0.273631009,-0.7254624034999997,Mo6Pd6
-0.273229505,-1.1283124764999999,Ir6Ni6
-0.273116578,-2.106530548,Cu6La6
-0.272088804,-0.426919166,Cu6Ru6
-0.271800772,0.4545171855000001,Ru12
-0.27061558,-0.6801624370000001,Pd6W6
-0.27060728,-1.192674045,Co6Cu6
-0.270551497,-0.9311573605000001,Co6Ir6
-0.270169449,-0.9246355559999999,Co6Ir6
-0.270018562,-0.5281212624999999,Cd6Ir6
-0.269849715,-0.8479534685,Fe6La6
-0.269828627,0.6223667389999998,Os6Ru6
-0.268937998,-0.2392505745000002,Co6Re6
-0.268853371,-0.7074636275,Ni6Ru6
-0.268853371,-0.7074636275,Ni6Ru6
-0.268853371,-0.7074636275,Ni6Ru6
-0.267840971,-1.4971855365,Ag6W6
-0.267419195,1.5007999035,Mn6Y6
-0.267362731,-0.9622300619999999,Co6Ir6
-0.266682038,-0.9005759760000003,Pd6V6
-0.266027196,-0.6190232805,Ni6Os6
-0.264709485,-0.015345259499999875,Rh6Ti6
-0.263753549,-0.6658439919999999,Nb6Pd6
-0.262794756,-0.3653460525000001,Pt6Ru6
-0.26271353,-0.7862103570000001,Cu6W6
-0.262218827,-0.50485198,Fe6Zr6
-0.261981136,-0.8882554570000001,Cu6Os6
-0.261946713,-0.7878159359999999,Cu6Ir6
-0.261716913,-0.42693138500000005,Cu6Ru6
-0.259234691,-0.40274173550000025,Ir6Tc6
-0.258550596,-0.7916164275000002,Cu6Tc6
-0.258513453,0.7783577355,Os12
-0.258390185,-0.7055680245000002,Ir6Mo6
-0.258220795,0.6702335695,Tc6Zr6
-0.257201456,-0.09045048599999994,Co6Os6
-0.256641582,-4.3591871135,Cd6La6
-0.255835036,-1.066753144,Pd6Pt6
-0.255305367,-0.8882554570000001,Cu6Os6
-0.254753656,-0.7190506815000002,Pd6Rh6
-0.251858229,-0.742786072,Fe6Ru6
-0.251614143,-0.948184009,Pd12
-0.251448425,-0.1264737709999999,Ag6Mo6
-0.250877803,0.5084091535000002,Re6Ru6
-0.250679296,-1.0607160709999999,Cd6Pt6
-0.250406501,-0.6761542425,Au6Ir6
-0.249322672,0.847119266,Cr6Zr6
-0.249312332,0.10137642400000013,Os6Pt6
-0.249060082,-1.215528719,Os6Pt6
-0.249015047,-0.9453618294999999,Cu6Nb6
-0.248700076,0.025561546000000046,Rh6Ru6
-0.247733255,-1.1283131430000002,Ir6Ni6
-0.247521278,-0.8872218755000001,Au6Pt6
-0.247220593,-1.1630256835,Co6Pd6
-0.246768884,0.03486261649999989,Pd6Ta6
-0.24611513,-0.49438703500000014,Ir6Rh6
-0.245903834,-0.752864816,Co12
-0.245202188,-0.09642989949999992,Rh12
-0.243950873,-2.2939297630000004,Au6Pt6
-0.243529232,0.8311584755000001,La6Mo6
-0.242399007,-0.14903995000000014,Au6Rh6
-0.241558312,0.025460982500000062,Rh6Ru6
-0.240716528,-0.8802281680000001,Cr6Pd6
-0.239647801,-0.73931579,Au6Rh6
-0.239398136,-1.0607748305000002,Cd6Pt6
-0.238788737,0.8027849899999999,Nb6Re6
-0.238594448,-0.40268794200000024,Ir6Tc6
-0.237677288,-1.2018069195,Ir6Ni6
-0.23749089,-1.2506943305,Ni6Pd6
-0.237485992,-0.6762109735000001,Au6Ir6
-0.236969792,-0.7651134435,Ag6Co6
-0.23656788,-1.2709420135,Ni6Zr6
-0.236459171,-0.6334974114999998,Co6Rh6
-0.235693306,-0.7914235200000002,Cu6Tc6
-0.235509493,-2.9804967595000003,W6Zn6
-0.234035861,3.21603501,Os6Sc6
-0.233960077,-0.6276953950000002,Pd6Re6
-0.233587689,-0.9507210755,Ir6Pt6
-0.231755003,-0.5223368294999999,Ir6Rh6
-0.23142003,-1.0093208285000002,Cr6Ir6
-0.231333362,0.5823342445000002,Cr6Re6
-0.231252408,-0.7011240995000001,Cu6Re6
-0.231007234,-0.6803138599999998,Pd6Tc6
-0.230977301,-1.1456222560000002,Ir6Pt6
-0.230531171,-1.0785579529999998,Pd6Pt6
-0.229834695,-0.6811309670000001,Ni6Os6
-0.229402851,-0.19073023550000023,Rh6W6
-0.229145975,-1.1936181694999997,Pt12
-0.229008422,-6.550179878,La6Zn6
-0.228759573,0.7787187079999998,Os12
-0.227586491,-0.31961306999999994,Cu6Ta6
-0.226913417,-1.383373579,Ni6Pt6
-0.22658484,-0.9420298735,Cu6Pd6
-0.226542254,-1.1854802640000002,Co6Pt6
-0.22643817,-0.70374155,Ag6Ir6
-0.225682646,-3.523594645,La6Zn6
-0.225326449,-3.1882018719999996,Ag6Ir6
-0.224818004,0.11305070200000022,Os6Rh6
-0.224477454,-0.4753439859999997,Ir6Rh6
-0.224009146,-0.5532690855,Pt6Rh6
-0.223491722,-0.343935444,Ir6Re6
-0.222231562,-0.6509517595,Co6Ru6
-0.222048702,-3.093520565,Ag6Ru6
-0.221802575,1.5273651595,W6Zn6
-0.221626245,-2.2010986765,Ag6Ir6
-0.221458895,-0.7924089430000001,Co6Hg6
-0.221006778,-0.36535011649999993,Pt6Ru6
-0.220711671,0.2575165655,Os6Rh6
-0.22055643,0.1835370059999999,Ag6Ru6
-0.220258465,-2.6310941139999997,Y6Zn6
-0.219243616,-2.3426161524999998,Cu6Y6
-0.218297068,-0.30302010849999994,Ir6Ru6
-0.216816905,-1.1456141015,Ir6Pt6
-0.216509689,-1.8180853885000001,Cu6Fe6
-0.215200141,-0.64507549,Ir6W6
-0.213722699,-0.11821326450000003,Mn6Ru6
-0.211927972,-1.250991141,Ni6Pd6
-0.211498984,-0.6630217110000003,Nb6Pt6
-0.209847662,-0.923856537,Co6Ir6
-0.209275542,-0.4609765015,Fe6Y6
-0.209186289,-0.9900531555000001,Cu6Ru6
-0.209180438,-1.182843079,La6Mn6
-0.208934175,-0.7241416109999999,Fe6Os6
-0.208092663,-0.5223466404999999,Ir6Rh6
-0.207741637,-0.4340846429999998,La6Pt6
-0.20689305,2.9044217655,Tc6Y6
-0.20684543,-0.9622346565000002,Co6Ir6
-0.20638855,0.0871011810000002,Pt6Ta6
-0.205955617,-0.3283946885,Co6Zr6
-0.204253954,-0.9451218170000002,Cu6Nb6
-0.203687685,-1.1936168434999999,Pt12
-0.203481286,-0.2595586245000001,Ir6Os6
-0.20130111,-2.159509081,Ag6La6
-0.201134713,-0.7456254264999997,Pt6Rh6
-0.200894572,1.011764417,Re6Zn6
-0.200692256,-0.7184589324999999,Pd6Rh6
-0.200579056,-0.9010997895000001,Pt6V6
-0.200528171,-1.3832864905,Ni6Pt6
-0.199235902,-1.3171228824999999,Ag6Pd6
-0.199232365,-1.168990956,Cu6Pt6
-0.1989061,-1.274839274,Cu6Pt6
-0.195857065,1.0021227490000002,Au6Mo6
-0.195690259,-6.1791386075000005,Re6Zn6
-0.194623709,0.1835370059999999,Ag6Ru6
-0.194353092,-0.3200887669999999,Cu6Ta6
-0.194288464,-1.1935729524999998,Pt12
-0.192445573,-0.3464799610000001,Co6Hf6
-0.190685677,-0.6644452825000001,Co6Ti6
-0.190297779,-1.24505082,Ir6Pt6
-0.189973827,0.0035012105000000737,Pt6Ru6
-0.18990784,-0.5071287530000002,Ir6Rh6
-0.189147418,-0.7455190440000001,Pt6Rh6
-0.188891359,-1.4110949445,Cu6Ni6
-0.188327131,-1.993312835,Mn6Zn6
-0.187914606,-0.3439253995,Ir6Re6
-0.187484666,-0.059618791499999935,Ir6Os6
-0.187047107,0.764903883,Hf6Tc6
-0.186731999,-0.7282693134999999,Co6Rh6
-0.184818903,-1.076664868,Cu6Pt6
-0.184417263,-1.2452731325,Pt6Zn6
-0.183918886,-1.057694505,Pd6Ti6
-0.183762965,-2.2939672615,Au6Pt6
-0.183433979,-0.887240024,Au6Pt6
-0.183102409,-0.9544440365,Pt6Rh6
-0.182684442,-0.5916037775,Cu6Hf6
-0.182255454,-0.9995253275,Cu6Rh6
-0.182173548,0.11302137900000009,Os6Rh6
-0.181667689,-0.756858416,Ag6Pd6
-0.181467141,-0.5575316780000001,Ir6Ti6
-0.180449571,-1.2198765750000002,Cu6Pt6
-0.179981943,-1.219884522,Cu6Pt6
-0.179943439,-0.09642113399999985,Rh12
-0.179791464,-0.4755408670000001,Ir6Ru6
-0.179575949,-1.1630263765,Co6Pd6
-0.176981344,1.1943459395000002,Tc6W6
-0.176737802,0.2878224220000001,Os6Zn6
-0.176564194,-1.128423199,Ag6Ta6
-0.176534669,-2.579672566,Cu6Sc6
-0.17633208,0.03263341949999998,Cd6Rh6
-0.17596255,-0.47998456450000004,Au6Ni6
-0.175456554,-0.7427436295,Fe6Ru6
-0.174472182,-1.0902693719999998,Ni6Pt6
-0.174058433,-2.9660636389999997,Au6Ni6
-0.174002514,-0.847790861,Fe6Ru6
-0.173956254,-0.8662667915,Cu6Pd6
-0.172882902,0.6057184295,Pt6Re6
-0.172858547,-1.201803737,Ir6Ni6
-0.171633219,-1.6101560075,Co6Cu6
-0.169843662,-1.3463093215000002,Co6Pd6
-0.168899971,-1.278663079,Fe6Ir6
-0.168693301,-0.9156471275,Co6Ni6
-0.168578605,0.7807809585000001,Os12
-0.168524454,-1.375095565,Hf6Ni6
-0.166167948,-0.06956947199999997,Mn6Zn6
-0.16568481,-0.7895074805000002,Mo6Pt6
-0.16446642,-6.1875438725,Os6Zn6
-0.164437848,-0.948188005,Pd12
-0.164151449,-0.3816005120000001,Pt6Rh6
-0.163435653,-1.245254708,Pt6Zn6
-0.163297691,2.235698321,Rh6Zr6
-0.163296875,-1.953588646,Ag6V6
-0.163197145,0.10919855099999998,Fe6La6
-0.162532916,-2.3175066815,Zn6Zr6
-0.162144337,-0.6472203645000001,Pt6Rh6
-0.161283505,-0.7018104185,Cu6Ru6
-0.161114658,1.7067073130000001,La6W6
-0.160620363,1.545172743,Cd6W6
-0.160421856,-0.25957628249999987,Ir6Os6
-0.159356531,-0.6557384644999997,Rh6Zr6
-0.158265218,0.5581534234999999,Os6Ru6
-0.157808611,-1.796449065,Ag6Nb6
-0.157797318,-1.224522817,Ir12
-0.157282207,-0.9442971010000001,Co6Ni6
-0.154298479,-1.2282331174999999,Ir6Pd6
-0.153773571,-0.957651613,Hg6Pt6
-0.152786206,3.2225302995000003,Ru6Y6
-0.152569331,-0.8153174735000001,Ni6Ru6
-0.152569331,-0.8153174735000001,Ni6Ru6
-0.152569331,-0.8153174735000001,Ni6Ru6
-0.152468105,-1.2451597994999999,Ir6Pt6
-0.151587545,-2.499668266,Sc6Zn6
-0.151363595,-0.6230197539999998,Os6Pd6
-0.151278015,-0.3129095675,Mn6Zr6
-0.151221824,-0.7136751535000001,Pd6Ru6
-0.151186177,3.167839768,Rh6Y6
-0.151129849,-0.223050199,Rh6Tc6
-0.149823975,-0.9396876274999999,Cr6Pt6
-0.148559734,-0.14397835049999985,Ir6Ru6
-0.146489356,-0.4761553620000001,Ir6Ru6
-0.146243501,-0.48992695100000005,Hg6Ni6
-0.146236018,2.4160119085,La6Rh6
-0.146219555,-1.2789708714999999,Fe6Ir6
-0.145648252,-1.346020764,Ir6Pt6
-0.144528095,-1.3461017094999999,Ir6Pt6
-0.142410914,-1.5520962615000002,Fe6Ir6
-0.141907639,1.2326538595,Au6W6
-0.141461236,-0.8230328355,Fe6Ni6
-0.140096449,0.05557244049999999,Hg6Rh6
-0.139456574,-0.536327583,Fe6Os6
-0.138349342,-0.72109483,Ir6Tc6
-0.136027531,-1.5521675145,Fe6Ir6
-0.135730383,-0.48123015000000013,Co6Os6
-0.133594153,-1.7962515865000002,Ag6Nb6
-0.133480001,-2.492388301,Ta6Zn6
-0.133476192,-2.492388301,Ta6Zn6
-0.133230201,-0.7406152509999999,Pt6W6
-0.133192377,-2.9804967595000003,W6Zn6
-0.132190726,-1.3608811595,Co6Pt6
-0.131935755,-1.770874479,Au6Fe6
-0.131804732,-0.9094020894999999,Ag6Pt6
-0.131738473,0.5509859615000001,Mn6W6
-0.131084855,-0.9006199424999999,Pt6V6
-0.130516409,-0.18529782249999993,Mn6Ru6
-0.130360216,-1.0579534995,Pd6Ti6
-0.127524654,-0.7967445870000001,La6Ni6
-0.126653345,-0.9576586570000001,Hg6Pt6
-0.126577017,-1.3464253949999998,Co6Pd6
-0.126063266,-1.1374268859999999,Au6Pd6
-0.125602986,2.7490825075,Rh6Sc6
-0.12446174,-3.204304868,Cd6Ta6
-0.124256294,-0.6627106745000002,Nb6Pt6
-0.123845947,-0.8629274020000001,Au6Fe6
-0.123540363,-1.8393767799999998,Ag6Rh6
-0.123334645,-0.9818859315,Fe6Ir6
-0.123299406,-1.4971943205,Ag6W6
-0.123118042,-1.19290951,Cu6Ti6
-0.121832304,0.0775431900000001,Fe6Ta6
-0.121599511,-0.9780963955,Fe6Ni6
-0.121281682,0.4391602324999999,Hf6Rh6
-0.121203722,-1.2242590500000001,Ir12
-0.121191068,-1.411251319,Cu6Ni6
-0.120403026,-1.6101872939999997,Co6Cu6
-0.120385611,-1.1289241975000002,Ag6Ta6
-0.116250433,-0.9997989860000001,Cu6Rh6
-0.115952197,-2.1292333384999997,Ag6Ti6
-0.11529096,-0.8230318424999999,Fe6Ni6
-0.114883878,-1.3620842014999999,Ag6Rh6
-0.113752836,-0.4743167214999999,Ag6Ti6
-0.113591201,-0.659991459,Ir6Ru6
-0.111492251,-1.224288597,Ir12
-0.109376838,0.2574844999999999,Os6Rh6
-0.109113432,0.2482965130000001,Cr6Os6
-0.108293689,-0.7528467975,Co12
-0.106074736,0.4448383819999999,Tc6Ti6
-0.102645694,-1.8071744370000002,Ag6Ru6
-0.100217214,-1.3609749025000002,Co6Pt6
-0.099984012,-1.5524300025,Ir6Pt6
-0.099338558,-1.25558604,Co6Pd6
-0.099201549,-1.9993738130000003,Ag6Zr6
-0.098254729,-1.137393361,Au6Pd6
-0.097978533,0.8999031995,Pt6W6
-0.097838803,0.598010685,Os6Tc6
-0.095763391,-1.1854974535,Co6Pt6
-0.095206101,-1.9678488795,Ag6Hf6
-0.094716569,-0.20191231900000028,Rh6Ru6
-0.094334793,-0.7662984659999998,Pt6Tc6
-0.093585391,1.1051414065,La6Nb6
-0.093021708,-0.7656363099999999,Pt6Ru6
-0.092057472,-0.7142900325,Au6Pd6
-0.091445624,-1.5510084275000002,Co6Pt6
-0.089454567,0.5493304804999999,Co6Re6
-0.088125971,-0.939326635,Cr6Pt6
-0.087636439,-1.8180984145,Cu6Fe6
-0.086797648,-1.8054217644999997,Fe6Ir6
-0.086333694,-0.9779449440000001,Fe6Ni6
-0.086079267,-1.022648891,Cu6Pd6
-0.085140475,-0.9662580155,Co6Ir6
-0.084698017,-0.7656052455,Pt6Ru6
-0.082525733,-1.4835633160000001,Nb6Pd6
-0.082279197,-6.6509211995,Y6Zn6
-0.082068989,-1.0026149655,Ir6Ni6
-0.080327325,-1.8433026685000002,Pd6Y6
-0.079557243,-0.46406280499999997,Ir6Os6
-0.079309755,-1.7186525634999998,La6Pd6
-0.078017895,-0.745534242,Pt6Re6
-0.07782102,-1.9537847055,Ag6V6
-0.077728638,0.8772411775,La6Pd6
-0.075226007,-0.9899701214999999,Cu6Ru6
-0.074591709,-3.2741493210000003,Cd6Y6
-0.072425955,-0.789489511,Mo6Pt6
-0.071184708,-1.5798626329999998,Au6Co6
-0.07008115,1.545172743,Cd6W6
-0.069308891,-0.8382056899999999,Ir6Zr6
-0.069288483,2.3278384485,Hg6Ta6
-0.068203157,0.08739645399999985,Pt6Ta6
-0.068056351,-0.561341308,Ir6Rh6
-0.066972386,-0.902593183,Au6Co6
-0.065496168,-1.4127123949999998,Cu6Ir6
-0.065029765,0.7744892555,Os12
-0.064991669,-1.1096968440000001,Cu6Pd6
-0.064934933,0.9434126845000002,Cr6Nb6
-0.064537375,-0.25927766649999984,Mn6Ru6
-0.063186466,-0.20372235149999995,Re6Rh6
-0.059153603,-0.914163228,Pd6Rh6
-0.058876591,-0.46408037999999996,Ir6Os6
-0.057868137,-2.3023914375000003,Hf6Zn6
-0.057109892,2.0514357819999995,La6Ta6
-0.056472873,1.149033727,Hf6V6
-0.055936945,-0.09412386100000014,Rh6Zn6
-0.054710936,-1.0453567389999998,Pd6Pt6
-0.053560439,-1.8240804069999998,Cu12
-0.052729539,-1.274843076,Cu6Pt6
-0.05232545,-3.242593319,Rh6Zn6
-0.052142726,-0.3613570865,Ir6Os6
-0.050885968,-3.0600670965,Mo6Zn6
-0.050822702,3.4632742060000004,Os6Y6
-0.046264387,-0.7660025145000002,Pt6Tc6
-0.046259625,-0.14911419000000015,Au6Rh6
-0.045862202,1.2387128705000001,Ta6Tc6
-0.044409795,-0.992898106,Pt6Ti6
-0.040284957,-1.7563441364999999,Pt6V6
-0.039638823,-1.823926422,Cu12
-0.035285274,-0.09643219449999996,Rh12
-0.035166088,0.3912929275000001,Ir6Re6
-0.034838735,-0.8267172614999999,Ni6Os6
-0.031854462,-1.1932633835,Pt6Ru6
-0.029887079,-4.303987406499999,Cd6Hf6
-0.028782161,-3.1620819984999997,Nb6Zn6
-0.028174803,-0.31937663650000014,Os6Pt6
-0.027806633,-0.7584310624999997,Os6Pt6
-0.027413156,1.5255118955000002,W12
-0.025439106,1.522213435,Hf6Y6
-0.022366669,1.0357803235000003,Mo6Re6
-0.021205831,-0.3144747914999999,Hf6Ir6
-0.021145966,-1.4215205355000002,Au6Rh6
-0.020800654,-3.9186329709999996,Ni6Zn6
-0.01818564,-1.4699598485000003,Mo6Pd6
-0.015740833,-3.1764187880000003,V6Zn6
-0.0154694,-1.768778323,Au6Pt6
-0.014174138,-1.25576671,Co6Pd6
-0.010807409,-1.0474017434999998,Pd6Zr6
-0.010379918,-3.174963634,V6Zn6
-0.009191053,-1.2845580294999999,Cd6Pd6
-0.007063803,-0.5612882694999999,Ir6Rh6
-0.005653981,0.30468012999999994,Cr6Tc6
-0.005126217,-0.7457510385000001,Pt6Re6
-0.005036419,-2.0906965470000003,Pd6Sc6
-0.0035568,-1.270315874,Ni6Zr6
-0.001647921,0.36081574900000013,Tc6V6
0.000240276,-0.8884349939999998,Cu6Os6
0.000396334,-0.8486377404999998,Hf6Ir6
0.00218004,1.079433203,La6Mn6
0.003141282,-0.7406287599999999,Pt6W6
0.003357204,-1.1351067525,Fe6Ni6
0.003414484,-1.2707623399999999,Co6Pt6
0.007820688,-0.9908941720000002,Pt6Ti6
0.008403011,-1.3945075615,Ag6Re6
0.008668322,-1.7494622095,Cr6Pt6
0.008683833,-3.4683520855000003,Ti6Zn6
0.012725268,-1.0472054709999998,Pd6Zr6
0.013719163,1.5864652895,Cr6Ta6
0.016501527,2.234534719,Au6Ta6
0.017841824,-3.954744153,Cd6Nb6
0.019411241,-0.5380013015,Cd6Ni6
0.019610972,0.9056720914999999,Pt6Zr6
0.019930842,-1.789152869,Ag6Fe6
0.020086219,-2.8694450405,Ag6Fe6
0.02143087,-2.1292745225,Ag6Ti6
0.021519443,-3.954744153,Cd6Nb6
0.022138366,-1.3752298285000002,Hf6Ni6
0.022315512,-2.4923370394999997,Ta6Zn6
0.022590755,-2.2939672615,Au6Pt6
0.023949691,-2.5703954810000003,Pd6Zn6
0.024635282,-4.325774098,Cd6Zr6
0.024687256,-2.3172739775,Ag6Ni6
0.024904403,1.0534347700000002,Re6Tc6
0.026074492,-1.99982828,Ag6Zr6
0.02817698,1.2389472570000002,Cr6W6
0.032189707,2.2993485665,Cu6Ta6
0.033081015,-1.9683142525000001,Ag6Hf6
0.037189254,-1.25240767,Fe6Pd6
0.038015528,-3.0762658035,Cr6Zn6
0.03893364,0.7329756035000001,Mo6Y6
0.039801139,-2.0459268525,Ag6Pd6
0.040467818,-0.0439775389999999,Au6W6
0.04062646,-0.672778198,Ir6Os6
0.041048781,-0.9040683365000001,Ir6Pd6
0.041778998,-1.365022328,Au6W6
0.042492889,0.5046916250000002,Tc6W6
0.042829222,1.7025515235,Hf6Hg6
0.043312088,-1.2524239215,Fe6Pd6
0.044001488,-2.613179818,Ag6Co6
0.044630071,-2.613179818,Ag6Co6
0.045975538,-2.1156271674999996,Ru6Zn6
0.046047376,-1.5874328999999998,Pt6Y6
0.047400734,-3.1627307919999996,Nb6Zn6
0.047613255,2.5071612915,La6Ru6
0.048324288,-0.06186082250000002,Mn6Ru6
0.049362267,1.642755651,Ir6Y6
0.05002051,0.07099208899999998,Mn6W6
0.050117519,-1.1729620389999997,Hf6Pd6
0.050476709,-0.18652616750000028,Os6Rh6
0.051979866,-2.1458232629999996,Ag6Cu6
0.052989,-1.7520662075,Au6V6
0.056602536,1.2183072155,Y6Zr6
0.056626618,1.2141265835000001,Re12
0.057151525,-1.4121250905000002,Pt6Tc6
0.057457517,-1.525937205,Pd6Zn6
0.058062699,0.8498862375,Fe6Ta6
0.058345153,-2.0642973215000002,Tc6Zn6
0.059795383,-1.8394026605,Ag6Rh6
0.059911984,-1.805889597,Fe6Ir6
0.060146546,-4.303682976499999,Cd6Hf6
0.060192125,-4.3237592675,Cd6Zr6
0.062680062,1.5421234185000001,Au6Hf6
0.06320184,-4.3599053965,Cd6Ti6
0.063516132,1.7581253284999998,Ag6Hf6
0.063654094,1.0809466545,Ir6La6
0.064791393,1.028571726,Pd6Zr6
0.066334959,0.4146024195000002,Pt6Tc6
0.067639881,-1.8699451519999999,Au6Ti6
0.067673487,-0.3859224225,Au6Ti6
0.069056506,1.7542172939999998,La6V6
0.069258686,1.1583108400000002,Co6W6
0.070950826,-1.644148011,Au6Pd6
0.071387297,1.4380103850000001,Cu6Hf6
0.071655193,-3.8341008165000003,Cd6Mo6
0.072061867,-3.2291477329999996,Tc6Zn6
0.072454255,2.9067929475,Os6Ta6
0.07342298,-2.1458256259999997,Ag6Cu6
0.073949521,2.894576773,Ta12
0.074597696,-2.8696324504999997,Ag6Fe6
0.074852122,-2.6126128915,Ag6Co6
0.075213353,-4.360734602000001,Cd6Ti6
0.076260992,-3.4697643435000005,Ti6Zn6
0.077060734,-1.7124299725000003,Ag6Cu6
0.077722243,-0.6335349005000002,Co6Rh6
0.079090568,-1.3516949065,Fe6Pt6
0.079099683,-2.3172902975,Ag6Ni6
0.079700783,-2.201150125,Ag6Ir6
0.080742435,-0.8972814680000001,Au6Ta6
0.081621226,-1.6180696335,Au6Nb6
0.083560445,-0.7910941629999999,Co6Hg6
0.084480054,-2.342640958,Cu6Y6
0.084552981,-1.823891025,Cu12
0.085222109,-3.0763827509999997,Cr6Zn6
0.086461043,-4.228332752,Fe6Zn6
0.089334293,-1.7342518295,Au6Zr6
0.090147641,-1.6644751914999998,Ag6Y6
0.090295263,-0.7179356819999998,Mo6Zn6
0.090964935,-1.7130942255,Ag6Sc6
0.095803119,0.4540165840000001,Ru12
0.098215544,-4.222137119999999,Co6Zn6
0.098867801,-3.0601501210000004,Mo6Zn6
0.100871648,-1.4214522809999999,Au6Rh6
0.102746104,2.1702549259999997,Mo6Y6
0.103950071,-1.5303085455,Ag6Tc6
0.106501955,-0.21454948399999996,Au6Hf6
0.106661822,-1.8052938375000003,Au6Hf6
0.112979761,-2.003181141,Au6Ni6
0.113710387,-2.045927077,Ag6Pd6
0.114898844,-2.105664139,Hf6Pd6
0.115692328,-1.6441181779999998,Au6Pd6
0.117648418,-3.2042649130000003,Cd6Ta6
0.122014893,1.2684572195000001,Nb12
0.12312294,-1.656270184,Fe6Pd6
0.125143522,-1.6564179980000002,Fe6Pd6
0.125286245,1.429090767,Hg6Nb6
0.125528427,1.0175574125,Cr12
0.128600456,-4.2282895395,Fe6Zn6
0.130351645,-1.8607224734999999,Pt6Sc6
0.131495475,1.4745063264999998,Ag6Zr6
0.132502024,-0.9485412194999999,Pd12
0.132793322,-0.8144429095,Fe6Pd6
0.135212278,-3.9560992520000005,Cd6Nb6
0.135769431,-0.7128123880000001,Co6Zn6
0.136303454,-5.946309792,Hg6Pd6
0.139085955,-2.002981225,Au6Ni6
0.139672088,-4.221879488,Co6Zn6
0.140013727,2.2289038340000005,Hf6W6
0.140705712,-0.2594116605000001,Mn6Ru6
0.142375675,-3.3837150155,Hg6Zr6
0.142725613,-1.0859923409999999,Hg6Pd6
0.142856228,1.7259061949999999,Re6W6
0.145750022,-1.3515954605,Fe6Pt6
0.150029421,1.2495853369999999,Mo12
0.150053639,0.225247427,Ir6Tc6
0.151275294,-1.0811720685000001,Pt6Zr6
0.151298424,1.1910983464999998,Mo6W6
0.151851087,-1.8260545804999997,Cu6Hg6
0.152191229,-2.2758616844999997,Cu6Zr6
0.15322567,0.9920358495000001,Mo6Nb6
0.15433984,-1.7551785139999998,Fe6Pt6
0.154961756,0.8836488284999999,Cr6Tc6
0.155650068,-0.489988281,Hg6Ni6
0.159172174,-3.0122663480000003,Cu6Zn6
0.159728374,1.1683357545,Cu6Zr6
0.161345275,-1.7551790710000001,Fe6Pt6
0.161877393,1.2799961395000001,Cr6V6
0.162634822,1.1175498495,Cu6V6
0.163326399,-3.0122632485,Cu6Zn6
0.164787243,-1.9096500635,Au6Cu6
0.167627023,1.091554336,Cr6W6
0.170977696,1.141120673,V12
0.171278246,-1.0453211759999999,Pd6Pt6
0.171934721,-2.0290127405,Cd6Cu6
0.173489171,1.2520591065,Cu6Nb6
0.173926866,-1.5478272445,La6Pt6
0.175130018,1.3934221024999998,Au6Zr6
0.175672613,-1.8867059519999998,Pt6Zr6
0.175749213,1.3713109170000002,Sc12
0.178437697,1.1480362259999999,Nb6Pd6
0.178594299,1.846372171,W6Zr6
0.179788062,1.1609613925,Au6Nb6
0.180831075,-2.2791570644999997,Au6Co6
0.181090263,-3.188973712,Cd6Sc6
0.181114073,0.7886600885000001,Tc12
0.182428519,-1.718756858,La6Pd6
0.182526344,0.969255603,Ag6Sc6
0.183278194,-2.116203943,Fe6Pt6
0.184468556,-2.7710232685,Ag6Cu6
0.184544884,-0.4933984294999999,Fe6Zn6
0.187797733,-0.6331664825,Ir6Mn6
0.187932429,-2.2470451694999998,Rh6Zn6
0.193186267,-2.136695608,Cu6Zn6
0.194425202,-2.7710045795,Ag6Cu6
0.196616671,-4.107793922000001,Cd6V6
0.197191103,2.405429432,La6Tc6
0.198128127,-5.1196949245,Cd6Fe6
0.198697933,1.278369255,Ag6Y6
0.19913971,1.0762482955,Os6Tc6
0.199916459,-2.65214932,Au6Fe6
0.200596063,-0.6399831705,Cd6Fe6
0.207542449,-1.0862002090000002,Cd6V6
0.207694017,-2.2792890645,Au6Co6
0.208732403,-3.2294912,Tc6Zn6
0.213341603,2.235757359,Rh6Zr6
0.213472898,1.027994229,Cr6Re6
0.213560519,-0.479752968,Au6Ni6
0.214188558,1.910140968,Os6W6
0.215667768,1.893835158,Ta6V6
0.216879491,-1.7523834775,Au6V6
0.217340724,-1.617474026,Au6Nb6
0.217378548,1.4714221285,Y12
0.218940754,-3.0236621599999998,Ag6Os6
0.219613827,-1.3957257594999999,Os6Zn6
0.220340235,-3.4556275605,Os6Zn6
0.223389543,1.821330751,Nb6Os6
0.223814993,1.2616322315,Hf6Ti6
0.226217486,0.3712408629999999,Ag6Os6
0.226550281,0.8891111644999998,Re6Tc6
0.227891802,-2.7070903379999995,Au6Mo6
0.228425282,-1.8433073255,Pd6Y6
0.232317326,-1.9096713900000002,Au6Cu6
0.233785244,-3.5712823925,Hg6La6
0.236667066,-3.463983272,Hg6Ti6
0.241363614,1.3373435999999999,Au6Y6
0.242068389,2.225374232,W6Y6
0.243372223,-0.10010207550000005,Cr6Fe6
0.243429366,-3.38410827,Hg6Zr6
0.243860667,1.180658808,Ti12
0.247824957,-3.4615927545,Hg6Ti6
0.248131766,-6.650905281,Y6Zn6
0.248411227,1.2859427625,Ru6V6
0.252911854,1.6279418659999998,Hf6Zr6
0.254191877,-2.4396396525,Ag6Cu6
0.256538179,-0.6399831705,Cd6Fe6
0.264066888,-4.166467766,Pd6Zn6
0.267167489,1.2504085539999998,Hf6Ir6
0.267645049,-1.110691738,Hf6Pt6
0.268977182,-4.694552621000001,Cd6Pd6
0.273434679,-0.7140442669999999,Ag6Fe6
0.275414443,-0.8662484515,Cu6Pd6
0.283894463,1.8330958325,Hf12
0.285012035,-3.463983272,Hg6Ti6
0.288241346,1.236801364,Cr6Ru6
0.289849674,-0.6283530260000001,Fe6Ru6
0.291687803,0.8139309839999999,Ag6La6
0.298523031,-0.9073340269999999,Fe6Pt6
0.301313286,-4.4948805105,Cu6Zn6
0.301467439,-2.3389087039999996,Au6Cu6
0.302479566,1.3820176094999999,Cu6Y6
0.303221893,-1.8367843435,Au6La6
0.307713812,0.4620374624999999,Cr6Ir6
0.309042952,1.2902379179999999,Zr12
0.311617285,0.9890992715000001,Ir6Zr6
0.312019333,-0.826868611,Ni6Os6
0.31210328,1.995911574,Co6Hf6
0.313587933,-4.179495705,Mn6Zn6
0.313624941,-4.1491651765,Cd6Ru6
0.314807956,-4.4948860085,Cu6Zn6
0.315802396,-3.2552369335,Au6La6
0.316285126,1.449479187,Mo6Re6
0.316608669,1.090129346,Hg6Sc6
0.317195483,-2.3389187445,Au6Cu6
0.319611853,-3.289113296,Ag6Au6
0.319697569,-2.503751168,Ir6Zn6
0.319847232,-2.6647880280000003,Ag6Au6
0.319901655,-2.8591049845,Ag6Au6
0.32012506,-2.652295673,Au6Fe6
0.321077867,-2.859096188,Ag6Au6
0.322403197,-2.536161554,Au12
0.322490546,1.607693839,La6Nb6
0.325127465,1.5997779675000001,Co6Zr6
0.333463264,2.6518907575,Ta6Tc6
0.335700856,1.395949705,Hg6Y6
0.338155323,-3.47273826,Ag12
0.343589164,-2.237230832,Au6Sc6
0.343858149,-3.6438201605000002,Au6Sc6
0.3445251,1.4409094999999998,Hf6Zr6
0.344905243,-3.0169753844999994,Hg6Nb6
0.346274248,-0.6490050775,Hg6Nb6
0.347848562,-3.0666248255,Ag6Au6
0.355347475,-3.472637646,Ag12
0.357374315,-1.8699251090000002,Au6Ti6
0.357846025,-3.463020997,Au6Y6
0.358895023,2.6244233914999997,Cr6Ta6
0.369483789,2.8945160485,Re6Y6
0.369598485,-0.6178075279999997,Ag6Os6
0.369796176,-1.7147974485,Ag6Os6
0.370425711,1.336503043,Cr6Os6
0.370696601,-5.068130775,Cd6Cu6
0.371106676,-2.53620847,Au12
0.371146541,-2.1548298949999998,Au6Y6
0.372900451,0.8772930219999999,La6Pd6
0.373002493,-2.993431502,Au6Co6
0.37534172,1.349361237,Hg6Mo6
0.378127485,-0.7405079665,Fe6Hg6
0.38134183,1.406039473,Cd6Y6
0.387234727,1.2783728505000003,La12
0.387980591,-0.8756613750000002,Ir6Mn6
0.388042633,1.6665134524999998,Hf6Sc6
0.389513545,0.8976639074999999,Cu6La6
0.390020357,1.0708474060000002,Pd6Sc6
0.392296725,2.0513285275,La6Ta6
0.393462053,2.9105435305,Re6Ta6
0.39593203,-2.5362675245,Au12
0.396337071,1.6062094729999998,Nb6Tc6
0.397102664,-3.0666355980000004,Ag6Au6
0.397896692,1.3092820045,Tc6V6
0.398431532,-1.1292374029999999,Ir6Mn6
0.402204934,0.8090325185,Cd6La6
0.403341826,-2.8532846355,Au6Cu6
0.40942425,-1.0859976384999999,Hg6Pd6
0.418085634,-1.135134069,Fe6Ni6
0.420043901,-0.863122223,Au6Fe6
0.420673845,-3.4630889530000006,Au6Y6
0.42099834,1.3574864345000002,Co6Ti6
0.423720295,-3.883362557,Hg6Y6
0.43377735,-3.2181865869999995,Fe6Hg6
0.436957953,1.2086634809999999,Sc6Zn6
0.437008838,1.5085672305,Cr6Nb6
0.439329561,-4.4806681845,Ag6Zn6
0.442080904,-5.4382478789999995,Ag6Zn6
0.44578138,-4.053724295,Ag6Y6
0.447233244,-3.839420337,Ag6La6
0.448923887,0.8227820444999999,Ir6Ti6
0.449923905,2.0309703765,Sc6W6
0.452097143,-0.06945737350000003,Mn6Zn6
0.455520063,1.751823887,Nb6Sc6
0.456825257,-2.9933801755,Au6Co6
0.45831059,-4.1795684255,Mn6Zn6
0.460793084,-4.928135493499999,Ag6Zn6
0.462215151,-3.4726444145,Ag12
0.473424881,-4.928106076,Ag6Zn6
0.47352189,1.3166029634999998,Mn6Zr6
0.480319701,-2.0290196145,Cd6Cu6
0.484828492,1.8742024650000002,Hf6Y6
0.490417982,0.22643957050000008,Fe6Zr6
0.494698197,-3.5556988765,Ag6Cu6
0.50031449,1.8311905249999998,Nb6Re6
0.500917222,0.4297629169999999,Fe6Hf6
0.502743378,-3.5986789249999998,Ag6Co6
0.505598669,-3.5125837719999997,Au6Fe6
0.508873015,-2.664823697,Ag6Au6
0.510159161,-5.438267948,Ag6Zn6
0.510797676,-2.545564379,Cd6Rh6
0.515337215,-2.96881241,Au6Cd6
0.517986107,-4.603726943,Ag6Cd6
0.518440401,-5.867769598,Au6Hg6
0.518452238,-2.643986046,Au6Hg6
0.520936638,-1.8244358584999998,Cu12
0.524432212,-4.483625260999999,Au6Zn6
0.526466807,-6.4206893635,Zn6Zr6
0.532293989,-4.6037447485000005,Ag6Cd6
0.534248174,-2.5361308635000004,Au12
0.534527227,1.178122406,Pt6Sc6
0.538050965,-1.1096898375,Cu6Pd6
0.538714379,1.6917723475,Re6Y6
0.540172501,-3.206645046,Ag6Mo6
0.542367235,-4.483625911,Au6Zn6
0.549396752,-3.8057627574999997,Ag6Zn6
0.552737221,-6.904137429,Zn12
0.556391982,-0.6684689979999999,Fe6Ni6
0.55880985,-1.8261299375,Cu6Hg6
0.564801116,1.94828345,Cr6Ti6
0.571488586,-2.136705953,Cu6Zn6
0.575155456,-5.096937254,Au6Zn6
0.57755999,-3.7523835355,Ag6Cd6
0.579069405,-6.9041593335,Zn12
0.579831324,-0.4479701260000001,Cd6Mn6
0.580359089,-2.948556619,Ag6Rh6
0.581275432,-6.904157490499999,Zn12
0.581448769,-5.096935895500001,Au6Zn6
0.582495455,-7.7244191135,Cd6Zn6
0.586776894,0.2752168840000001,Fe6Y6
0.587112274,-3.9454257019999996,Au6Zn6
0.587634325,2.5605498339999997,Cr6Hf6
0.587634325,2.5605498339999997,Cr6Hf6
0.587634325,2.5605498339999997,Cr6Hf6
0.588923872,-6.4237121555000005,Hf6Zn6
0.592798229,-1.8261299375,Cu6Hg6
0.594304515,-3.945432234,Au6Zn6
0.603667408,-6.897358336,Cd6Zn6
0.609511461,-0.061776552500000026,Mn6Ru6
0.611268228,-6.0957378405,Ag6Cd6
0.613655754,-5.6608577495,Au6Cd6
0.614302841,-7.4554804965,Cd6Zn6
0.614641487,1.9326242625,Tc6Ti6
0.61473074,2.056871152,Cr6Zr6
0.615162721,2.4111775445,Ru6Zr6
0.622470474,-6.095757132499999,Ag6Cd6
0.626203196,-6.8973763964999995,Cd6Zn6
0.626520889,-6.718800282,Au6Zn6
0.631048183,-5.2920218055,Ag6Cd6
0.637607623,-5.2919921765,Ag6Cd6
0.646948611,2.1542473634999997,Mo6Zr6
0.648132442,1.9694626335,Ru6Ti6
0.650903241,0.1092933935,Fe6La6
0.653644108,1.601160171,Co6La6
0.664744856,-7.72439722,Cd6Zn6
0.670388633,-3.0274300679999997,Ag6Re6
0.674909124,-4.0664639685,Cu6Hg6
0.692033656,2.7025215595,Hf6Tc6
0.70255589,-6.7801109534999995,Ag6Zn6
0.705763024,2.2604249545,Co6Y6
0.707040598,2.2512238035,Tc6Zr6
0.733041483,-0.9072840119999999,Fe6Pt6
0.750678542,1.5009704215000002,Mn6Y6
0.766398694,3.2405948315,Hf6Os6
0.773363584,-6.9040881085,Zn12
0.775356546,2.660901558,Os6Zr6
0.778365853,2.4159195105,La6Rh6
0.785886807,2.17693178,Re6Ti6
0.790869756,-3.5985848925,Ag6Co6
0.806633719,2.2131902995,Co6Sc6
0.806633719,2.2131902995,Co6Sc6
0.806633719,2.2131902995,Co6Sc6
0.812446206,2.199562336,Os6Ti6
0.813490579,2.985700693,Hf6Re6
0.825439234,-8.3809963115,Cd12
0.831530366,2.7491268785,Rh6Sc6
0.837703269,-3.555705116,Ag6Cu6
0.839368333,-8.381020476,Cd12
0.840482095,-6.6440968235,Cu6Zn6
0.843005271,2.467990185,Re6Zr6
0.844867346,-3.4725156425000003,Ag12
0.87136171,-8.380976285000001,Cd12
0.875933902,-4.98870688,Ag6Hg6
0.876429966,2.095049691,Cr6La6
0.879984725,-3.752399581,Ag6Cd6
0.883239207,-8.190850465999999,Cd6Hg6
0.889111287,-4.9887121955,Ag6Hg6
0.915233808,1.1154839689999998,Au6Re6
0.926075639,2.9568970835,Ru6Sc6
0.927720839,-3.5571796454999998,Ag6Hg6
0.93104403,2.904880966,Tc6Y6
0.934979068,-5.914782539999999,Ru6Zn6
0.936386169,-5.854866171,Rh6Zn6
0.939078327,-0.4150194975,Ir6Mn6
0.950766296,-3.0275786605,Ag6Re6
0.963893884,2.507046163,La6Ru6
0.966015964,-8.381055610499999,Cd12
0.970614824,-3.2891522,Ag6Au6
0.971460554,-8.281348113,Ag6Cd6
0.977802303,-8.1908439295,Cd6Hg6
0.99140092,-8.13904156,Au6Cd6
0.99467513,-8.166639829500001,Cd6Cu6
1.032559635,1.6421737495,Ir6Y6
1.036602974,-8.339660533,Cd6Fe6
1.038256746,-6.204663215499999,Co6Hg6
1.05450235,-8.190850465999999,Cd6Hg6
1.059458904,-5.9823097755,Ir6Zn6
1.062123171,1.0811823315,Ir6La6
1.083394173,2.5770403440000003,La6Re6
1.098776088,-6.226706322,Hg6Ni6
1.109887993,-6.166271992,Cu6Hg6
1.122671493,-5.199557027,Cd6Mn6
1.129916388,-5.4705203125,Hg6Rh6
1.146822276,-6.141756801,Ag6Hg6
1.157129949,3.4630165015000003,Os6Y6
1.186901924,-0.4481181435000001,Cd6Mn6
1.231930641,-1.10902067,Cu6Mn6
1.25758118,-2.40386364,Cu6Mn6
1.257930847,-1.0811813075,Fe6Rh6
1.259108011,-0.9521922400000001,Fe6Rh6
1.350974323,-0.18050751649999996,Mn6Rh6
1.352422649,-0.4110081685,Mn6Rh6
1.439444247,-0.41090496749999994,Mn6Rh6
1.481918496,-0.619841015,Mn6Rh6
1.548464751,-1.2077974645,Fe6Rh6
1.576924185,-1.799970975,Cu6Mn6
1.661811322,-1.79998374,Cu6Mn6
1.698413762,-0.6468940675,Hg6Mn6
1.791676563,-0.8221312084999999,Fe6Rh6
1.88823439,-0.3341594815000001,Cu6Mn6
2.143894049,-0.6465807055000001,Hg6Mn6
2.144638688,-2.403861429,Cu6Mn6
2.436977796,-0.610937838,Ag6Mn6
2.448340998,-4.1218757275,Ag6Mn6
2.735531848,-0.643381828,Au6Mn6
3.026536918,-0.6109095345000001,Ag6Mn6
3.749002425,-4.121886899,Ag6Mn6
