-2.761802713811438437e-02,-3.740904906898025462e-01,2.051790575972322339e-01,-5.053448862077983827e-01,2.053446606683274389e+00,6.966345233993086472e-01,-1.734243905060652402e+00,7.752375049006896557e-01,-3.192378460966126541e-01
7.440082234283140750e-01,-1.736848285139572790e+00,-2.410260022181879291e-01,-1.546940354361740377e+00,-6.470079002910840149e-01,-2.016153915234353278e+00,-6.347418759217028361e-01,7.134234753046908573e-02,-1.560543929083844095e+00
-9.976777029391231677e-01,6.639436121439473704e-01,6.426267419657669677e-01,3.582626824471215055e-01,4.538742506357451023e-01,8.003768421185601945e-01,4.647601532172467853e-01,7.752375049006896557e-01,2.263622795032062818e-01
-6.614157595239364973e-01,6.262637265213375493e-01,6.433241873818150713e-01,4.618573638360567446e-01,-3.002098600723759891e-01,5.070617417792464554e-01,4.647601532172467853e-01,7.752375049006896557e-01,-5.053655482755694400e-02
-4.179288750831964827e-01,6.789496232032020684e-01,-1.084376462661457152e+00,1.989039185269441123e+00,-6.550729709938445389e-01,-6.600242572829451149e-01,-1.734243905060652402e+00,7.752375049006896557e-01,2.163374319877850116e+00
-1.610250552443434902e-01,7.379548102170684354e-01,4.998289864642480596e-01,4.110610458827334557e-01,-7.497031339062362187e-01,9.582870666669964788e-01,4.647601532172467853e-01,7.752375049006896557e-01,3.476176881642232819e-01
-5.972279208579682752e-01,-5.648661904202589845e-01,6.026981577193019080e-01,1.070387851933343404e+00,-4.359718835688469740e-01,4.011298474317937651e-02,4.647601532172467853e-01,-1.483249631046563266e+00,9.066799694150985411e-01
-5.449323658403263382e-01,-4.956345887687262260e-03,1.232224074058628105e+00,-3.624091922818766659e-02,-1.122174982528732379e+00,1.047908178368024551e-01,4.647601532172467853e-01,-1.483249631046563266e+00,-3.821160086002784451e-01
-2.799478917276107537e-01,3.692319426464358290e-01,-5.004850962639182388e-01,7.000879964193823524e-01,-1.563827658731443415e-01,-1.260923242644673703e+00,-6.347418759217028361e-01,7.134234753046908573e-02,9.453084823246453439e-02
-9.556735472325333935e-01,3.692319426464358290e-01,9.943427628791279282e-01,3.432222783779437791e-01,1.139405260370400130e+00,8.694937543157441606e-01,4.647601532172467853e-01,7.752375049006896557e-01,9.453084823246453439e-02
4.524306004433912065e+00,-1.471245286640408434e+00,-5.031728523118056406e-01,-6.882226621701821312e-01,4.659718566898860548e-01,-2.479164967630174576e+00,2.663764211495145862e+00,1.252994397450850395e+00,-9.057236501050343058e-01
2.467430552357819940e-01,-1.737436571191832702e+00,1.576812163106498410e+00,-3.345953627105834882e-01,4.135488971219417609e-01,-1.808304382622699658e+00,4.647601532172467853e-01,-1.483249631046563266e+00,-1.330118913604386721e+00
-2.303967098595827989e-01,-3.855747181866187034e-02,8.800347791992467750e-01,1.193214647067015188e-01,-4.184975637128654502e-01,1.067732369868112929e-01,4.647601532172467853e-01,-1.483249631046563266e+00,-6.033757686296020717e-01
-4.110679422091619850e-01,-3.740904906898025462e-01,-1.659320069054671942e-01,9.205472994657026842e-02,4.081721833201014116e-01,3.572575998727468144e-02,-1.734243905060652402e+00,7.752375049006896557e-01,-3.192378460966126541e-01
-8.331677791372709141e-01,-1.435932164824278157e-01,4.944561624718917248e-01,-2.546459396779485185e-01,-1.301353969975064695e+00,1.632740438366981142e-02,4.647601532172467853e-01,7.752375049006896557e-01,-7.165864609801896323e-01
-1.713164545553956253e-01,-3.740904906898025462e-01,-4.632989275660528983e-01,-4.056996838620216539e-01,5.721619542762345079e-01,6.724108222615702291e-01,-6.347418759217028361e-01,7.134234753046908573e-02,-3.192378460966126541e-01
-9.561309427574694597e-01,6.639436121439473704e-01,1.517259706098852190e+00,3.385611781212897187e-01,4.269906816265430227e-01,1.275355898682607458e+00,4.647601532172467853e-01,-1.483249631046563266e+00,2.263622795032062818e-01
-6.835994424833157224e-01,1.256836457555156938e+00,6.167259792790761308e-01,5.719952060198189026e-01,-9.296886284228448316e-01,5.164214087994291047e-01,4.647601532172467853e-01,7.752375049006896557e-01,2.056204484674570843e-01
-7.506078868863871323e-01,3.692319426464358290e-01,3.918001502694296034e-01,8.600183727784188603e-01,-7.245669968826322638e-01,3.837994514911794441e-01,-1.734243905060652402e+00,7.752375049006896557e-01,9.453084823246453439e-02
5.097454820737765679e-01,1.129781325094576960e+00,-9.118472943584536861e-01,1.411678988042500027e+00,1.324901886533895512e+00,8.701496899022711506e-01,4.647601532172467853e-01,-1.483249631046563266e+00,1.179681863143117626e+00
-1.223751333872821756e-01,8.245174694385450920e-01,-5.227917549472959058e-01,1.760487829503938784e+00,-1.763348103398204136e+00,8.582276703957520958e-01,4.647601532172467853e-01,-1.483249631046563266e+00,1.595098474811863287e+00
3.867181100276372074e+00,-3.740904906898025462e-01,-1.479539188223850388e-01,-2.519366860061597269e+00,3.574966557377550203e-01,5.238119616547635138e-01,-1.734243905060652402e+00,7.752375049006896557e-01,-3.192378460966126541e-01
-3.051808781865608111e-01,9.734148978968418797e-01,-3.085820834675864072e-02,9.445697340429191069e-01,-9.245807503110964332e-01,1.017786207496791384e+00,4.647601532172467853e-01,7.752375049006896557e-01,8.790033410838370420e-01
4.404500600460264370e-01,7.598772178935141453e-01,-1.441030790257311622e+00,-7.778646812199386806e-01,8.845490261631639983e-01,9.638622773097853536e-01,4.647601532172467853e-01,7.752375049006896557e-01,1.193042808497481788e+00
-8.471623516758050587e-02,-1.121122376105561314e+00,-1.395199195205812703e+00,-8.443751389708419319e-01,7.145104521799602315e-01,-2.503330075555285195e+00,2.663764211495145862e+00,1.252994397450850395e+00,-7.748056667833486122e-01
-1.861818091158043698e-01,-1.366121008320976271e+00,7.522705062630946626e-01,-6.931283304829113368e-01,2.288677835513793113e+00,-9.455976873541366290e-01,4.647601532172467853e-01,-1.483249631046563266e+00,-1.435615885526342783e+00
6.805827106372388524e-01,1.379995004968010530e+00,-1.879536483457804885e-01,9.815654656471227701e-01,3.033262641842128238e-01,1.355164158353927117e+00,4.647601532172467853e-01,-1.483249631046563266e+00,9.220682368906188975e-01
-6.464741723760394354e-01,-7.457517073579214006e-01,9.612795719954871088e-02,-2.727712283832484652e-01,1.371948132299999124e+00,-2.586995038042018136e-01,4.647601532172467853e-01,-1.483249631046563266e+00,-1.146775234754766837e+00
-5.970754556829898085e-01,-2.175112760481935359e-01,1.051700772053339339e+00,2.227428843543280967e-01,-1.325280346393254760e+00,-1.676802076115146423e-01,2.663764211495145862e+00,1.252994397450850395e+00,-4.612208152487219381e-01
-4.969058357220841882e-01,4.610292525450975232e-01,4.830907514856769835e-01,1.898456316571220659e-01,3.839769712118195066e-01,-1.078993691336482263e-01,4.647601532172467853e-01,7.752375049006896557e-01,-6.330885223591159461e-01
-3.364040154976759983e-02,1.298384984316734769e+00,-1.553746185190238549e+00,-8.129550143144655960e-01,-2.027469424964027933e+00,9.865746379623105966e-01,-1.734243905060652402e+00,7.752375049006896557e-01,9.220682368906188975e-01
8.120839240562360839e-01,1.462582484049202991e+00,-1.243795795324236675e+00,1.601647635481989074e+00,5.452783852670324283e-01,1.695563459137459761e+00,4.647601532172467853e-01,7.752375049006896557e-01,1.335836931219696044e+00
-5.970754556829898085e-01,1.298384984316734769e+00,1.880697518183969963e-01,1.072502683369913168e+00,-1.325280346393254760e+00,-1.676802076115146423e-01,-1.734243905060652402e+00,7.752375049006896557e-01,5.082995425615416396e-01
-8.114414917028277552e-01,1.854208743872094722e-01,6.954499444367429062e-01,1.541885062848505350e-01,-9.720302496123381930e-01,3.184129520108847089e-01,2.663764211495145862e+00,1.252994397450850395e+00,-4.612208152487219381e-01
-9.764088110296160750e-01,1.298384984316734769e+00,1.357800923456548015e+00,5.630333074711609820e-01,-1.514809507908130071e+00,1.410803967943143222e+00,4.647601532172467853e-01,-1.483249631046563266e+00,5.082995425615416396e-01
1.269816602901326363e-01,-7.665746640197038109e-02,-5.954855350121116692e-02,9.380932920760119975e-01,-8.855995752477533456e-01,8.176345797843274921e-02,4.647601532172467853e-01,-1.483249631046563266e+00,6.976775671994991379e-01
-3.717319270646960994e-01,-1.107187035932018837e+00,8.646252046856799378e-01,7.139902301601959433e-02,2.333035724378976550e+00,-5.306186805814622209e-01,4.647601532172467853e-01,-1.483249631046563266e+00,-1.018974754647549164e+00
-1.129407614120588876e+00,3.485112220235267455e-01,7.032558147435340190e-02,-1.418175222103468025e+00,4.619393213385055708e-01,1.229037404952991297e+00,4.647601532172467853e-01,7.752375049006896557e-01,3.476176881642232819e-01
6.295068770194250929e-01,-2.108509501807691588e+00,2.336638003432893296e+00,-9.198062773152375637e-01,-8.523136322532437123e-03,-2.229098466172827031e+00,-6.347418759217028361e-01,7.134234753046908573e-02,-1.560543929083844095e+00
-9.561309427574694597e-01,9.734148978968418797e-01,1.373768568788480859e+00,5.025529543172657654e-01,4.269906816265430227e-01,1.275355898682607458e+00,4.647601532172467853e-01,-1.483249631046563266e+00,3.641941392773607733e-01
1.173763542664841980e-01,8.753406516699676621e-01,-1.418922592955399603e-02,1.777305342665978616e+00,-1.048782839133610478e+00,3.537605826576799561e-01,4.647601532172467853e-01,7.752375049006896557e-01,1.595098474811863287e+00
4.858084496021446985e-01,-2.108509501807691588e+00,-2.676477029189778811e-01,-7.968905966649384442e-01,-5.797989777680786494e-01,-2.678710498421762676e+00,-6.347418759217028361e-01,7.134234753046908573e-02,-1.560543929083844095e+00
-4.274579485193557016e-01,1.185879923694436178e-01,-9.178806551144349513e-01,-7.983095613539025193e-01,-1.338453295207763682e+00,4.110093262620370669e-01,4.647601532172467853e-01,-1.483249631046563266e+00,1.595098474811863287e+00
-4.903498331980065683e-01,-1.489074140694159887e+00,3.087745655492424746e+00,9.509780917286711488e-02,3.745677220585987288e-01,-2.211800566253785683e-01,-1.734243905060652402e+00,7.752375049006896557e-01,-1.146775234754766837e+00
-7.411990550657156229e-02,-1.736848285139572790e+00,-3.720984777620083839e-01,-1.533696440048718301e+00,-3.526328196403200610e-01,-1.629154988585006292e+00,-6.347418759217028361e-01,7.134234753046908573e-02,-1.560543929083844095e+00
-6.614157595239364973e-01,3.692319426464358290e-01,4.903285447260335439e-01,5.688791542437187099e-01,-3.002098600723759891e-01,5.070617417792464554e-01,-1.734243905060652402e+00,7.752375049006896557e-01,9.453084823246453439e-02
4.404500600460264370e-01,7.598772178935141453e-01,-1.441030790257311622e+00,-7.778646812199386806e-01,8.845490261631639983e-01,9.638622773097853536e-01,4.647601532172467853e-01,7.752375049006896557e-01,1.193042808497481788e+00
7.494207371400528617e-01,-1.736848285139572790e+00,-5.297249600699588390e-01,-1.625637858108315070e+00,-8.429891183681679223e-01,-2.083672434484998170e+00,-1.734243905060652402e+00,7.752375049006896557e-01,-1.560543929083844095e+00
-1.465408636213816618e-01,-3.740904906898025462e-01,7.917471816039185484e-01,2.944180031561945965e-01,4.041396479687209831e-01,-2.105046295810488299e+00,-6.347418759217028361e-01,7.134234753046908573e-02,-3.192378460966126541e-01
-1.920517183524783067e-01,-1.086040836602668147e+00,1.470984100804408445e+00,-5.736840102087499282e-01,2.401498770125878590e-01,-1.092505079238305921e-01,4.647601532172467853e-01,7.752375049006896557e-01,-8.813058607746913076e-01
-9.889549644058553968e-02,5.739402926487873202e-01,-7.920818247082945796e-01,1.984558887535735172e+00,-8.052177039102388356e-01,-1.184246688655656854e-01,4.647601532172467853e-01,-1.483249631046563266e+00,2.021432362241770253e+00
4.164793121834496681e+00,-5.599210990238616681e-01,4.750345265084595092e-01,-2.010749314782262154e+00,2.832980052723570452e-01,-1.735843552367265230e-01,-6.347418759217028361e-01,7.134234753046908573e-02,-7.330065404256898010e-01
7.440082234283140750e-01,6.454618694565436021e-01,-4.030659498496587112e-01,1.198054043439593874e+00,-6.470079002910840149e-01,-2.016153915234353278e+00,4.647601532172467853e-01,7.752375049006896557e-01,1.497658614100850494e-01
9.348946225014562739e-01,1.007388390877110851e+00,-1.271888186341193938e+00,1.810312796516959644e+00,-1.739018473444876145e+00,5.565062760482949455e-01,4.647601532172467853e-01,-1.483249631046563266e+00,1.469401943471436933e+00
7.246451462060388149e-01,4.310136029507046773e-01,-1.361880996248854281e+00,1.948403210755257797e+00,-1.502577484008943198e+00,1.085527355657014137e-01,4.647601532172467853e-01,7.752375049006896557e-01,1.749605625548773080e+00
-2.165223789365354756e-01,9.057634458390179111e-01,1.132996333083194029e+00,1.940686349306113001e-01,-1.369369399568346246e+00,2.887924819562928680e-01,4.647601532172467853e-01,-1.483249631046563266e+00,-4.656225181507384625e-01
1.304121267271503015e-01,-4.670057948568324679e-01,-6.468811319044562858e-01,-6.168335536804263608e-01,5.977013448349767222e-01,2.585172091572889297e-01,-1.734243905060652402e+00,7.752375049006896557e-01,-7.330065404256898010e-01
-5.180984950441021031e-01,-2.514182778940509122e-01,9.086714943840147329e-01,3.405465185292393393e-01,3.786002574099787132e-01,-7.943947954903451958e-01,4.647601532172467853e-01,-1.483249631046563266e+00,-6.181310739097629625e-01
3.711590389210763341e+00,2.039000958237817962e-01,-8.471759280008588355e-01,-9.754980578916913059e-01,-2.981935923966857471e-01,2.332218848380536169e-01,2.663764211495145862e+00,1.252994397450850395e+00,2.945113710333244206e-01
-2.238407073355051513e-01,2.184698783501434483e-01,4.909243887792282268e-01,2.481160925294179642e-01,1.077573051649235669e+00,-8.214713476546838811e-01,4.647601532172467853e-01,7.752375049006896557e-01,-8.313994301226186323e-01
5.771846182187494873e-03,1.298384984316734769e+00,-1.787559121040379173e+00,-6.587321979009531647e-01,-8.354617190455911890e-01,2.975914357704123048e-01,-6.347418759217028361e-01,7.134234753046908573e-02,1.335836931219696044e+00
1.576271604608205368e-01,-1.453042677603702648e+00,1.553152396212939268e-01,-7.459695727682283950e-01,4.968879610504686184e-01,-1.918551564410283294e+00,4.647601532172467853e-01,7.752375049006896557e-01,-1.560543929083844095e+00
-5.477529715774295260e-01,3.380968762776541681e-01,-1.473389297153511857e+00,-6.933555045405447315e-01,-8.870916133277639837e-01,8.336043705667877113e-01,4.647601532172467853e-01,-1.483249631046563266e+00,1.055176598825109613e+00
-6.771959051342164582e-01,-9.793350473394183409e-01,4.123711202854406510e-01,8.331162177209641140e-01,8.861128306883617276e-04,-6.053678782983211715e-01,2.663764211495145862e+00,1.252994397450850395e+00,6.482359256651674950e-02
-3.988707282108780450e-01,-1.006910190052250798e+00,1.214703087967094142e+00,-7.118779589467025271e-02,1.475449872985427291e+00,-2.574803729418075338e-01,2.663764211495145862e+00,1.252994397450850395e+00,-9.514201571087789189e-01
4.112650031991833544e+00,-1.396158836527130020e+00,9.419965757524038086e-01,-2.180534483390128120e+00,6.928691791275523038e-01,-7.437878451992906426e-01,-6.347418759217028361e-01,7.134234753046908573e-02,-1.146775234754766837e+00
7.726716763242819086e-01,1.462582484049202991e+00,-9.512963589771130657e-01,1.344602143891617807e+00,2.148883276665942255e+00,1.908738011574205418e+00,4.647601532172467853e-01,-1.483249631046563266e+00,1.193042808497481788e+00
-8.425443873984508336e-01,1.319578815755302059e-01,6.753375826168743767e-01,1.439675215032768241e-01,8.960189056105555272e-02,9.016808700191654147e-01,4.647601532172467853e-01,7.752375049006896557e-01,-6.938175898161406951e-02
-9.243419537744418379e-01,-2.210819951995819099e-01,-4.539342133834923243e-01,-1.756088595385363105e+00,1.256483203405476035e+00,3.548443434332643198e-01,4.647601532172467853e-01,-1.483249631046563266e+00,-2.852252337169622898e-01
-3.962025876487532683e-01,6.856065586717303706e-01,-1.268427035821130255e+00,-1.058377079931744902e+00,2.338412438180816899e+00,9.483463389234686458e-01,4.647601532172467853e-01,7.752375049006896557e-01,1.039238290521692809e+00
5.368842832199576254e-01,6.639436121439473704e-01,-1.331566576730495166e+00,1.605679689288398215e+00,3.812886143108993320e-01,1.196659739023404834e+00,4.647601532172467853e-01,-1.483249631046563266e+00,1.455116713169662512e+00
-8.212754954889437409e-01,1.260386205189185427e+00,2.131132387652140414e-01,-1.512127486784265118e+00,2.252738588309605508e-02,9.710867606025075371e-01,4.647601532172467853e-01,-1.483249631046563266e+00,4.003149305606785308e-02
-5.767975874108433043e-01,-1.396158836527130020e+00,2.080613296993030659e+00,-4.502385629457953398e-01,5.291482438615110473e-01,-1.638355887714992576e-01,-6.347418759217028361e-01,7.134234753046908573e-02,-1.146775234754766837e+00
1.328515695268065733e-01,-5.367464618291987177e-01,-8.843644507112859987e-01,6.437195268197331011e-01,-4.090883145596448944e-01,-1.647673385891729625e+00,2.663764211495145862e+00,1.252994397450850395e+00,-4.249298263214467686e-01
-2.720197026287265452e-01,-1.489074140694159887e+00,1.633801974102663479e+00,-2.419021789222051411e-01,-1.658820702529291771e-02,-3.727486601087242613e-01,4.647601532172467853e-01,-1.483249631046563266e+00,-1.146775234754766837e+00
-3.076203209862171106e-01,6.205033343028908410e-01,-1.270169033773353551e+00,-8.013305309229848961e-01,3.731334883815741466e-02,1.218958610485644689e+00,4.647601532172467853e-01,-1.483249631046563266e+00,9.220682368906188975e-01
-5.767975874108433043e-01,-2.904121963731306488e-01,8.790594813212423420e-01,3.830406601984113202e-01,5.291482438615110473e-01,-1.638355887714992576e-01,4.647601532172467853e-01,7.752375049006896557e-01,-3.983563234570527967e-01
3.413036872819754514e-02,-9.442715685207355714e-01,1.392842746067557647e+00,-1.933606508080187580e-01,7.845421494489319691e-01,-1.509342740773049751e+00,4.647601532172467853e-01,-1.483249631046563266e+00,-1.237902348752910164e+00
-1.832087382037227985e-01,1.379995004968010530e+00,3.353736276402579097e-01,7.157660130958510836e-01,2.858519443282315220e-01,9.111320481344883371e-01,4.647601532172467853e-01,7.752375049006896557e-01,6.408442581658120307e-01
-5.437888770279873940e-01,-4.887610359444303221e-01,1.450543517782892255e+00,-4.871304806305314372e-01,-1.372729845694496520e+00,2.993875942200179274e-01,4.647601532172467853e-01,7.752375049006896557e-01,-4.874576974440962829e-01
-3.269071656210031374e-01,6.639436121439473704e-01,-8.274337968615690375e-01,1.436840269278639504e+00,5.278040654110511820e-01,8.319530486181956341e-01,4.647601532172467853e-01,-1.483249631046563266e+00,1.291222274789840974e+00
1.510711579367428892e-01,-1.379416532252648597e+00,1.103845055075300952e+00,-2.820575567788002336e-01,8.490627150710167159e-01,-1.337375336629391898e+00,4.647601532172467853e-01,-1.483249631046563266e+00,-1.330118913604386721e+00
-2.686654687791981133e-01,-5.284224567489472779e-01,1.224363223037904902e+00,-8.859874507354691120e-02,1.163954043436924053e-02,-3.867352870971139667e-01,4.647601532172467853e-01,-1.483249631046563266e+00,-9.072623419863118377e-01
-4.903498331980065683e-01,-3.740904906898025462e-01,-4.645463536296224882e-01,8.869114079811230011e-02,3.745677220585987288e-01,-2.211800566253785683e-01,-6.347418759217028361e-01,7.134234753046908573e-02,-3.192378460966126541e-01
3.818272002667744691e-01,1.793933273207559242e+00,5.989836538015115286e-01,-3.184363862227362341e-01,9.754154894142671450e-01,6.809465457542914768e-01,-1.734243905060652402e+00,7.752375049006896557e-01,-3.192378460966126541e-01
-6.939348508223655565e-02,1.379995004968010530e+00,1.157084799247640877e-01,7.838153617343694979e-01,-3.146422520691878350e-03,1.541364938136538409e+00,4.647601532172467853e-01,7.752375049006896557e-01,7.639005027759727673e-01
-6.172008587801580681e-01,-3.740904906898025462e-01,4.454159402602683726e-02,2.009097367076493335e-01,1.308771745128374242e+00,4.223937349044973311e-01,-6.347418759217028361e-01,7.134234753046908573e-02,-3.192378460966126541e-01
3.130976299109438504e-02,5.834046543097238802e-01,-1.661629743583664665e+00,-5.787303258481474311e-01,-5.511814185577826875e-01,7.625561698575210601e-01,4.647601532172467853e-01,-1.483249631046563266e+00,7.639005027759727673e-01
-5.180984950441021031e-01,-1.303243532360099932e+00,1.325553171173947220e+00,-1.304459241648314505e+00,3.786002574099787132e-01,-7.943947954903451958e-01,-6.347418759217028361e-01,7.134234753046908573e-02,-1.560543929083844095e+00
3.680335028340162129e+00,-7.147799393022448156e-01,-1.421910103756763410e+00,-6.367642988361960077e-01,-1.179571402363378985e+00,-2.303702991973923808e-01,-6.347418759217028361e-01,7.134234753046908573e-02,9.453084823246453439e-02
-4.592469375023825462e-01,-1.007642492725929317e+00,6.869682226027877814e-01,-3.710446012658047410e-01,2.331691545928516796e+00,-3.683565512213256565e-01,4.647601532172467853e-01,7.752375049006896557e-01,-1.146775234754766837e+00
-1.171411769827178651e+00,9.505667548864484839e-01,-6.423173480614324804e-01,-1.103139474832768085e+00,1.139270842525354599e+00,8.729377270856268911e-01,4.647601532172467853e-01,-1.483249631046563266e+00,6.408442581658120307e-01
-2.099663764124578003e-01,5.671639677318403017e-01,8.984829142461638884e-01,2.115513924309642413e-01,4.014512910678008084e-01,-5.570219608563473646e-01,4.647601532172467853e-01,7.752375049006896557e-01,-8.313994301226186323e-01
7.865460072473292596e-01,1.298384984316734769e+00,-1.416893872129331822e+00,1.696038691410548971e+00,-7.031945595203165089e-01,1.169825467783986994e+00,4.647601532172467853e-01,7.752375049006896557e-01,1.335836931219696044e+00
1.669275361345121667e-01,1.627802929778495056e+00,7.116619870152834926e-01,6.883091833481446153e-01,-2.934889678200753860e-01,9.490285589927738297e-01,4.647601532172467853e-01,7.752375049006896557e-01,4.512922224968658469e-01
3.431010458222239490e-01,-1.580937988988899146e-01,-6.992382231137163062e-01,5.303959553966636209e-01,-6.470079002910840149e-01,-1.508144390199079421e+00,2.663764211495145862e+00,1.252994397450850395e+00,-5.355455373361213134e-01
-1.166576893255866360e-01,1.298384984316734769e+00,-5.944110201348258293e-01,1.256408910865580486e+00,3.436516176980161652e-01,9.903714810499579801e-01,4.647601532172467853e-01,-1.483249631046563266e+00,1.039238290521692809e+00
4.047852332625951455e+00,4.739373557992258013e-01,-2.275422343384394530e-01,-1.236962479565755446e+00,2.796687234561150981e-01,2.731228861747425074e-01,4.647601532172467853e-01,-1.483249631046563266e+00,-1.883381484358601921e-01
2.787607419812764831e-01,-4.670057948568324679e-01,-3.889613768565530760e-01,-4.735296662493914122e-01,1.049345304189573280e+00,5.781505383990053620e-02,-1.734243905060652402e+00,7.752375049006896557e-01,-7.330065404256898010e-01
4.164793121834496681e+00,-7.147799393022448156e-01,-1.076384772435394543e+00,-7.943662292226890687e-01,2.832980052723570452e-01,-1.735843552367265230e-01,-6.347418759217028361e-01,7.134234753046908573e-02,9.453084823246453439e-02
2.978188888535949208e-01,-2.370189819202694614e-01,5.581377595054923813e-01,-2.543912887637038711e-01,-1.563827658731443415e-01,4.613448599472625977e-01,4.647601532172467853e-01,-1.483249631046563266e+00,-2.852252337169622898e-01
5.242618972562308050e-02,1.298384984316734769e+00,-9.976061156260116469e-01,1.171504937951983072e+00,1.163954043436924053e-02,1.275105992416100120e-01,-6.347418759217028361e-01,7.134234753046908573e-02,9.220682368906188975e-01
-7.703521270461092252e-01,-1.396158836527130020e+00,5.809363495016741652e-01,-2.156899649683799769e+00,-3.506165519646300965e-01,-9.602366895681218040e-01,-6.347418759217028361e-01,7.134234753046908573e-02,-1.146775234754766837e+00
2.322910871723091186e-02,3.692319426464358290e-01,-1.103661486217719645e+00,1.852607919228217215e+00,-3.338143213338787274e-01,7.597033333778496766e-01,-6.347418759217028361e-01,7.134234753046908573e-02,1.749605625548773080e+00
-3.744763002143100539e-01,9.847788771300844957e-01,-7.920497680615735669e-01,-1.232780635501964817e+00,5.821088748096395760e-01,1.275200686584309961e+00,4.647601532172467853e-01,7.752375049006896557e-01,7.639005027759727673e-01
4.404544609488262985e+00,-1.688623515425443158e-02,-1.651941586118064853e+00,-6.298860966271122575e-01,-1.132928410132413077e+00,-4.524111577306549337e-01,4.647601532172467853e-01,-1.483249631046563266e+00,1.113032793367795259e+00
-6.242142568291708660e-01,-1.489074140694159887e+00,2.993969921537008805e+00,-9.086132847122413425e-01,-1.272454133290172429e+00,4.438251756803705816e-02,-1.734243905060652402e+00,7.752375049006896557e-01,-1.146775234754766837e+00
-3.334631681450808127e-01,1.174497912094028207e+00,7.393279026667176623e-01,8.442091151043196184e-02,-1.126879607105342851e+00,5.735737899077439916e-01,-1.734243905060652402e+00,7.752375049006896557e-01,-3.192378460966126541e-01
4.404500600460264370e-01,1.141419151519854625e+00,-1.357659002029647732e+00,-8.236444087396749270e-01,8.845490261631639983e-01,9.638622773097853536e-01,4.647601532172467853e-01,7.752375049006896557e-01,1.055176598825109613e+00
-9.759514155046800088e-01,6.639436121439473704e-01,9.603742267147556966e-01,3.414098846219856265e-01,-4.750431138587547092e-02,1.013496678099322867e+00,4.647601532172467853e-01,7.752375049006896557e-01,2.263622795032062818e-01
5.325390257330694377e-01,1.141419151519854625e+00,-1.559294596293593793e+00,-7.732619686160210337e-01,1.147873584608299247e+00,1.440401957536953770e+00,4.647601532172467853e-01,7.752375049006896557e-01,1.335836931219696044e+00
-1.029390459334661667e+00,1.092548809894168943e-01,1.271173094425596950e-01,1.516997362874186184e+00,-7.722853318739661965e-01,4.073823622140979039e-01,4.647601532172467853e-01,7.752375049006896557e-01,1.535672967352851748e+00
-1.649129172062963888e-01,-1.052227595531028737e+00,1.079700758292149620e+00,-5.271791980828035573e-01,-2.027458240055141747e+00,-3.319881861882604257e-01,4.647601532172467853e-01,-1.483249631046563266e+00,-8.813058607746913076e-01
3.711590389210763341e+00,5.476534822660438229e-01,-7.198227622508313051e-01,-1.084112026665154271e+00,-2.981935923966857471e-01,2.332218848380536169e-01,4.647601532172467853e-01,-1.483249631046563266e+00,3.641941392773607733e-01
7.178926694789834750e-02,-1.573420113992326730e+00,9.738536122730184763e-01,-3.390993722505775687e-01,1.789987630393092832e+00,-1.335615585506950254e+00,4.647601532172467853e-01,7.752375049006896557e-01,-1.298114781801809281e+00
5.762965309519118007e-01,3.692319426464358290e-01,-1.586308891493236617e+00,1.935812193551688543e+00,-1.878409778757589521e+00,8.155968505049062678e-01,-1.734243905060652402e+00,7.752375049006896557e-01,1.749605625548773080e+00
-1.849620877159753596e-01,-1.427704236326472698e+00,1.271792532125585407e+00,1.644824422542387476e-01,-2.397218298016709770e-01,-2.157156611232796450e+00,4.647601532172467853e-01,-1.483249631046563266e+00,-1.155440706499083037e+00
5.700014497497968291e-02,6.109426661516014628e-02,-1.177719408471819218e+00,-1.125836191511075945e+00,-7.869368769839814037e-01,6.146787505456991624e-02,4.647601532172467853e-01,-1.483249631046563266e+00,4.822342911763529139e-01
-7.983734956826708806e-02,-4.670057948568324679e-01,-4.009070791977647485e-01,-6.265996723185327522e-01,-5.153684673725595494e-02,1.826275794652438000e-01,-6.347418759217028361e-01,7.134234753046908573e-02,-7.330065404256898010e-01
-3.047234826616247449e-01,3.692319426464358290e-01,-3.244284967504502126e-01,7.572231263936992640e-01,-1.256055156194559208e+00,8.820372568252442536e-01,4.647601532172467853e-01,7.752375049006896557e-01,5.654919111681679933e-01
-1.202667130697780307e+00,3.072884065350825478e-01,-1.507911326811942843e+00,-7.245428369365362054e-01,-8.550867244223088193e-01,2.124167448031756000e-01,-6.347418759217028361e-01,7.134234753046908573e-02,9.220682368906188975e-01
4.480293097669570124e-02,9.554898925303009216e-01,-2.303858395772688805e-01,1.794148121718907474e+00,4.918648182068601805e-03,5.032771981202748268e-01,4.647601532172467853e-01,-1.483249631046563266e+00,1.709355678736707240e+00
-3.076203209862171106e-01,9.505667548864484839e-01,-9.959609411180332383e-01,-8.934023211931922948e-01,3.731334883815741466e-02,1.218958610485644689e+00,4.647601532172467853e-01,-1.483249631046563266e+00,9.220682368906188975e-01
-1.048982234319404627e+00,2.035860643315678398e-01,-1.247886855282964280e+00,-5.836368272783950539e-01,-2.027464530810290100e+00,4.519328767144191183e-01,4.647601532172467853e-01,7.752375049006896557e-01,6.408442581658120307e-01
3.413036872819754514e-02,-1.736848285139572790e+00,2.060259046403717598e+00,-8.258843199544151359e-01,7.845421494489319691e-01,-1.509342740773049751e+00,-6.347418759217028361e-01,7.134234753046908573e-02,-1.560543929083844095e+00
2.699939944200101527e-01,-5.599210990238616681e-01,1.342368305760037073e+00,-6.083296401254328911e-01,-5.206551259478336968e-01,9.035778741234531952e-02,-1.734243905060652402e+00,7.752375049006896557e-01,-7.330065404256898010e-01
4.404500600460264370e-01,7.598772178935141453e-01,-1.441030790257311622e+00,-7.778646812199386806e-01,8.845490261631639983e-01,9.638622773097853536e-01,4.647601532172467853e-01,7.752375049006896557e-01,1.193042808497481788e+00
6.805827106372388524e-01,1.462582484049202991e+00,-3.474169775592588771e-01,1.004615611070555969e+00,3.033262641842128238e-01,1.355164158353927117e+00,4.647601532172467853e-01,7.752375049006896557e-01,9.220682368906188975e-01
-5.642954430626015982e-01,-4.670057948568324679e-01,-4.146635756481114043e-01,-6.188284375563571915e-01,6.434034121506204684e-01,-3.369727224058409187e-01,-1.734243905060652402e+00,7.752375049006896557e-01,-7.330065404256898010e-01
-3.717319270646960994e-01,-7.979433897754060201e-01,2.394665100436448313e-01,-1.050015312669079631e-01,2.333035724378976550e+00,-5.306186805814622209e-01,4.647601532172467853e-01,7.752375049006896557e-01,-8.813058607746913076e-01
-9.759514155046800088e-01,9.734148978968418797e-01,9.741545966826448133e-01,4.749962893202904768e-01,-4.750431138587547092e-02,1.013496678099322867e+00,4.647601532172467853e-01,7.752375049006896557e-01,3.641941392773607733e-01
2.787607419812764831e-01,-4.670057948568324679e-01,-3.890264511854090168e-01,-4.734328697428654142e-01,1.049345304189573280e+00,5.781505383990053620e-02,-6.347418759217028361e-01,7.134234753046908573e-02,-7.330065404256898010e-01
-2.238407073355051513e-01,-6.009358827561299687e-01,7.024919122086938916e-01,-3.975212468913161268e-01,1.077573051649235669e+00,-8.214713476546838811e-01,4.647601532172467853e-01,7.752375049006896557e-01,-1.237902348752910164e+00
-2.165223789365354756e-01,1.255166235343901371e-01,1.092348198907234780e+00,6.534539887061194263e-02,-1.369369399568346246e+00,2.887924819562928680e-01,4.647601532172467853e-01,7.752375049006896557e-01,-6.033757686296020717e-01
-1.927378116398820174e-01,-8.913051953653575721e-01,9.839147668033182415e-01,4.281690784502503733e-02,4.377441092302236658e-01,-3.333899264718175881e-01,4.647601532172467853e-01,-1.483249631046563266e+00,-8.813058607746913076e-01
-8.331677791372709141e-01,5.345865075572352465e-01,1.786495247356762739e-01,5.217373543486201193e-01,-1.301353969975064695e+00,1.632740438366981142e-02,4.647601532172467853e-01,-1.483249631046563266e+00,-1.745825694731328592e-01
-5.180984950441021031e-01,-8.066087655298262993e-01,1.107464192129065994e+00,-3.560319090351023452e-01,3.786002574099787132e-01,-7.943947954903451958e-01,4.647601532172467853e-01,7.752375049006896557e-01,-1.155440706499083037e+00
-9.111977251667975619e-02,1.298384984316734769e+00,-3.954774220173237764e-01,5.273673489169975470e-01,4.122047186714814515e-01,1.328292010547490021e+00,-6.347418759217028361e-01,7.134234753046908573e-02,5.082995425615416396e-01
3.169092592854040602e-02,1.007388390877110851e+00,-3.436385909965252172e-01,9.981931561869298308e-01,-2.289684021979900841e-01,5.272165613422833408e-01,4.647601532172467853e-01,-1.483249631046563266e+00,8.790033410838370420e-01
-3.386469840943518994e-01,-5.599210990238616681e-01,7.445616899437330904e-02,-5.969241651718071306e-01,-3.082749307751367351e-01,-1.884357135238118042e-01,-6.347418759217028361e-01,7.134234753046908573e-02,-7.330065404256898010e-01
2.733482282695386401e-01,-4.670057948568324679e-01,-6.045464819232999609e-01,-6.286604686073482551e-01,1.160912115577761972e+00,3.265486185841096067e-01,-6.347418759217028361e-01,7.134234753046908573e-02,-7.330065404256898010e-01
-6.475414286008891462e-01,1.284329125672208916e+00,1.163330296916657458e+00,1.526788813203120987e-01,-1.165726364323639963e+00,6.099911289964742300e-01,4.647601532172467853e-01,7.752375049006896557e-01,-1.883381484358601921e-01
5.768623826238251928e-02,-4.799577903731988004e-01,-5.026804638956116067e-01,-1.695992752668619596e+00,8.490627150710167159e-01,3.195111124280554105e-01,4.647601532172467853e-01,7.752375049006896557e-01,-1.952705732074652423e-01
7.471337595153749733e-01,1.298384984316734769e+00,-1.109611308184077716e+00,1.224600484019245261e+00,-7.314223069799788979e-01,1.434380287088748540e+00,4.647601532172467853e-01,-1.483249631046563266e+00,1.055176598825109613e+00
-1.343436496230976662e-01,1.298384984316734769e+00,2.669990898944686331e-01,6.769219889154479697e-01,-9.725679209925223168e-01,1.406303109849451838e+00,4.647601532172467853e-01,-1.483249631046563266e+00,6.408442581658120307e-01
-7.465353361899686180e-02,9.734148978968418797e-01,-1.676219153404075179e-01,1.130118431363805742e+00,9.740713109638068357e-01,1.244982421382645255e+00,4.647601532172467853e-01,7.752375049006896557e-01,8.720187828349114101e-01
4.675888611922074944e-01,6.856065586717303706e-01,-1.597813881865043140e+00,-9.652013555449028281e-01,3.425762749376481953e-01,1.413969477938344488e+00,4.647601532172467853e-01,7.752375049006896557e-01,1.193042808497481788e+00
-6.188017431174330785e-01,-1.396158836527130020e+00,1.593889157826328562e+00,-9.944700022749008994e-01,-6.201243312818817133e-01,-4.115004485800625722e-01,-6.347418759217028361e-01,7.134234753046908573e-02,-1.146775234754766837e+00
-4.969058357220841882e-01,4.610292525450975232e-01,4.830217826918582480e-01,1.897100417810285711e-01,3.839769712118195066e-01,-1.078993691336482263e-01,4.647601532172467853e-01,-1.483249631046563266e+00,-6.330885223591159461e-01
1.173763542664841980e-01,2.682470782247614038e-01,-7.704711846181348800e-02,1.898524918880573287e+00,-1.048782839133610478e+00,3.537605826576799561e-01,4.647601532172467853e-01,7.752375049006896557e-01,1.870604975769581735e+00
-4.103818489217582743e-01,-7.100041035050193017e-01,1.445344556629268418e+00,-4.567929975296026734e-01,-2.948331462705354733e-01,2.802226986471137438e-01,4.647601532172467853e-01,7.752375049006896557e-01,-6.033757686296020717e-01
-3.581625264916055706e-01,-1.590020148669339939e-01,-7.873182999638571600e-01,1.980433770230141999e+00,-8.112665069373092841e-01,1.559635891244521011e-01,4.647601532172467853e-01,7.752375049006896557e-01,2.021432362241770253e+00
3.627690533944560314e-01,-8.696387795806279630e-01,7.464792236879014276e-01,-1.043608646008296947e+00,2.764426951750107442e-01,5.191822868658878543e-01,-1.734243905060652402e+00,7.752375049006896557e-01,-7.330065404256898010e-01
-6.246716523541069321e-01,-7.457517073579214006e-01,-8.675407157319131590e-01,-1.093111954892320714e+00,2.683776244722497761e-01,-7.215303033813988964e-01,-6.347418759217028361e-01,7.134234753046908573e-02,-1.146775234754766837e+00
6.266100386948326717e-01,-1.736848285139572790e+00,-5.681826377325808336e-02,-1.400490593819850194e+00,-6.779240046516665785e-01,-1.919104635023396677e+00,-6.347418759217028361e-01,7.134234753046908573e-02,-1.560543929083844095e+00
5.097454820737765679e-01,7.379548102170684354e-01,-1.066378380848164609e+00,1.655471726797460130e+00,1.324901886533895512e+00,8.701496899022711506e-01,4.647601532172467853e-01,-1.483249631046563266e+00,1.455116713169662512e+00
-4.632110320518246227e-01,-3.740904906898025462e-01,-5.734046982807453618e-01,7.721316859890911544e-02,1.142093617271320305e+00,-4.606500111281044973e-01,-6.347418759217028361e-01,7.134234753046908573e-02,-3.192378460966126541e-01
-2.144640990743243436e-01,1.546159128762146340e+00,-9.755793321220349590e-01,1.317927910561363714e+00,-1.725129072786655282e-01,4.778261071010638239e-01,-6.347418759217028361e-01,7.134234753046908573e-02,9.220682368906188975e-01
-4.911561681008996816e-02,7.379548102170684354e-01,3.048346648185326635e-01,5.743961011734677324e-01,-2.477869005044316952e-01,1.431463807793635024e+00,4.647601532172467853e-01,7.752375049006896557e-01,4.601927928032137904e-01
-4.536819586156654038e-01,-1.736848285139572790e+00,1.212251385281620353e+00,-2.550954986069823960e+00,-1.013162110196417443e+00,-1.645483947573287642e+00,-6.347418759217028361e-01,7.134234753046908573e-02,-1.560543929083844095e+00
5.616598741539715611e-01,-1.736848285139572790e+00,-2.562613206224584328e-03,-1.144485009128638042e+00,-1.604869464088957365e+00,-1.102189618260256188e+00,-6.347418759217028361e-01,7.134234753046908573e-02,-1.560543929083844095e+00
1.487079477245758230e-01,1.524295662567001219e-01,-1.617182491039563130e+00,-5.658939395139661599e-01,-5.022398811765304005e-01,4.127316135865778390e-01,-6.347418759217028361e-01,7.134234753046908573e-02,5.082995425615416396e-01
-7.891815761559591857e-01,3.450870270028469355e-02,9.189238663052790024e-01,1.091388635071848912e+00,8.825771211059546539e-02,-1.599963250198122855e-01,-6.347418759217028361e-01,7.134234753046908573e-02,9.904027118610068126e-01
6.566456781656069275e-01,-2.108509501807691588e+00,6.541365468976037545e-02,-6.385990532527237029e-01,-1.306730683776905266e+00,-1.892800379332605143e+00,-6.347418759217028361e-01,7.134234753046908573e-02,-1.560543929083844095e+00
-3.744763002143100539e-01,6.856065586717303706e-01,-1.011399986918324556e+00,-1.075831351221570031e+00,5.821088748096395760e-01,1.275200686584309961e+00,4.647601532172467853e-01,-1.483249631046563266e+00,1.039238290521692809e+00
-8.644231400078724592e-01,-5.212468697796684980e-01,-5.226775689657257862e-02,1.190613054325449394e+00,1.097645673179572234e-01,-5.541975599866147961e-01,4.647601532172467853e-01,7.752375049006896557e-01,6.408442581658120307e-01
1.669275361345121667e-01,1.793933273207559242e+00,1.654254867463626377e+00,-3.841591794246172475e-01,-2.934889678200753860e-01,9.490285589927738297e-01,-1.734243905060652402e+00,7.752375049006896557e-01,-3.192378460966126541e-01
-3.962025876487532683e-01,6.856065586717303706e-01,-1.268427035821130255e+00,-1.058377079931744902e+00,2.338412438180816899e+00,9.483463389234686458e-01,4.647601532172467853e-01,7.752375049006896557e-01,1.039238290521692809e+00
-3.333869355575915794e-01,-1.336774480261319509e+00,5.040820084980823790e-01,2.320516748798905349e-01,1.500899208317603428e-01,-1.730699777256424987e+00,4.647601532172467853e-01,7.752375049006896557e-01,-8.313994301226186323e-01
-5.913580116212943105e-01,-1.022919510433723866e+00,3.595490934228757762e-01,1.504911164313926623e-02,-8.685285089269099146e-01,-1.217191589338410429e+00,4.647601532172467853e-01,7.752375049006896557e-01,-8.313994301226186323e-01
4.273380549978711418e-01,-1.396158836527130020e+00,-1.650118078613856468e-02,-9.590481044296056412e-01,3.423074392475558558e-01,-8.016087431695614329e-01,-1.734243905060652402e+00,7.752375049006896557e-01,-1.146775234754766837e+00
1.262955670027289257e-01,3.692319426464358290e-01,-1.235417434072142662e+00,1.878562023933395109e+00,-1.101071380856508686e+00,-1.116489037890278369e-01,-6.347418759217028361e-01,7.134234753046908573e-02,1.749605625548773080e+00
7.003591743564491212e-02,-7.457517073579214006e-01,-7.648726664735294722e-01,-1.126117309928015287e+00,1.608523539580978490e+00,-5.565551444418190830e-01,-1.734243905060652402e+00,7.752375049006896557e-01,-1.146775234754766837e+00
2.183845326897719541e-01,2.886694026711818933e-02,-5.934033839393574317e-01,1.203861855193146146e+00,1.581639970571776299e+00,-7.059915226794384324e-01,4.647601532172467853e-01,-1.483249631046563266e+00,4.468236149013762315e-01
-3.541984319421634941e-01,3.795378059609840760e-01,-6.990218713267477568e-01,-1.334043784111141440e+00,8.774248803757253024e-01,1.216658184552171784e+00,4.647601532172467853e-01,7.752375049006896557e-01,4.601927928032137904e-01
-6.188017431174330785e-01,-6.437699919551341798e-01,1.009240829613782475e+00,-1.498145540786544883e-01,-6.201243312818817133e-01,-4.115004485800625722e-01,4.647601532172467853e-01,7.752375049006896557e-01,-7.165864609801896323e-01
-8.420869918735156556e-01,-1.373817886509334230e-01,3.172925249480630372e-01,1.321158587136654072e-01,8.019264140783474715e-02,5.856721091048661121e-01,4.647601532172467853e-01,7.752375049006896557e-01,-1.883381484358601921e-01
7.726716763242819086e-01,1.298384984316734769e+00,-8.869446504714302293e-01,1.019266089438713108e+00,2.148883276665942255e+00,1.908738011574205418e+00,-1.734243905060652402e+00,7.752375049006896557e-01,9.220682368906188975e-01
-3.379608908069481887e-01,-8.696387795806279630e-01,5.678551611039919234e-01,-1.031169256193047223e+00,-3.566653549917005450e-01,1.352666954945123609e-02,-1.734243905060652402e+00,7.752375049006896557e-01,-7.330065404256898010e-01
-6.415952867767259482e-01,6.262637265213375493e-01,1.178370754152854971e+00,4.725811617423716915e-01,-1.617594796749846631e-01,6.817816758703415525e-01,4.647601532172467853e-01,-1.483249631046563266e+00,-5.053655482755694400e-02
-1.129407614120588876e+00,3.692319426464358290e-01,4.619881233991377512e-01,-1.594916719049740861e+00,4.619393213385055708e-01,1.229037404952991297e+00,-1.734243905060652402e+00,7.752375049006896557e-01,9.453084823246453439e-02
-4.903498331980065683e-01,-1.489074140694159887e+00,3.087745655492424746e+00,9.509780917286711488e-02,3.745677220585987288e-01,-2.211800566253785683e-01,-1.734243905060652402e+00,7.752375049006896557e-01,-1.146775234754766837e+00
-8.752481674313499216e-01,2.960583650666189781e-01,-1.037338318750869126e+00,-1.122235665876629929e+00,1.623219447309474928e-01,7.422839547571207230e-01,4.647601532172467853e-01,-1.483249631046563266e+00,2.263622795032062818e-01
6.018344477608187360e-01,7.379548102170684354e-01,-1.421506584906264248e+00,1.801422700949280475e+00,-7.890875625047175657e-01,1.340178797391382570e+00,4.647601532172467853e-01,7.752375049006896557e-01,1.607278449739568238e+00
2.699939944200101527e-01,7.598198790180886730e-01,4.185763169691003038e-01,7.355560682009767426e-01,-5.206551259478336968e-01,9.035778741234531952e-02,4.647601532172467853e-01,7.752375049006896557e-01,2.594740377318950908e-01
-2.426701564453559723e-01,1.106382591513942915e+00,-1.128319807644164063e+00,-7.226495132903770768e-01,-8.411879192445512743e-01,1.056658071777206720e+00,4.647601532172467853e-01,7.752375049006896557e-01,1.193042808497481788e+00
-3.907900739370145371e-01,-1.396158836527130020e+00,-1.418665758335574123e-01,-9.254498954912370179e-01,3.275214762924947287e-01,-8.542015402308288374e-01,-1.734243905060652402e+00,7.752375049006896557e-01,-1.146775234754766837e+00
-3.195888372220334617e-01,1.793933273207559242e+00,1.289482018827712073e+00,1.784401620439930447e-01,-2.773588264145541715e-01,7.699469427351607331e-01,4.647601532172467853e-01,-1.483249631046563266e+00,-3.192378460966126541e-01
2.178509045773466546e-01,-5.854215234838897608e-01,9.465620789751493236e-01,-1.737623035205352329e-01,-5.730780855157779907e-01,-8.809847426567717354e-01,4.647601532172467853e-01,-1.483249631046563266e+00,-6.330885223591159461e-01
6.960579258975612138e-01,-2.108509501807691588e+00,-9.678511470255306282e-02,-8.499020459273310957e-01,7.607005082989000237e-03,-2.657103264347147942e+00,-6.347418759217028361e-01,7.134234753046908573e-02,-1.560543929083844095e+00
3.484868557508761719e-03,-7.457517073579214006e-01,6.571202708029161288e-01,-1.382405481672817515e+00,-9.647716859798537437e-01,-3.716724964669361198e-01,-1.734243905060652402e+00,7.752375049006896557e-01,-1.146775234754766837e+00
-1.797020391792159277e-01,-1.190037458664360948e+00,-1.269782273982596799e+00,-1.130269695810840691e+00,1.332294868011426159e+00,-1.740994213584513339e+00,4.647601532172467853e-01,-1.483249631046563266e+00,-1.080502876952631697e+00
2.706800877074138634e-01,6.262637265213375493e-01,1.029732750797622609e+00,4.259034350074156206e-01,7.347174915553435215e-02,2.904926306728905505e-01,4.647601532172467853e-01,7.752375049006896557e-01,2.594740377318950908e-01
5.771846182187494873e-03,8.927284972860222156e-01,-1.752515833461931738e+00,-6.187232084052071146e-01,-8.354617190455911890e-01,2.975914357704123048e-01,4.647601532172467853e-01,7.752375049006896557e-01,1.039238290521692809e+00
2.526129644724559586e-01,-1.858832309883897693e+00,4.639513321333811335e-01,-3.426000679762511436e-01,2.776968183989043937e-02,-2.339272000494382109e+00,4.647601532172467853e-01,7.752375049006896557e-01,-1.560543929083844095e+00
1.801920063576458730e-01,1.215541281768070636e+00,5.866156944633822701e-02,5.153093934126777853e-01,6.326499845469393257e-01,9.060708550548931539e-01,4.647601532172467853e-01,7.752375049006896557e-01,4.003149305606785308e-02
-8.757055629562850996e-01,8.927284972860222156e-01,-8.770608807125532813e-01,-1.043845539770310138e+00,-4.959222424593677792e-01,1.044866401848540294e+00,4.647601532172467853e-01,-1.483249631046563266e+00,5.082995425615416396e-01
-2.448809014825446551e-01,-1.458337608802934060e+00,1.179476430638135342e+00,-2.014613835486575300e-01,2.256417552702751017e+00,-4.431949470715743078e-01,4.647601532172467853e-01,-1.483249631046563266e+00,-1.146775234754766837e+00
1.350356107809304058e-03,-2.108509501807691588e+00,-5.197214334166635474e-01,-6.306863861108332747e-01,-9.867314772992517510e-03,-2.389669809583699678e+00,-6.347418759217028361e-01,7.134234753046908573e-02,-1.560543929083844095e+00
9.604325393103630981e-01,1.546159128762146340e+00,-1.248778165655174188e+00,1.596396111248755911e+00,-1.401764100224434761e+00,9.684157516465504711e-01,-1.734243905060652402e+00,7.752375049006896557e-01,1.335836931219696044e+00
2.967516326287452100e-01,3.898617181097896456e-01,-1.662475901366939901e+00,-7.572993835616078639e-01,-1.170027735365112287e+00,7.798025763977105562e-01,4.647601532172467853e-01,7.752375049006896557e-01,1.469401943471436933e+00
-3.347591221323990007e-01,6.939942400707729275e-01,-1.206215770550121080e+00,-7.126084445092644160e-01,7.260703868539168937e-01,7.419087876335589415e-01,4.647601532172467853e-01,-1.483249631046563266e+00,9.220682368906188975e-01
-3.962025876487532683e-01,6.856065586717303706e-01,-1.268427035821130255e+00,-1.058377079931744902e+00,2.338412438180816899e+00,9.483463389234686458e-01,4.647601532172467853e-01,7.752375049006896557e-01,1.039238290521692809e+00
2.451421708985069836e-01,1.296159067951350163e+00,2.729672214548681600e-02,4.823765302820638423e-01,1.756293113905025849e-01,9.726072256490863044e-01,4.647601532172467853e-01,7.752375049006896557e-01,1.416121848623060064e-01
-1.154379679257576397e-01,-1.431776433111544344e+00,8.233206749350594489e-01,-2.914332744116608920e-01,-4.037116007578043231e-01,-1.551565051978507803e+00,4.647601532172467853e-01,7.752375049006896557e-01,-1.435615885526342783e+00
-1.252719717118745413e-01,3.072884065350825478e-01,-1.654507366852332018e+00,-6.714685834304612300e-01,-7.342450817259449369e-01,7.321099470011419585e-01,-1.734243905060652402e+00,7.752375049006896557e-01,9.220682368906188975e-01
-8.114414917028277552e-01,5.345865075572352465e-01,5.731387388047710640e-01,5.218995559208248203e-01,-9.720302496123381930e-01,3.184129520108847089e-01,4.647601532172467853e-01,7.752375049006896557e-01,-1.745825694731328592e-01
-7.116530346793681350e-01,3.072884065350825478e-01,-1.632366241102190196e+00,-7.652193404817827505e-01,-7.077647662518810057e-01,-1.026219938634950646e+00,-1.734243905060652402e+00,7.752375049006896557e-01,9.220682368906188975e-01
-7.116530346793681350e-01,-1.303243532360099932e+00,5.555359270129226479e-01,-2.637269111852481362e+00,-7.077647662518810057e-01,-1.026219938634950646e+00,-6.347418759217028361e-01,7.134234753046908573e-02,-1.560543929083844095e+00
-6.051561099568524282e-01,-7.457517073579214006e-01,-7.715588561396514722e-01,-1.072980786227948791e+00,4.162372540228619355e-01,-5.756896751182938310e-01,-6.347418759217028361e-01,7.134234753046908573e-02,-1.146775234754766837e+00
2.460569619483783110e-01,-1.655281232300680916e+00,1.266744016697608055e+00,5.034040763645673822e-02,1.018429199828990717e+00,-1.951839893567649975e+00,4.647601532172467853e-01,-1.483249631046563266e+00,-1.330118913604386721e+00
-7.506078868863871323e-01,-4.670057948568324679e-01,4.337705370757237167e-01,-5.108135497049673956e-01,-7.245669968826322638e-01,3.837994514911794441e-01,-1.734243905060652402e+00,7.752375049006896557e-01,-7.330065404256898010e-01
-3.473374990681289964e-01,1.174497912094028207e+00,8.136682232550129790e-01,2.622367348584604407e-01,8.383092874673361283e-01,4.503257956143902896e-01,4.647601532172467853e-01,7.752375049006896557e-01,-3.192378460966126541e-01
2.196042540896001038e-01,1.215541281768070636e+00,-2.068355430571879316e-01,5.330716137759267115e-01,3.974187557164203244e-01,7.088331800408897987e-01,4.647601532172467853e-01,7.752375049006896557e-01,1.416121848623060064e-01
9.354777794183571221e-03,8.945222606491817219e-01,-1.894654632893636448e-01,5.076308322934121042e-01,4.041396479687209831e-01,5.457797159135571174e-01,4.647601532172467853e-01,-1.483249631046563266e+00,2.366274844207649219e-01
-3.581625264916055706e-01,-2.811751865227726799e-01,-1.307969373993950635e+00,2.016249940940943119e+00,-3.768280317486022435e-01,-3.949668815768694885e-01,-6.347418759217028361e-01,7.134234753046908573e-02,2.163374319877850116e+00
4.800469965124488925e-02,3.508465956242990957e-01,1.130626105931676895e+00,2.206154920690224508e-01,2.239296803805011782e-02,-1.227279228338735706e+00,4.647601532172467853e-01,-1.483249631046563266e+00,-8.313994301226186323e-01
-3.334631681450808127e-01,1.793933273207559242e+00,1.392680191295702086e+00,2.961935741859456628e-01,-1.126879607105342851e+00,5.735737899077439916e-01,-1.734243905060652402e+00,7.752375049006896557e-01,-3.192378460966126541e-01
-9.778572301919118415e-01,9.734148978968418797e-01,9.194403868449083639e-01,5.334110878026212532e-01,2.132663080033857794e-01,1.058356287570580978e+00,4.647601532172467853e-01,-1.483249631046563266e+00,3.641941392773607733e-01
2.334785850126482876e-01,1.624870277527426854e+00,1.896362975540469842e-01,5.304159929410767749e-01,-5.273760182001343555e-01,9.219912944475897598e-01,4.647601532172467853e-01,7.752375049006896557e-01,1.416121848623060064e-01
-8.974318503907283695e-01,5.112226239799602112e-01,-1.282069371049437301e+00,-8.071511331666407774e-01,4.269006263999773620e-02,6.229386306432973530e-01,4.647601532172467853e-01,-1.483249631046563266e+00,5.082995425615416396e-01
-3.076203209862171106e-01,9.505667548864484839e-01,-9.960992190869413232e-01,-8.933888364384902081e-01,3.731334883815741466e-02,1.218958610485644689e+00,4.647601532172467853e-01,7.752375049006896557e-01,9.220682368906188975e-01
-7.116530346793681350e-01,-1.303243532360099932e+00,5.555359270129226479e-01,-2.637269111852481362e+00,-7.077647662518810057e-01,-1.026219938634950646e+00,-6.347418759217028361e-01,7.134234753046908573e-02,-1.560543929083844095e+00
-3.717319270646960994e-01,-1.396158836527130020e+00,1.531688095606204669e+00,3.045931985172461443e-01,2.333035724378976550e+00,-5.306186805814622209e-01,-6.347418759217028361e-01,7.134234753046908573e-02,-1.146775234754766837e+00
-8.471623516758050587e-02,-7.320672761477252655e-01,-1.523426901085349838e+00,-6.479479188671121159e-01,7.145104521799602315e-01,-2.503330075555285195e+00,4.647601532172467853e-01,7.752375049006896557e-01,-4.148191256600014531e-01
-6.077920269594865033e-02,8.110297924706892925e-01,-1.483464195538627628e+00,-6.367176175526901849e-01,-4.155403711218531582e-01,4.403331335150967862e-01,2.663764211495145862e+00,1.252994397450850395e+00,7.090937831624548604e-01
-3.962025876487532683e-01,9.847788771300844957e-01,-1.136864886524058482e+00,-1.201349851213752595e+00,2.338412438180816899e+00,9.483463389234686458e-01,4.647601532172467853e-01,-1.483249631046563266e+00,7.639005027759727673e-01
-6.614157595239364973e-01,8.945222606491817219e-01,7.989027822031659065e-01,3.474949215702287653e-01,-3.002098600723759891e-01,5.070617417792464554e-01,4.647601532172467853e-01,7.752375049006896557e-01,-1.883381484358601921e-01
4.047852332625951455e+00,4.739373557992258013e-01,-2.276185356577301866e-01,-1.236999921789603940e+00,2.796687234561150981e-01,2.731228861747425074e-01,4.647601532172467853e-01,7.752375049006896557e-01,-1.883381484358601921e-01
-6.242142568291708660e-01,1.298384984316734769e+00,3.447220936844486161e-01,1.071103323645111960e+00,-1.272454133290172429e+00,4.438251756803705816e-02,-1.734243905060652402e+00,7.752375049006896557e-01,5.082995425615416396e-01
-7.116530346793681350e-01,-1.303243532360099932e+00,5.549452306148704439e-01,-2.637430170558346720e+00,-7.077647662518810057e-01,-1.026219938634950646e+00,-1.734243905060652402e+00,7.752375049006896557e-01,-1.560543929083844095e+00
-2.448809014825446551e-01,-1.427366437816387279e+00,1.007992869563990368e+00,-1.850539778254679801e-01,2.256417552702751017e+00,-4.431949470715743078e-01,4.647601532172467853e-01,-1.483249631046563266e+00,-1.146775234754766837e+00
6.018344477608187360e-01,1.129781325094576960e+00,-1.260860921431443238e+00,1.699681620590474340e+00,-7.890875625047175657e-01,1.340178797391382570e+00,4.647601532172467853e-01,-1.483249631046563266e+00,1.469401943471436933e+00
-4.784575495496793951e-01,3.278634622886407168e-01,-1.525218435345863321e+00,-6.856698245388959112e-01,-1.035381379982523109e+00,5.789348006541503722e-01,4.647601532172467853e-01,7.752375049006896557e-01,1.179681863143117626e+00
-1.166576893255866360e-01,1.298384984316734769e+00,-4.985267807725334843e-01,5.153359196608384707e-01,3.436516176980161652e-01,9.903714810499579801e-01,-6.347418759217028361e-01,7.134234753046908573e-02,5.082995425615416396e-01
6.499372104665509520e-01,1.638332386299590659e+00,-1.511780584689771167e+00,-7.243044745378725002e-01,6.928691791275523038e-01,1.003011586079833206e+00,4.647601532172467853e-01,-1.483249631046563266e+00,1.607278449739568238e+00
-2.238407073355051513e-01,-6.009358827561299687e-01,7.021960558840344424e-01,-3.983292747550628565e-01,1.077573051649235669e+00,-8.214713476546838811e-01,4.647601532172467853e-01,-1.483249631046563266e+00,-1.237902348752910164e+00
-1.479130501961890554e-01,6.753341404108359480e-01,-6.102767551747030339e-01,1.825669827967042469e+00,-1.709715383224845731e+00,2.335801102441434074e-01,4.647601532172467853e-01,-1.483249631046563266e+00,1.595098474811863287e+00
6.828256792339147674e-02,3.692319426464358290e-01,6.142613337181196398e-01,3.590322871495642970e-02,1.527782777326805175e-01,1.243242174055586791e+00,-1.734243905060652402e+00,7.752375049006896557e-01,9.453084823246453439e-02
1.077830724043844501e+00,1.035211531196005508e+00,-1.536320982527898948e+00,1.947832081994020914e+00,-1.933185050613839051e+00,5.388897810812161016e-01,4.647601532172467853e-01,7.752375049006896557e-01,1.749605625548773080e+00
1.576271604608205368e-01,-1.453042677603702648e+00,1.558388753176575270e-01,-7.445293422205616629e-01,4.968879610504686184e-01,-1.918551564410283294e+00,4.647601532172467853e-01,-1.483249631046563266e+00,-1.560543929083844095e+00
3.867181100276372074e+00,-3.740904906898025462e-01,-1.479568571444785652e-01,-2.519285673827543981e+00,3.574966557377550203e-01,5.238119616547635138e-01,-6.347418759217028361e-01,7.134234753046908573e-02,-3.192378460966126541e-01
-4.226552955075315032e-01,1.958095991173927353e-01,6.685172177293918772e-01,-5.002418100532451256e-02,3.570934022026169830e-01,5.710562346900135422e-01,4.647601532172467853e-01,7.752375049006896557e-01,-6.033757686296020717e-01
1.541204614363136660e-01,3.570717900600267614e-01,-1.728049858905162717e+00,-6.210848028420824507e-01,-6.640789666119272239e-01,-9.967153685346791248e-02,4.647601532172467853e-01,-1.483249631046563266e+00,1.291222274789840974e+00
-2.071457706753546402e-01,-2.108509501807691588e+00,2.366260212557202092e+00,-7.965355016847770475e-01,4.001071126173404990e-01,-2.142506047846794992e+00,-6.347418759217028361e-01,7.134234753046908573e-02,-1.560543929083844095e+00
1.291161727398320858e-01,-2.108509501807691588e+00,2.293471884483189172e+00,-3.010719901554398947e-01,5.372133145642714602e-01,-2.217557705316488992e+00,-6.347418759217028361e-01,7.134234753046908573e-02,-1.560543929083844095e+00
-1.927378116398820174e-01,-1.200528904561980248e+00,1.360018937975127740e+00,-1.612805902672594383e-01,4.377441092302236658e-01,-3.333899264718175881e-01,4.647601532172467853e-01,7.752375049006896557e-01,-1.018974754647549164e+00
-6.939348508223655565e-02,1.462582484049202991e+00,8.900285811699029659e-02,1.126704347817047092e+00,-3.146422520691878350e-03,1.541364938136538409e+00,4.647601532172467853e-01,-1.483249631046563266e+00,1.039238290521692809e+00
5.325390257330694377e-01,7.598772178935141453e-01,-1.640927337471955294e+00,-7.517875314659130392e-01,1.147873584608299247e+00,1.440401957536953770e+00,4.647601532172467853e-01,7.752375049006896557e-01,1.335836931219696044e+00
1.269816602901326363e-01,-8.696387795806279630e-01,5.821499254517074062e-01,-1.045275751545770238e+00,-8.855995752477533456e-01,8.176345797843274921e-02,-6.347418759217028361e-01,7.134234753046908573e-02,-7.330065404256898010e-01
-5.477529715774295260e-01,3.690683568309565121e-01,-1.491556866473400689e+00,-7.083109893683277036e-01,-8.870916133277639837e-01,8.336043705667877113e-01,4.647601532172467853e-01,-1.483249631046563266e+00,1.193042808497481788e+00
-2.144640990743243436e-01,1.766224687322369979e-01,-3.275397430131325449e-01,1.791187804173252074e+00,-1.725129072786655282e-01,4.778261071010638239e-01,4.647601532172467853e-01,7.752375049006896557e-01,1.709355678736707240e+00
2.086589850506384222e-02,-2.108509501807691588e+00,-2.514022114155029519e-01,-6.006014657898570697e-01,6.743195165112030320e-01,-2.432897142673479340e+00,-6.347418759217028361e-01,7.134234753046908573e-02,-1.560543929083844095e+00
-3.364040154976759983e-02,5.112226239799602112e-01,-1.658689396675967487e+00,-5.800499359325643756e-01,-2.027469424964027933e+00,9.865746379623105966e-01,4.647601532172467853e-01,7.752375049006896557e-01,6.408442581658120307e-01
-3.347591221323990007e-01,1.106382591513942915e+00,-1.026855050907421463e+00,-7.603898383360095936e-01,7.260703868539168937e-01,7.419087876335589415e-01,4.647601532172467853e-01,7.752375049006896557e-01,9.220682368906188975e-01
5.105840405361586898e-01,-1.988872776687339750e+00,5.008075861104659410e-01,-2.898607650959865722e-01,5.412458499156519443e-01,-2.356928004921286846e+00,4.647601532172467853e-01,-1.483249631046563266e+00,-1.560543929083844095e+00
-4.179288750831964827e-01,6.789496232032020684e-01,-1.084385186766207543e+00,1.989042485696532303e+00,-6.550729709938445389e-01,-6.600242572829451149e-01,-6.347418759217028361e-01,7.134234753046908573e-02,2.163374319877850116e+00
3.679528693437271181e-01,1.174497912094028207e+00,1.506066930918591451e-01,-2.828467593909323452e-01,5.868578620047299604e-02,5.486070970854181050e-01,-6.347418759217028361e-01,7.134234753046908573e-02,-3.192378460966126541e-01
-1.649129172062963888e-01,-1.052227595531028737e+00,1.079696359895162106e+00,-5.271543113671947056e-01,-2.027458240055141747e+00,-3.319881861882604257e-01,4.647601532172467853e-01,7.752375049006896557e-01,-8.813058607746913076e-01
7.199949583691930277e-01,1.462582484049202991e+00,-8.204156508859813401e-01,1.253813792520243497e+00,1.948600687547385579e+00,1.076944188286864224e+00,4.647601532172467853e-01,-1.483249631046563266e+00,1.055176598825109613e+00
1.576271604608205368e-01,-1.597514441767594606e+00,5.497538081724983039e-01,-5.103512709517863399e-01,4.968879610504686184e-01,-1.918551564410283294e+00,4.647601532172467853e-01,-1.483249631046563266e+00,-1.560543929083844095e+00
7.369508163513019405e-02,3.692319426464358290e-01,4.960796518273322131e-01,4.924742687898807370e-02,9.633178833601261370e-01,9.308194821343900305e-01,-6.347418759217028361e-01,7.134234753046908573e-02,9.453084823246453439e-02
-1.009112591062514275e+00,9.890589925092685419e-02,7.002679700236833504e-01,7.840169921952739873e-01,-2.545077927567323539e-01,6.260034522493730380e-01,4.647601532172467853e-01,-1.483249631046563266e+00,6.645877275690708075e-01
-8.757055629562850996e-01,5.112226239799602112e-01,-1.041589118870827280e+00,-8.674487291757175811e-01,-4.959222424593677792e-01,1.044866401848540294e+00,4.647601532172467853e-01,7.752375049006896557e-01,5.082995425615416396e-01
-2.238407073355051513e-01,-6.009358827561299687e-01,7.024919122086938916e-01,-3.975212468913161268e-01,1.077573051649235669e+00,-8.214713476546838811e-01,4.647601532172467853e-01,7.752375049006896557e-01,-1.237902348752910164e+00
-7.009804724308699164e-01,9.719657151858498434e-01,8.284888997298867075e-01,5.204514534807097581e-01,-6.053383683268206417e-01,4.902745145157318407e-01,4.647601532172467853e-01,-1.483249631046563266e+00,3.260453145652551510e-01
4.548243036905542880e+00,-5.574631638235035686e-02,-1.216897948261450368e+00,-7.049906048398860703e-01,7.602125194956038667e-01,1.055905370903407331e-01,4.647601532172467853e-01,-1.483249631046563266e+00,3.476176881642232819e-01
-2.238407073355051513e-01,2.184698783501434483e-01,4.907363543375534709e-01,2.471020229543177960e-01,1.077573051649235669e+00,-8.214713476546838811e-01,4.647601532172467853e-01,-1.483249631046563266e+00,-8.313994301226186323e-01
-2.303967098595827989e-01,-5.599210990238616681e-01,1.057104052131619287e+00,2.719344434451004613e-02,-4.184975637128654502e-01,1.067732369868112929e-01,-1.734243905060652402e+00,7.752375049006896557e-01,-7.330065404256898010e-01
-5.601026507506918772e-01,-1.303243532360099932e+00,1.520530182999261903e+00,-1.519091281137354255e+00,3.140796917878939110e-01,-6.688257331709224207e-01,-6.347418759217028361e-01,7.134234753046908573e-02,-1.560543929083844095e+00
4.794811448405346677e-01,-5.599210990238616681e-01,5.348389225665158703e-02,-5.397845331585934270e-01,-9.079129375253910395e-01,6.323507602314898390e-02,-6.347418759217028361e-01,7.134234753046908573e-02,-7.330065404256898010e-01
-3.364040154976759983e-02,8.927284972860222156e-01,-1.624326897498313160e+00,-6.955265981120797303e-01,-2.027469424964027933e+00,9.865746379623105966e-01,4.647601532172467853e-01,7.752375049006896557e-01,7.786963175455382524e-01
3.625403556319884424e-01,1.174497912094028207e+00,2.401158858135217511e-02,-3.120055788019398535e-01,-7.976459419691811492e-02,8.481021766488001656e-01,-1.734243905060652402e+00,7.752375049006896557e-01,-3.192378460966126541e-01
6.805827106372388524e-01,1.379995004968010530e+00,-1.879306394106435851e-01,9.815488834042116473e-01,3.033262641842128238e-01,1.355164158353927117e+00,4.647601532172467853e-01,7.752375049006896557e-01,9.220682368906188975e-01
5.768623826238251928e-02,-5.759084599165320562e-02,-8.097211481575742331e-01,-1.291528697013081484e+00,8.490627150710167159e-01,3.195111124280554105e-01,4.647601532172467853e-01,7.752375049006896557e-01,4.822342911763529139e-01
2.528738857944116611e-02,2.682470782247614038e-01,2.036590301692061122e-01,1.805922576944664959e+00,-3.875814593522831086e-01,1.330505244891509731e-01,4.647601532172467853e-01,-1.483249631046563266e+00,1.709355678736707240e+00
-5.601026507506918772e-01,2.890417403987205480e-01,1.234043173208416028e-01,5.943591242925717610e-01,3.140796917878939110e-01,-6.688257331709224207e-01,4.647601532172467853e-01,7.752375049006896557e-01,-4.148191256600014531e-01
-9.286872112613308028e-01,-3.985032702430235663e-02,-1.096697448283250775e+00,-6.410018282612857110e-01,-1.163038007422719566e+00,1.106480661621330880e-01,4.647601532172467853e-01,7.752375049006896557e-01,9.873253280984475300e-01
-8.420869918735156556e-01,-3.740904906898025462e-01,1.592725325366110833e-01,-1.601632568438734194e-01,8.019264140783474715e-02,5.856721091048661121e-01,-6.347418759217028361e-01,7.134234753046908573e-02,-3.192378460966126541e-01
-3.717319270646960994e-01,-4.670057948568324679e-01,-3.898748826037389814e-01,-2.432662593244070137e-01,2.333035724378976550e+00,-5.306186805814622209e-01,-6.347418759217028361e-01,7.134234753046908573e-02,-7.330065404256898010e-01
-3.269071656210031374e-01,9.734148978968418797e-01,-5.263778980827109599e-01,9.888205253612840639e-01,5.278040654110511820e-01,8.319530486181956341e-01,4.647601532172467853e-01,-1.483249631046563266e+00,8.790033410838370420e-01
-3.195888372220334617e-01,1.793933273207559242e+00,1.289732357719447498e+00,1.796451971076647447e-01,-2.773588264145541715e-01,7.699469427351607331e-01,-1.734243905060652402e+00,7.752375049006896557e-01,-3.192378460966126541e-01
6.534439094910569068e-01,1.546159128762146340e+00,3.740393228854248242e-02,1.062350259887692605e+00,-9.841278556664793120e-01,1.016850974505517868e+00,4.647601532172467853e-01,-1.483249631046563266e+00,9.220682368906188975e-01
1.541204614363136660e-01,3.570717900600267614e-01,-1.728123372872286456e+00,-6.210806372544910303e-01,-6.640789666119272239e-01,-9.967153685346791248e-02,4.647601532172467853e-01,7.752375049006896557e-01,1.291222274789840974e+00
-4.274579485193557016e-01,-1.496212566954077949e-01,-9.512400968187981753e-01,-7.206373635879305128e-01,-1.338453295207763682e+00,4.110093262620370669e-01,4.647601532172467853e-01,7.752375049006896557e-01,1.870604975769581735e+00
-1.223751333872821756e-01,1.766224687322369979e-01,-6.483603065907219687e-01,1.891881281976849127e+00,-1.763348103398204136e+00,8.582276703957520958e-01,4.647601532172467853e-01,-1.483249631046563266e+00,1.870604975769581735e+00
-3.051808781865608111e-01,9.734148978968418797e-01,-3.085234707913822594e-02,9.445643508220319395e-01,-9.245807503110964332e-01,1.017786207496791384e+00,4.647601532172467853e-01,-1.483249631046563266e+00,8.790033410838370420e-01
7.077215117834199098e-01,1.298384984316734769e+00,-7.445900322432328355e-01,1.107098529174384227e+00,2.939170150309919904e-01,1.652127246690669571e+00,-1.734243905060652402e+00,7.752375049006896557e-01,9.220682368906188975e-01
-5.972279208579682752e-01,-6.428843308920189070e-01,9.099408621092115457e-01,5.799512967420986653e-01,-4.359718835688469740e-01,4.011298474317937651e-02,-6.347418759217028361e-01,7.134234753046908573e-02,4.031885125659288582e-01
-6.618731550488725635e-01,1.215541281768070636e+00,1.212618580488161735e+00,2.302094170652019822e-01,-4.490600971151958304e-03,7.013110065697583106e-01,4.647601532172467853e-01,-1.483249631046563266e+00,-6.938175898161406951e-02
-8.974318503907283695e-01,5.112226239799602112e-01,-1.282043402125226494e+00,-8.070932582016075996e-01,4.269006263999773620e-02,6.229386306432973530e-01,4.647601532172467853e-01,7.752375049006896557e-01,5.082995425615416396e-01
7.865460072473292596e-01,1.298384984316734769e+00,-1.416976335957161215e+00,1.696085762550329390e+00,-7.031945595203165089e-01,1.169825467783986994e+00,4.647601532172467853e-01,-1.483249631046563266e+00,1.335836931219696044e+00
-4.365296264305787988e-01,2.969093388417423304e-02,4.480876680374532572e-01,-1.545142045503062039e-03,1.568198186067174982e+00,3.333548503855819911e-01,4.647601532172467853e-01,-1.483249631046563266e+00,-6.033757686296020717e-01
-4.536819586156654038e-01,-1.736848285139572790e+00,1.212272010149996859e+00,-2.550959007463998507e+00,-1.013162110196417443e+00,-1.645483947573287642e+00,-1.734243905060652402e+00,7.752375049006896557e-01,-1.560543929083844095e+00
3.413036872819754514e-02,1.455328657656132681e-02,8.152850279975843995e-01,2.713428588667177177e-01,7.845421494489319691e-01,-1.509342740773049751e+00,4.647601532172467853e-01,7.752375049006896557e-01,-8.313994301226186323e-01
9.099987899519519641e-02,6.502193079935010278e-01,-2.631173561189966703e-01,9.976345508909513216e-01,-1.617594796749846631e-01,5.617912863628666820e-01,4.647601532172467853e-01,7.752375049006896557e-01,2.594740377318950908e-01
-2.682080732542628798e-01,6.205033343028908410e-01,-1.505006170574817226e+00,-6.796511005408066852e-01,2.795343056110689561e-01,6.150728405197679605e-01,4.647601532172467853e-01,7.752375049006896557e-01,1.055176598825109613e+00
-9.363544790382609395e-02,-1.068177314230162045e+00,7.922952045349359596e-01,7.569859602663436826e-01,-6.241568666332621973e-01,-1.631665459448195188e+00,-6.347418759217028361e-01,7.134234753046908573e-02,-3.192378460966126541e-01
-2.682080732542628798e-01,9.505667548864484839e-01,-1.373466988276792033e+00,-6.992372608143373469e-01,2.795343056110689561e-01,6.150728405197679605e-01,4.647601532172467853e-01,-1.483249631046563266e+00,1.193042808497481788e+00
6.295068770194250929e-01,-2.108509501807691588e+00,2.337094089173175515e+00,-9.195049077340089472e-01,-8.523136322532437123e-03,-2.229098466172827031e+00,-1.734243905060652402e+00,7.752375049006896557e-01,-1.560543929083844095e+00
-2.804052872525468754e-01,-1.736848285139572790e+00,2.886398164268888955e+00,-1.128999399874906828e+00,-6.187801528314216259e-01,-9.187690348661388118e-01,-6.347418759217028361e-01,7.134234753046908573e-02,-1.560543929083844095e+00
-5.141344004946599711e-01,1.793933273207559242e+00,1.603233792309692873e+00,3.644321900350175891e-01,-6.308777588855626339e-01,5.599159907998085828e-01,-1.734243905060652402e+00,7.752375049006896557e-01,-3.192378460966126541e-01
-9.434001006467602757e-01,6.789496232032020684e-01,-1.608866398591852542e+00,-6.454062215123840263e-01,1.318584247816732891e+00,-9.497050937665110770e-02,-1.734243905060652402e+00,7.752375049006896557e-01,2.163374319877850116e+00
-2.804052872525468754e-01,-9.162271097943210929e-01,1.698117527407687177e+00,-8.802993408796988550e-02,-6.187801528314216259e-01,-9.187690348661388118e-01,4.647601532172467853e-01,-1.483249631046563266e+00,-1.080502876952631697e+00
-6.188017431174330785e-01,-2.175112760481935359e-01,7.202728943747327417e-01,2.101316213269665556e-01,-6.201243312818817133e-01,-4.115004485800625722e-01,2.663764211495145862e+00,1.252994397450850395e+00,-4.612208152487219381e-01
1.262955670027289257e-01,-2.677661648798187466e-01,-1.918282565698566644e-01,4.299746079537036247e-01,-1.101071380856508686e+00,-1.116489037890278369e-01,4.647601532172467853e-01,7.752375049006896557e-01,-1.111298879747590201e-01
-2.238407073355051513e-01,-1.303243532360099932e+00,9.423811150271543813e-01,-1.245478895224019444e+00,1.077573051649235669e+00,-8.214713476546838811e-01,-6.347418759217028361e-01,7.134234753046908573e-02,-1.560543929083844095e+00
