-3.473816415821238957e-02,-1.219872310606259502e-01,-1.919937703424383912e-01,-3.298624900350030642e-02,-2.630106744432140209e-01,-7.924970026769566356e-02,1.116878785712259514e+00,9.796659659884042470e-02,-3.872940628139509567e-01
-3.699825384125018934e-02,-7.202976968103331767e-01,-1.425150395148688243e-01,2.139479695408372587e-02,9.196856431668937182e-02,4.683105193185546078e-01,1.826853627697935523e-01,-4.066387115058210655e-02,-1.225024904104866863e+00
1.566550113728472915e-01,1.899005681098336340e-01,-1.070195097109625793e-01,1.530603787438978430e-02,-4.830062086070097127e-02,-7.764694722623569079e-02,-1.733493639566594802e-01,-2.937807708966824402e-02,2.411068887207954148e-01
6.730764696256180679e-02,1.610652991173759374e-01,-1.111138467718919692e-01,5.011819625971090236e-02,5.973143342391597915e-02,-1.505529625894176382e-01,-1.799680769865120156e-01,-1.831164388317198938e-02,-6.443417719160290935e-02
-1.385580808465914915e-01,1.502000510844564429e-01,6.476979078790021105e-02,-1.348309133752351452e-01,3.717732967928878418e-01,-4.280587489160282977e-01,1.926934334122472336e-01,1.202664413919878605e-01,5.173109365408374849e-01
-4.092477036433035675e-02,2.090668077516177614e-01,-1.315370897709848830e-01,2.466943976419093409e-02,1.073772419273616441e-01,-1.285331329310107074e-01,-1.914289971273098467e-01,-2.994012266474344736e-02,3.656340047223347600e-01
-1.086323101120720280e-02,-2.740408554117361173e-01,2.062822380171173281e-02,1.698197118035620901e-01,1.664021390318755067e-01,-1.256610295974189828e-01,-9.682440224248509142e-02,6.568026334461238291e-02,9.274912841414642006e-01
3.655278091416455655e-02,-1.720579208344897096e-02,-5.352975222273215206e-02,-6.528674024964370437e-02,1.256252053422587667e-01,-2.111877466330215336e-01,-2.122480112197142610e-01,-1.363860937207940147e-02,-5.059580788057120859e-01
-8.119337111238483784e-02,8.425558570074631604e-02,-1.175910739901048913e-01,-8.070425100859465739e-04,-1.881493917379575484e-02,-1.329329500974170686e-01,-1.678971836008723573e-01,-2.026463402778144393e-02,2.022607759884187395e-01
1.685349416716827586e-01,8.570355605901761042e-02,-9.520825548895787971e-02,-1.054499375660522369e-02,-1.540788526068485043e-01,-1.282113782305799865e-01,-1.854781396582368402e-01,-4.336234440867390433e-02,6.485677579258171399e-02
7.682371820189543010e-01,-8.961310123234148550e-01,-1.067977484011103789e-01,-1.230112189727406852e-01,-8.356083818300392985e-02,6.970005461299820793e-01,4.031513344391236542e-01,-1.282905295275389712e-01,-1.043286661010117244e+00
-3.668566996669182789e-02,-5.662957976892710743e-01,2.442050201098709405e-01,-5.206653973542960806e-02,-7.274370353325966543e-02,4.110676919916084748e-01,-2.082478081358096200e-01,2.160192902250188118e-02,-1.295192721381547729e+00
-3.206448350249636869e-02,-5.464417102850140096e-02,-6.223225231705235838e-02,-4.477881425749215272e-02,5.227682846335186817e-02,-2.118512795761464951e-01,-2.188225995015411207e-01,-2.269753075379229643e-02,-8.052414150541971072e-01
2.182904708627857182e-02,-1.565520340772490748e-01,-1.604205948318988828e-01,-6.774780827074762535e-02,-1.423781669488145829e-01,-1.241689879887752090e-01,1.002755855404844798e+00,9.601021764368294908e-02,-3.121211229141153121e-01
9.778729169520020137e-02,-5.651018361759109487e-02,-5.005520051126439995e-02,-1.245096591619978266e-01,1.156396845012073876e-01,-1.406881708793104868e-01,-2.881108985954213830e-01,3.793591361197178741e-03,-8.405889894890763436e-01
-2.502938712961713663e-02,-1.671814780886920759e-01,-1.297903976494240441e-01,-5.158124259279810164e-02,-1.199596758116451556e-01,-1.685574038809845021e-01,6.889125051662797761e-02,-1.245346718127764499e-02,-4.060462899776323131e-01
1.842150420409354727e-01,1.846390583363792248e-01,6.398923517988255524e-03,3.842384462442894472e-02,-4.618661213228631574e-02,3.159368640196227873e-02,-1.633892553906949041e-01,1.167783692017315550e-01,2.634218460460974187e-01
3.563785282717570058e-02,2.921445379310422252e-01,-1.729417523053429495e-01,6.607090762896193625e-02,1.138060817523371127e-01,-1.634027864145380371e-01,-1.866048026886721611e-01,-3.924771544337268825e-02,1.736570118273654262e-01
7.674022326748485001e-02,1.877987878261085791e-02,-1.584827583419187447e-01,9.979252626238366286e-02,2.041108439544007946e-01,-4.930051033813798167e-02,9.688172875907690162e-01,2.088825915901670535e-02,7.702076380971878411e-02
-9.326218073981151768e-03,5.606151139297421704e-01,-4.882965118213332401e-02,6.587315589343267774e-02,-2.988593028890829673e-01,1.322731833262220102e-01,-7.678262156697490681e-02,-3.741859808445922864e-02,1.316810560879192904e+00
-5.365310853264379509e-02,2.382874755190006189e-01,-8.927110986151394478e-02,3.339203338475218441e-01,3.226692156212787599e-01,-3.427758042999194676e-02,-1.018132205469503282e-01,-3.375631987930289429e-02,1.646899341973993680e+00
1.133474285257830838e-01,-1.026974685109323243e-01,-2.187595089733129217e-01,-1.939056893374829782e-01,-5.515617727831238076e-02,-1.798793924662563382e-01,1.190625791309963821e+00,1.150228559533874040e-01,-4.548772901758434406e-01
-4.386840912622839983e-02,3.226858421357138296e-01,-8.447886467382086095e-02,1.305656844654844995e-01,1.935940239446032884e-01,-3.174884623283185520e-02,-1.920390283395609632e-01,-4.035286624812418205e-02,1.013381987425957975e+00
-3.998309730537347173e-02,4.463722769267381985e-01,1.947768635159682071e-01,-4.936230911219879891e-02,-9.639103627944053954e-02,-2.709202108597232733e-02,-2.183290257502998044e-01,6.391144085024995369e-03,1.434788222592738194e+00
-4.303632264950929542e-02,-7.734329691377894722e-01,-1.207397265548978971e-01,-4.625071056571519040e-02,-1.345216070723439516e-01,4.169244283757628233e-01,2.594007837489128443e-01,-9.701563027743542733e-02,-7.859251983649434559e-01
-1.221516769716309014e-02,-5.777585955432494869e-01,5.955508342580413672e-02,-2.691214029632878202e-02,-3.428259952045268344e-01,1.109621899273424001e-01,-2.392107510203051735e-01,-4.254150472670088778e-02,-1.401284339169839965e+00
-8.464866456803328554e-02,5.948231682830027456e-01,-7.832054682844689919e-02,9.622332345298115208e-02,-5.537579491013101124e-02,1.026617154622125189e-01,-1.377722394901608749e-01,2.385086468991540892e-02,1.210164465143152013e+00
6.413670682356843733e-02,-3.207005242139469581e-01,-8.958528571859673828e-02,-3.715014355150718373e-02,-2.185186295218408958e-01,-1.151360471887246523e-01,-2.260704137503743438e-01,-3.638603463094863127e-02,-1.208871234981431231e+00
3.786983157316375914e-03,-7.750705654960576840e-02,-3.056819726160126677e-02,1.097091518992943798e-02,1.965284859086905700e-01,-5.288942180526633868e-02,5.147219490488134097e-01,8.999124219369088185e-02,-5.045978538905465660e-01
2.275554920035108286e-02,8.915828076016765746e-02,-9.748464051533566044e-02,-9.249760145061283745e-02,-7.916596365211496511e-02,-1.392114248453744096e-01,-2.538116378247265992e-01,-1.772457354982935954e-02,-8.184762172470724240e-01
-4.292616748614731803e-02,4.471123797929003607e-01,4.821963074441464880e-01,-1.864204730673559296e-01,3.115369574704339728e-01,-1.649291311151214121e-02,9.452735553992294149e-01,8.080617629470564223e-02,9.612511046179343932e-01
1.341087081939698611e-02,7.114486156013754004e-01,7.211514476775419957e-02,2.174602380001116331e-01,-9.046951680719143851e-02,3.446232937714523437e-01,-1.871787008504782746e-01,1.288578760978720782e-02,1.666471894744248949e+00
-2.070891278473591113e-02,2.640824843131835409e-01,-1.296838918213569780e-01,2.538789048554406791e-01,5.227519753404432645e-01,-9.525486345151584766e-02,8.072459590503625604e-01,3.297865338404735308e-02,4.845707464286728716e-01
3.657078459699115991e-02,7.455884227440477685e-02,-7.782049733382613577e-02,3.434035653870574217e-04,1.691182562701759318e-01,-7.828147224585213504e-02,5.919521912237016847e-01,1.031482727939174032e-01,-5.149824604189825461e-01
1.212733231259595368e-01,3.170794321474220689e-01,-1.054559020506481842e-01,1.239559794808072907e-01,1.558574128021443517e-01,5.449018071556370468e-02,-1.556983415761163114e-01,1.030396289658687820e-01,6.444741931401538615e-01
-4.440917115084851152e-02,-1.235681682627588346e-01,-6.150167989653969325e-02,8.073073523816841346e-02,2.126530602805548620e-01,-1.541862148175401903e-01,-1.146952844451343961e-01,6.486009523101037011e-02,7.500383702027539901e-01
-3.577239447286120755e-03,-4.761284367004564033e-01,4.753193118381825177e-02,-3.644182890499858551e-02,-3.720134905595032793e-01,-5.832495343300796165e-02,-1.926019775834348358e-01,-4.901393459122337093e-02,-9.943895999002209107e-01
2.960186310457215697e-01,1.240688234039599852e-01,-7.365549981712372907e-02,-1.940892613873711481e-01,-2.564371441103637309e-02,-8.463089306557956132e-03,-2.044527197976316046e-01,-1.908589422714616554e-02,3.433870893286333770e-01
-7.332572682456112156e-02,-6.807332691946438308e-01,4.452424352303266941e-01,-2.285572392002686512e-02,-4.027531747011450780e-02,4.189946169623781080e-01,1.496078636188000188e-01,-2.998808611580536590e-02,-1.141439435435251504e+00
1.619331572965262422e-01,2.674877416521072582e-01,-3.296928153991215277e-02,7.083883824140313479e-02,-4.593913640513541674e-02,7.355978370381020814e-02,-1.489930763529052071e-01,1.170505570044947513e-01,4.260526231957809107e-01
-2.268570048403407979e-02,2.943182756027407643e-01,-5.980084781194931753e-02,4.543842242128904862e-01,3.947841717082233859e-01,4.809545816794508905e-02,-3.540700787666533483e-02,-5.746152308074717677e-03,1.719993480371164729e+00
-1.557755634082269580e-02,-8.269340256418858948e-01,-1.227563230418380197e-01,-2.456771118619650168e-02,1.105855577557923880e-01,6.534813489777343554e-01,1.083813860810228236e-01,-1.737283730205325949e-02,-1.167236141012361283e+00
-2.232962701274508743e-02,6.813869216257729781e-03,1.121876106978888718e-02,-9.019660140272406368e-02,2.381671600501449604e-01,-1.109244508051447087e-01,-1.369686874094462603e-01,1.031582819425634068e-01,1.632139824603285216e+00
-2.779522146732993360e-03,-1.169586352133570040e-01,4.803118843249384873e-01,-5.337714205528526490e-02,-2.404577278422694378e-02,-6.729422125776134134e-02,1.247377769374539147e+00,7.476238461436016114e-02,-6.819049585314966855e-01
-1.340985613552880817e-02,-7.803465687022916875e-01,-1.713289867299531422e-01,5.154275410066529173e-02,3.469814803303464951e-02,2.753586233749039103e-01,1.918255068506632133e-01,-2.914497403841874446e-02,-1.188649091697932647e+00
7.474436214489268981e-02,2.273891195099009277e-02,-1.881389964388473501e-01,3.923980932002744948e-02,5.931439452612445595e-02,-2.775855842274103924e-02,9.020246349173414169e-01,1.038589397528105231e-02,7.190949269236315833e-02
-3.998309730537347173e-02,4.463722769267381985e-01,1.947768635159682071e-01,-4.936230911219879891e-02,-9.639103627944053954e-02,-2.709202108597232733e-02,-2.183290257502998044e-01,6.391144085024995369e-03,1.434788222592738194e+00
-3.505410313907729447e-02,-4.562354112185885713e-01,-1.807111949099313997e-01,1.000492964051664380e-01,1.601013166856552206e-01,3.693775931467259133e-01,1.443015444285635329e+00,1.382754507595227722e-01,-9.520575840836821291e-01
-3.601431813871598664e-02,-8.965780104448391186e-02,-8.908444605466141197e-02,-5.031367850055303015e-02,-1.223539288794355945e-01,1.674779519454708820e-01,-1.391297162175178515e-01,-6.246348340951266009e-03,-2.220281539004116955e-01
-1.267601199081316854e-02,-3.180814821672821591e-01,1.659121193839089015e-01,-1.239277124703519750e-01,-1.736595194260514771e-02,-1.124465977182936560e-01,-3.090118556690240603e-01,3.315724580179130188e-02,-9.408034781099322563e-01
-4.073000724152461838e-02,1.584077600753378279e-01,-1.288454040569208814e-01,3.300301367711451772e-01,5.344989717804959906e-01,-4.121449727973057475e-02,7.411616389737242516e-02,2.848245882828321154e-02,1.815031205877485343e+00
7.807965174914371920e-02,-2.243112042639106574e-01,-1.529027185389206789e-01,-1.806642704200415728e-01,-4.539627683895916532e-02,-9.340870430326421447e-02,2.419865075945263344e-01,-6.624641566268278658e-02,-8.948269933409509491e-01
3.022304000740896890e-02,2.160072929605485748e-01,-1.358725769161469032e-01,9.421220563050536345e-02,1.855181583653958965e-01,2.112895883797178964e-01,-1.505254648583275456e-01,-6.281878843460064754e-02,2.682030035842741800e-01
8.454303585732061976e-02,4.435523818471717172e-01,8.584223427174176441e-03,4.191060823260079338e-01,4.626634681133760529e-01,3.894543269324108464e-04,-1.076058677148133413e-01,-2.479553702781124580e-02,1.635090550761966410e+00
8.634418110856950657e-02,1.754584241368110920e-01,1.528225237119320082e-03,5.104387465432166371e-01,5.279833331310912481e-01,1.508509835713199750e-02,-9.484316855148652858e-02,3.632099662975425691e-02,1.740412606493940251e+00
-3.907333528971879133e-02,1.513189475939626383e-01,-1.406475905417097216e-01,-5.485778726932994537e-02,1.228918775604477542e-01,-2.102427129406069239e-01,-2.467035170532170529e-01,1.624645294290453720e-02,-7.452086412146810002e-01
-5.172950498458214752e-02,-1.369053025419519898e-01,-1.477091794881442155e-01,-5.921901745100816017e-02,-1.036475680475787281e-01,-1.157566673954326109e-01,1.228319453760804647e+00,1.107368806316739590e-01,-7.324018672942407271e-01
-6.626941565246166621e-03,-4.473458022854764904e-02,2.176438352358981559e-03,-2.213791896864068104e-02,-8.434633688557746645e-02,-9.578796610590984556e-03,-1.351645173583003456e-01,6.438941052094842438e-03,-6.383140514427350087e-01
6.682118062751868370e-01,5.854061886886960386e-02,1.043687611451699082e-01,-1.995514455350143879e-01,1.126373668013821022e-01,-1.579447358879778884e-01,5.820419440097985841e-01,-2.039358639516052410e-02,4.601101613708787896e-01
-1.207574505690077460e-02,8.035086054857495941e-02,-5.178231909262030752e-02,-5.308641184026756388e-02,-1.513996062074154658e-01,1.605848210825326985e-02,-2.562588993416775596e-01,-2.289377027300619136e-02,-8.702496461108436554e-01
-6.469655535961449377e-02,6.167274142749727961e-01,4.828640621628554341e-01,-6.703817501723287331e-02,7.712374456132220502e-02,-7.330497540663631628e-02,-4.923927331526600781e-02,-3.783164202214943372e-02,1.215931437507213220e+00
-4.396482991314960842e-02,-5.486507097469662808e-01,-8.609687440854181528e-02,-4.619730815285481851e-02,-1.136451326916732840e-01,3.626023689351146051e-01,-3.727049950027161995e-01,-2.604115115206630249e-02,-1.433905917334710400e+00
-3.228190157024475593e-02,1.099802110507963754e-01,1.005697937253566404e-01,-6.981862147146515596e-02,1.172168159389660180e-01,-1.471589722458927219e-01,-1.939366196240816242e-01,2.659120512670939615e-02,1.202100194952020251e+00
-6.050882943862023744e-03,-5.366416323234640684e-01,-7.310332134454734787e-02,9.304771682868420712e-02,3.159536347343100404e-02,-9.874585238737733361e-02,3.742528707296368662e-01,9.375385973425166830e-03,-2.271707963908013717e-03
6.790314723456550294e-03,-5.152487391482400980e-01,8.294372645387074194e-02,-6.999676325355475015e-02,-2.873685753695551792e-01,-1.120676564631598732e-01,1.316248961750359214e-01,2.139378225850686183e-02,-9.729984909291310435e-01
7.197385822940308153e-02,-6.027535090858624489e-01,7.941113644708439057e-03,-3.932657204911333554e-02,-9.286942002342804536e-02,9.307557328234605798e-02,2.855826034201159325e-01,-5.400180438024893698e-02,-1.144389837024526235e+00
2.652338500912243546e-02,7.823392553193464494e-01,-3.302539556166000922e-02,1.318771117076514010e-01,-3.752634766622785500e-01,3.251461863532544294e-01,-1.232589370476465940e-01,-1.914192837417599130e-02,1.477219681307377241e+00
1.513691131119582756e-01,3.334673288340462421e-02,-8.825548733877253138e-02,-2.453934624684713656e-02,7.119928208312930468e-03,-1.380145765503955901e-01,-1.992541993679033674e-01,-1.375778755421435719e-02,-1.055984283373469085e-01
1.295752966090555069e-01,-8.704186273963457343e-02,-1.277654203782597198e-01,-1.505413989232524119e-01,-1.606276798811814288e-01,-2.025900525882959047e-01,-2.201788582941372197e-01,-5.776647862697388558e-05,-4.112637277221865006e-01
-3.420290165205377986e-02,3.502234354352076751e-01,1.342299837272554475e-01,-6.719924210550065613e-02,-3.088295643147495051e-01,7.848971794344556871e-03,-2.266688086960522430e-01,-2.801432256743548177e-02,1.175751694783154555e+00
-3.252816403834581094e-02,2.800919828083189289e-01,-7.102255716210328917e-02,1.291050154023936636e-01,-7.110777877253443569e-02,3.019700458299900414e-01,-7.741344391519111579e-02,-4.188894923137770343e-02,1.632404512433246913e+00
1.337005204995351804e-01,3.061573845595715326e-01,-1.388621559362442637e-01,-3.508630129513398699e-01,1.315922470645049247e-02,-1.469347385669512174e-01,-2.062355691241839761e-01,3.274679069333366610e-02,-1.278386072851125654e-01
3.606596281414851946e-02,-4.374328937855151977e-01,4.116662524748766483e-01,-3.839221120288704298e-02,-1.584134539979552281e-02,-9.775234372434875307e-02,1.503732184208929068e-01,5.022230454782639769e-02,-9.735060492310497748e-01
-3.651783072073472303e-02,-4.010947581857212119e-01,-1.063437246750626175e-01,4.490529935706482484e-02,1.269845744260246767e-01,8.131584523499946204e-02,3.922275922559793626e-01,-7.637760508604460319e-02,-5.018658111231433239e-01
-2.716065767750235060e-02,-4.697702647260134090e-01,1.984364973364605711e-01,-9.417651904806007002e-02,-4.847901600871024758e-03,-8.988180839293996582e-02,-2.400226909751219939e-01,-7.362477371457309960e-02,-1.274030439229119738e+00
-5.232840681578730668e-02,2.885386352439130442e-01,6.565905701611485235e-02,-7.586064062965293398e-02,4.349567076930479712e-03,-7.973273449379296440e-02,-1.713106721679251154e-01,5.465247463535454625e-02,1.138443912492385079e+00
6.411276547332640796e-02,-2.898464971455659567e-02,2.348626248774932437e-03,-4.684535929607944529e-03,-9.040506397554323725e-02,-1.162476907836657858e-01,-1.988626031812930628e-01,1.598516138844077381e-02,-4.216950454360080536e-01
-3.285967675478335126e-02,-2.981241975693358914e-01,1.720774570449235263e-01,-4.046639884624010641e-02,-1.041356927671483468e-01,3.292859560209843717e-01,-1.962314908247855538e-01,4.168492221702192399e-03,-1.221047435416590332e+00
-6.606801543343376881e-02,4.320348179741863026e-01,-1.641819123059276853e-01,8.515435530268948561e-02,-6.491175145224213627e-02,-1.517981345236071172e-02,-1.435494973807935060e-01,-5.273693371416315889e-02,7.166502744121450164e-01
3.122385036815365777e-02,-1.078695585526054102e-01,1.617022452763583126e-02,-1.787124913738125931e-01,1.239184511505540265e-01,-1.588282148920233949e-01,-2.568960817375233185e-01,-1.847632348064410721e-03,-6.138001106174451049e-01
-6.215423931648551142e-02,2.314892269821157977e-01,-1.465484945891749047e-01,9.118132331340556007e-02,-1.391883223013034576e-01,1.838554542619321719e-01,-6.673803320941010253e-02,-1.782403103622887119e-02,1.339372458376284492e+00
-3.679541009818299013e-02,-4.884667914464835836e-01,1.474844908991622683e-01,-4.273531343569086927e-02,-1.483015908889235845e-01,2.461123347020457430e-01,-2.017505804583549778e-01,4.408102315687997125e-03,-1.324211236445618001e+00
-2.403192252038895138e-02,-1.885116384273614054e-01,3.437217779303841647e-02,-8.402655557448458767e-02,-2.055059654277474959e-02,-1.016800027350702879e-01,-2.244910367898763637e-01,-5.339796701032249737e-02,-1.065571828216964168e+00
2.404023847409245129e-03,-1.563596961464561730e-01,-1.720890056913100541e-01,-6.062928852350230741e-02,-1.157750436975841790e-01,-1.737597811099674538e-01,2.143709854373614110e-02,-2.019980542574612709e-02,-2.913250068305502372e-01
-9.800710196219400427e-02,1.341509570637866577e-01,-3.176777338106482884e-01,-1.081158278496966441e-01,-1.599809563168221316e-01,-7.386855636868207287e-02,7.558969695501258634e-01,-8.418369163832933530e-03,-5.183092380741995964e-01
-6.358553451695839187e-02,4.836743785513069049e-01,-1.097965137813652625e-01,1.319005931606370141e-01,1.264646399334545639e-02,1.804125958128815488e-01,-1.685616162187523748e-01,-4.911038183870298363e-02,9.515856031569108753e-01
7.781994785669943404e-02,-1.546847868838481799e-01,-1.641766161093754228e-01,-4.209812495254368347e-02,-2.347419684413997176e-01,-1.566636953345011407e-01,3.284923276074583343e-02,1.313913445032781346e-03,-3.555646187090094057e-01
-6.047723603295845907e-02,2.807412201963246923e-01,2.144426696231911122e-01,-5.209018018924668411e-03,9.442527009304310659e-02,-1.756643657391032676e-01,-1.905736005204538563e-01,2.413659509011202575e-02,9.652585479041176919e-01
2.989160489444608881e-02,-5.630064650148393079e-01,2.176828136111769729e-01,7.783207869169006532e-02,-3.172614741810259043e-02,5.909091178392823773e-02,2.907888919740679867e-01,2.273127711008444615e-03,-1.110361133309583970e+00
8.665166937469371833e-01,-3.941317229118382337e-01,3.136265752494687975e-01,-1.593004348758786937e-01,3.163179467492515107e-01,-2.907135999717175290e-02,2.783992380508710229e-01,-1.522465052313747014e-02,2.554782152644224369e-01
5.397520948881648351e-02,-4.283612385537070577e-01,3.894076041741242888e-02,-4.131775268179085914e-02,-2.966128878113886147e-01,-6.677960854177435179e-02,-3.345787801264766825e-01,3.898349597630283714e-02,-1.074455395965645765e+00
1.346394911354018009e-01,3.976734224813907592e-01,-4.715348833598348444e-02,-4.530045400997476102e-02,-1.348212682181999522e-01,-9.568088645091840649e-02,-1.425614285558935712e-01,7.377297043398255150e-02,7.988145561229497149e-01
-1.544327388656523137e-02,1.237966349989995940e-01,-2.031695292204105385e-02,-7.621888057449971443e-02,-7.042996962871117539e-02,-3.143600396019607252e-02,-2.536646543919210961e-01,-2.174727790311919984e-02,-9.851284908863997547e-01
-3.929335848460828451e-02,5.538519297654903584e-01,5.392723747904554915e-02,2.069258508768581917e-01,9.818448303119527154e-02,3.494384524273495829e-02,-2.303897306483297103e-01,-1.303704986301441361e-02,1.590290121436592985e+00
-8.007501880469602984e-02,4.403546336695903785e-01,-2.027276134382750561e-01,1.383849894205732012e-01,3.607893096903959373e-02,-4.908547590211750217e-02,-1.407881467936648867e-01,-4.959045993997935470e-02,4.841316710634247511e-01
-1.959364547686891223e-02,-1.476035369443039202e-01,-9.321805544215269745e-02,5.370198153065811747e-02,1.805001352796598291e-01,1.090259129025398233e-01,4.700941194900798981e-01,-6.843011579201328798e-02,-6.593776363664796136e-01
-5.523670406426671453e-02,5.660670951947216478e-01,-7.139226238127931168e-02,1.292472270258835931e-01,-7.309536108569734958e-02,1.555377989203803879e-01,-1.065858378408564983e-01,3.336297569157818665e-02,1.225891885305798290e+00
4.761649125672512417e-01,1.384838808507078967e-01,-1.193920823371122375e-01,-2.921532211612378749e-01,-3.483655273204763758e-02,-1.684570970024378833e-01,-1.831856961922630755e-01,1.408896435538218861e-01,-3.099345458536631459e-01
-6.852286980525898463e-02,-1.275511989074928909e-01,-1.890570767884923731e-01,-4.891850945063767886e-02,-1.609502187370661086e-01,-1.043019602330075846e-01,1.200053808292165014e+00,1.227080754411242619e-01,-6.804315512213441330e-01
7.867611590875172034e-01,-4.077166917507371036e-01,8.708456708360749754e-02,-2.324079820485932535e-01,-9.000804898237414753e-02,-4.727928572650702543e-02,1.347456327097876494e-01,-1.843023274507784789e-02,1.642033406944264917e-01
-1.143619265101034482e-01,-1.125071278874961722e-01,-8.877286466837859547e-02,-9.649974479851493314e-02,2.019716742256320516e-02,-2.744629260280895267e-01,-1.941296740451621539e-01,-1.916444107860553608e-02,-4.222747369561753450e-01
-8.102779577370931852e-02,6.050338029845481191e-01,1.668285791668155660e-01,-1.657778540643906756e-02,-1.019981015698895876e-01,-9.375114804470821572e-02,-1.874297488331795603e-01,-1.212894901739700916e-02,8.612175969348415672e-01
5.809863024719291724e-02,-6.116272819661309201e-01,1.339844209558904535e-02,7.735837687143955199e-02,1.718414356701428169e-02,6.132185558797346309e-02,2.374265586153736507e-01,-1.808978525957184724e-02,-8.919874856864057344e-01
-1.260931734918131208e-01,-1.450816232551420913e-02,-1.251958150629486899e-01,7.117252676898529196e-02,1.599074143540289983e-01,2.983889189005962117e-01,-3.619640797099897833e-01,-3.329052968074878993e-02,1.239353689811059755e+00
-1.930776108428733373e-02,4.094356161826067098e-01,-2.188337032496938395e-02,-1.428938036961923674e-01,-8.538989512427230810e-02,-9.986948283690781636e-02,-2.193849355715016269e-01,-3.977737083623097969e-02,9.020615730620924477e-01
9.162181082998837045e-01,-7.222951819292375286e-02,3.293434528723833132e-01,-9.752684782894796914e-03,9.666721623331775426e-02,3.950795099860614223e-02,-1.675005709712230895e-01,-8.189433409492420657e-02,1.157255446106491448e+00
-2.458631729801716292e-02,-2.142357030188636879e-01,1.867189272357712149e-01,-8.560403317201244200e-02,-4.192895371898530676e-02,-1.264720813733717919e-01,1.333666815541803219e+00,6.437692775252086552e-02,-8.182106793785980381e-01
5.453608215210889454e-03,4.047760437925637667e-02,-2.771394492313261626e-01,-7.289941194369663202e-02,1.995287932954021848e-01,-8.860367237155643283e-02,9.503035343624649522e-01,-4.917621519416570663e-02,-4.966568868318127494e-01
-3.268196114454346990e-02,6.798162996210160847e-01,2.038843902771672045e-01,-4.156017321702969863e-02,-9.189997541478690801e-02,-5.468743624626870581e-02,-2.055357807567786410e-01,1.393378732442147883e-02,1.367654710047122579e+00
1.540452305721259629e-01,1.638460105895876984e-01,-1.145331013931167319e-01,2.314922497604801621e-02,2.116613975066749045e-02,-6.104024370860246240e-02,-1.753867541292004339e-01,-3.891185242570345537e-02,2.377833304803167180e-01
-3.028362968753238460e-02,6.784155884944491621e-01,1.959792584007574445e-01,-7.390275245845803753e-02,-1.541630468689025035e-01,2.640214336793568484e-02,-2.128934103625989283e-01,1.005325482915791699e-02,1.646038676150024305e+00
-2.099779917778649141e-02,-6.106753892008033591e-02,-8.743218975602864984e-02,3.373913600505107357e-01,2.558750690234202763e-01,1.212221017621811954e-02,-7.770022074416985114e-02,-4.457546669209286327e-02,1.424740618842344597e+00
-3.937703848630080827e-02,-3.080277308976012152e-01,-5.322521499225002506e-02,-1.483580547507320491e-01,2.574261719456742425e-01,-7.029252003434867391e-02,-2.235947919580198173e-01,-5.821408340263654196e-04,-9.931961981336638878e-01
5.691170554806779247e-01,2.573291901640946677e-01,8.451203834354205358e-02,-2.036206640810482582e-01,7.206927198987632399e-02,-1.074654132539316492e-01,-1.388649240600920431e-01,9.116218739623843659e-02,6.010604265477684782e-01
-4.310365150194753192e-02,-6.323887943428543323e-01,1.210263871699580052e-01,-3.786294875755218114e-02,-2.740849114312297607e-01,1.686878900258316771e-01,-3.577143606371469553e-01,-6.463707995734067208e-03,-1.145479605820741043e+00
5.487747303940425370e-02,8.693583594788938107e-02,2.305040318465066129e-01,4.069629027504058638e-01,7.226301114853072027e-01,7.789031533092737047e-02,7.802015474345836976e-01,1.038789648099078949e-01,1.184229851688776591e+00
-3.232268863993346952e-02,-4.111335207215625620e-01,1.183588701010574867e-01,-2.496363582538968853e-02,2.358633294802100697e-02,4.848298849753805428e-01,-1.612279046178454189e-01,6.010797939567806558e-02,-1.057413486925501411e+00
-4.925233633177548975e-02,4.864709325843302040e-04,1.212331398205745009e-01,-1.171417768867215672e-03,1.291847308668354621e-01,-1.052219263063299687e-01,-1.654181560095225323e-01,1.349082842767237722e-01,6.304891638846266133e-01
-2.900620057995616230e-02,-2.060706531025229549e-01,-1.279722904360127145e-01,-7.113538205014566240e-02,-1.840021524714336582e-02,-1.726191428466328504e-01,1.332745771194024653e-01,-7.917695490318156504e-03,-7.508928808491270868e-01
-4.519247838523622607e-02,6.758385837835023668e-02,-9.982648878373096002e-02,7.385649740352981385e-02,2.004684239981900373e-01,-1.352461692517594738e-01,-2.375060827590761703e-01,-3.182611946022462918e-02,5.824413673712146577e-01
1.142575276796774231e-01,1.222519564539308184e-01,2.817901353400849573e-01,1.016396167407197272e-02,1.812671120643378764e-01,-3.832418275311121059e-02,8.499022175702776460e-02,5.772846956279038474e-03,8.768652770875233760e-01
-6.024844599846355259e-02,2.635492969097364968e-01,-1.083562335465403925e-01,2.664838788955219973e-01,4.797900659330784495e-02,1.408957717550533284e-01,3.999370526421876931e-02,1.337023380528840760e-02,1.767604564368963294e+00
-5.351770806028716132e-02,4.343948448424539421e-01,2.132800740518032284e-02,-9.748651557681800583e-02,-5.007937144310553590e-04,-7.541819938946328628e-02,-1.557585170231760019e-01,5.613137919438024315e-02,1.162352378380265394e+00
5.670857821594046944e-02,2.681547866702526858e-02,1.095547885803713484e-01,-1.373086450909455913e-01,1.738843979428685849e-01,-1.391647785349141020e-01,-2.782696454188531288e-01,-1.592768738211858270e-02,6.727235777240901937e-01
-2.739699024748507017e-02,-6.115130931361347777e-01,5.098480469094262002e-01,3.425958228300493569e-02,-3.980829694571466626e-02,2.824425658886394741e-01,2.767389881533998119e-01,6.046193038896882296e-03,-1.072001668168556909e+00
-4.589461966828582706e-02,-9.778027768338520831e-02,-2.404849592377483747e-02,-8.016792435618866342e-02,2.584390131744826111e-02,-1.544978004971905849e-01,1.158696188130962756e+00,5.545767670183902182e-02,-6.285195586874137152e-01
-3.998309730537347173e-02,4.463722769267381985e-01,1.947768635159682071e-01,-4.936230911219879891e-02,-9.639103627944053954e-02,-2.709202108597232733e-02,-2.183290257502998044e-01,6.391144085024995369e-03,1.434788222592738194e+00
-1.346450494318540692e-02,6.646403640604445773e-01,-4.902101908074248116e-02,1.709883075636766947e-01,-4.135738514824990886e-02,1.149475595358581959e-01,-1.695272136497356086e-01,-8.698544074382121016e-03,1.229263723594802737e+00
5.172829953983072715e-02,-1.028132964701415769e-01,-1.664859466998587778e-01,-4.152261005755918111e-02,-1.087209408280277734e-01,-1.007565236596005970e-01,1.163857932001292061e+00,1.243907189235564648e-01,-6.214673447613087154e-01
2.608443632284393465e-02,-3.461763687622796404e-01,-9.162459960254598634e-02,-4.109709599821075032e-02,-3.472272043286095955e-01,-5.150175986326632066e-02,-3.020658879967791366e-01,5.077631231101813886e-04,-8.457411160684886742e-01
1.340046885315151481e-01,2.455176047230401559e-01,-1.250538297701803969e-01,5.022263613822199046e-02,1.698781123544479063e-02,-1.724703078983079452e-02,-1.636862862757626491e-01,-4.235650903642883269e-02,3.924959831241341401e-01
-6.663496765074380934e-02,-2.206284965545182719e-01,-1.887354059931304340e-01,-4.120997883420868257e-02,-1.703411585635964953e-01,-1.428429529979704515e-01,1.421021356734609720e-01,-2.296988942959002356e-02,-7.026084988135543608e-01
-1.111098727122325491e-03,-2.001102435310325445e-01,4.713653183568857624e-02,-4.006069795822793378e-02,-1.381169692473042665e-01,4.397875736707018007e-02,-3.493292564499591024e-01,1.921969369231232155e-02,-1.161100596359265102e+00
-3.354748316251178475e-02,-1.367753375321963810e-03,-5.738316796329744063e-02,-9.144929757554608185e-02,1.469656578438977568e-01,-1.692089913137965751e-01,-2.700890053264085044e-01,7.687599936943700397e-03,-8.209323901324749873e-01
-3.535138137372492717e-02,-3.203061446462366346e-01,5.309041302828541170e-02,-5.605982169508934299e-02,-9.028896817263387664e-02,-1.292706221492872787e-01,-2.011323842367246095e-01,-4.323251476280743494e-02,-9.744151993576612991e-01
2.522224169053079168e-02,1.507484995938009054e-01,-8.622294710180362920e-02,5.183108246758113408e-02,1.673432518719797646e-01,-2.001442156752778201e-01,-1.932613344280610379e-01,1.468250822246312121e-02,-2.284243216861690517e-01
4.772606278536184465e-02,-2.330294740997732039e-01,1.291687735490029687e-01,-6.638732694775320575e-02,-4.373797200188515866e-02,3.449923995941410471e-02,-3.191390199685498752e-01,3.014317721098904237e-02,-1.096585621724999182e+00
-7.758075396190280970e-02,5.074465695154216638e-01,-8.325095941132251709e-02,5.069799710822011501e-02,-1.394688503822636705e-01,1.618510348641920837e-01,-6.336288467818312897e-02,-2.396215623924667290e-03,4.864813174349327252e-01
-5.131167359384027071e-02,3.814576176788124218e-01,-6.972607330126456837e-02,5.246576966363042382e-02,6.490450822703897060e-02,-6.360846624097658830e-02,-1.049601131674080257e-01,3.452444870805459337e-02,1.026167346376748446e+00
9.103349326325990698e-03,-2.174450404175098661e-01,-9.913817664123429629e-02,-7.803363549685678191e-02,2.819169814730938112e-02,-1.381654383748886772e-01,1.162563426030415736e-01,-2.188762647528489508e-03,-7.075343789929547933e-01
-6.975251906720002226e-02,-2.343092354731189930e-01,-1.803963446977239204e-01,-3.397559910782033121e-02,-1.732818265839347893e-01,-1.630369348155243370e-01,1.598073995058380825e-01,-2.641476528098191806e-02,-7.464706646514440713e-01
4.845817000968742627e-02,1.783723393228082710e-01,-1.869997900314633310e-01,-6.047427107376016769e-02,1.120296664832250016e-01,-1.604436437927541648e-01,-2.223287519486174535e-01,-2.945056112589578695e-02,-4.009374489413486398e-01
-6.526695108248231625e-02,-2.123880381338760781e-01,-1.631362783466543953e-01,-1.665690777503425202e-01,-1.262294600608919737e-01,-1.740815131543056726e-01,-3.041535872497136417e-01,-3.001459307732085025e-02,-3.200726315598519944e-01
-5.607624464044481949e-02,6.099694625672594794e-01,2.558956950027807542e-02,1.348815204646024724e-01,1.560003756596337332e-01,6.641739665906103152e-02,-1.713136630571550079e-01,1.818331138216081055e-02,1.369812279736298155e+00
-3.929683025618911640e-02,4.592637190131080294e-01,-8.189112708747167679e-02,1.170840665562048605e-01,1.738661700060205872e-01,2.297234648010791636e-02,-1.462699588588069755e-01,8.021948870472488113e-02,8.384872531178333421e-01
-7.915426763549124334e-02,3.484527618369409052e-01,-1.488869595266287815e-01,1.193922607477104908e-01,-2.229388896618336169e-01,1.166591750293497071e-01,-1.665340449869752992e-01,-3.738834383705302855e-02,9.630446693253893464e-01
-4.696413995165872601e-02,3.559205914920284819e-01,1.744955403721404896e-01,-1.194031580312265028e-01,-4.787700658344791471e-02,-7.401487589467842243e-02,-2.375547153681871471e-01,-2.384306168591693309e-02,1.442241448340672028e+00
4.287649149731653786e-02,-4.945624454656532554e-01,1.664470017536412716e-01,-9.452264798751908170e-02,1.554168554342233097e-02,-5.970933944536829102e-02,1.376245081841590834e-01,1.660794166865800850e-02,-1.007233360145418866e+00
5.657302818954948465e-03,1.168087548125116282e-01,-1.002472870040040515e-01,-5.166363005842757039e-02,-7.115375822877104128e-02,-1.714837982179743814e-01,-2.020904370605470790e-01,1.725059762396035506e-02,-8.228880055180145536e-01
-2.747288747764545236e-02,1.122710335402496776e-02,-7.833827585188855858e-02,5.023170570729981188e-01,3.805643276835366517e-01,3.866978969093827490e-02,-1.872053925421025833e-02,-1.203728384855721166e-02,1.794419977217440287e+00
1.210686939434486853e-02,-1.890449592159499648e-01,3.154596531598143766e-02,-1.744080418897051288e-01,1.549439483839604170e-02,-1.840896447936576086e-01,-2.766518539591795722e-01,6.739279990158390105e-03,-7.542596004534916077e-01
-6.378229621827341544e-02,-1.697686072610436192e-01,-1.102805311242856107e-01,4.264130131166487536e-01,3.755560185647317528e-01,-1.340824829621360334e-03,-3.168470449863897490e-03,-2.088725560081616112e-02,1.741855908088622229e+00
-6.577541565900960063e-02,-1.842446128229890401e-01,-7.489130821936437754e-02,-3.846279870689162106e-02,-5.224922937639665810e-02,-2.008530387110890325e-01,1.259346163775713512e+00,7.173896785074515559e-02,-6.639853222569428448e-01
4.988284719013824642e-02,-3.281433457806119947e-01,-2.057476439920690736e-01,6.300216043692918183e-03,-6.343812792529425482e-02,-4.627281930132037813e-02,2.194553059906003689e-01,-3.504555289991323486e-02,-9.700027774256020363e-01
-3.798440345536294172e-02,-7.218201527998209244e-01,-1.150228828227232991e-01,1.170518809556952457e-02,9.502301401219188925e-02,4.267181757223748595e-01,1.766948677869071005e-01,-4.027786073336999534e-02,-1.215933261844374558e+00
-1.791240109810719738e-02,3.338240957802361963e-01,-9.896132725057404933e-02,7.800323063643675725e-02,-3.322059937936094332e-01,2.250347810974196450e-01,-2.598087164534929744e-02,-5.767329052043339288e-02,1.513781495247864095e+00
-4.993366015456177087e-03,-1.508051405041701543e-01,-1.797138692598258258e-01,-4.220201441450467661e-02,-2.186952687159534892e-01,-1.153551168762856211e-01,7.282091110927009503e-02,-2.734725604064403015e-02,-2.390317400598100106e-01
-9.870874554096203957e-02,7.385060202404853946e-01,1.623980579560711790e-01,1.010418474175745762e-01,-1.959206327441247522e-03,5.432512010669422742e-02,-1.112053804566108112e-01,-1.055081049618978618e-02,9.446252116037622271e-01
-5.873223176160990988e-02,2.121011019905525985e-01,-1.130509087419107189e-01,6.139791723086477498e-02,5.951655556823285537e-02,2.934888918372611719e-02,-1.903023499415981146e-01,-3.767133271983926640e-02,5.214553178493229746e-01
1.276914497931989911e-02,-6.838285860810729977e-01,1.115681841276466718e-01,7.544410073301835440e-02,3.738753790804551225e-02,2.889050362518735260e-01,3.070577977263030389e-01,5.140878035258174619e-03,-1.036967939412605011e+00
-3.578246659483978742e-02,-8.067184365244479682e-01,-8.679353224255509369e-02,-7.236771871699490544e-02,2.991690647442429296e-01,1.761675046403848588e-01,1.794292254002677889e-01,-3.613376412984155295e-02,-1.298206691134721869e+00
-6.013654846390533576e-02,8.597843018517167812e-02,4.236055194062018359e-01,1.586103882096592810e-02,5.956514186276101741e-02,-1.178545169306417090e-01,1.545806592563313542e-01,-2.272229109609888442e-02,5.897291435807469062e-01
-1.319695478482577067e-02,-4.931650564234146134e-02,-2.008004868846455584e-03,-2.295371815792848769e-02,-6.836154739257112312e-02,-2.497270913721905128e-01,-2.502034585027114177e-01,-2.745659371376747010e-02,6.819854577038257926e-01
-1.349851816306960051e-02,-8.624162774623513883e-01,-8.812649736340570639e-02,-6.722025014424616585e-02,2.970812520920517175e-01,4.020426475632760677e-01,1.056230509635946863e-01,-3.053209502356390992e-02,-1.299706064825967733e+00
-4.697073073336295590e-02,3.191888066055993400e-01,-2.417467743749636064e-03,-8.732120946445870446e-02,-8.532166940689316081e-02,-6.902187076004009936e-02,-1.661990921020743972e-01,6.469436287661151086e-02,1.253086460047120099e+00
1.912059510788965966e-02,-2.878790891950449571e-01,-1.258350819416108046e-01,1.058302672999126420e-01,-1.847495349597124553e-02,-1.547968517915597197e-01,-1.195552400914095120e-01,-2.260477030076200877e-02,5.414677216618780653e-01
-5.596950704840855662e-02,4.094726538510366082e-02,-3.157872717741224133e-01,-1.122403810260786394e-01,1.704055918605325640e-02,-3.472693608316872182e-02,7.906502254533742668e-01,-6.069641171011422309e-02,-4.924745586241873752e-01
-3.420290165205377986e-02,3.502234354352076751e-01,1.342299837272554475e-01,-6.719924210550065613e-02,-3.088295643147495051e-01,7.848971794344556871e-03,-2.266688086960522430e-01,-2.801432256743548177e-02,1.175751694783154555e+00
-1.810110578680021454e-02,-4.583023642474817749e-01,-4.539919423501077855e-03,-3.453731933389867642e-02,-5.714999479759071133e-02,1.922838160680045427e-01,-2.561379982296320690e-01,-4.333179999882023209e-02,-7.353411798341766836e-01
1.677794230758868077e-02,-3.160281193876087191e-01,-2.048554787648862452e-02,-5.447314478409631677e-02,1.591082626119374177e-01,7.160251549785116854e-02,-2.655374524790853341e-01,-4.233242601853987735e-02,-8.188974413081170356e-01
-3.729453902833465562e-02,-3.326019351049543937e-01,-1.431136385562520319e-01,3.429535449296237937e-02,-7.362959809672262046e-02,1.989855961466117928e-02,1.384392452743790747e+00,1.690983866085962739e-01,-7.819512731830283725e-01
-9.726939704292809907e-02,-2.093612616994045689e-02,-1.805580040766962269e-01,4.790104039468702501e-02,5.755344089712540745e-01,-1.807091982129309660e-01,-4.400383200074826640e-01,-5.491330784671598353e-02,1.024410275867948084e+00
-2.786344049533723277e-02,-2.052818641831117841e-01,-2.255590916141158309e-01,3.087547432631253252e-02,-2.157310927488973740e-01,-3.673672208704412134e-02,1.357286298478464159e+00,1.533207218460738708e-01,-8.438267802402734663e-01
-4.788378367034945571e-02,-4.614105622056439288e-02,-1.575503321182984695e-01,-9.175164216644472737e-02,-4.461236226018812090e-01,-1.364331391768914548e-01,-1.034893331708062053e-01,3.680091614228862135e-03,4.822071054000111601e-01
1.380836933792173316e-02,1.583849632240948435e-01,-6.914592465835159296e-02,-1.588611591820800195e-01,-1.204002218106908634e-01,-7.843375697826587833e-02,-2.376612935135999916e-01,-2.480995308383117035e-02,5.042094936492661494e-01
4.103273995309175692e-02,-1.666866139817455850e-01,1.291356541216402004e-02,-1.154671405069530310e-01,5.613009096203119136e-02,-9.242755525310844544e-02,-2.694285999463783554e-01,-6.306211394568297240e-03,-8.033532280324118258e-01
1.542161158835951007e-01,-3.854162221472841321e-02,-8.782601514689260258e-02,-4.523821392690872967e-02,4.801909799909267335e-03,-1.620180326380898927e-01,-2.153596270013420910e-01,-3.812938554833340821e-03,-2.316950269210195090e-01
-8.193895808276213666e-02,5.337413876313308325e-01,1.707029903319382536e-01,1.058355086141872792e-01,-4.265706071398329691e-01,4.126486394241567490e-01,7.778117872509683339e-01,8.862337274825755895e-02,9.403929571040451352e-01
1.083777341122407756e-02,-1.708333637639881109e-01,-8.500689167547047231e-02,-7.636444552650763218e-02,2.648291081349764264e-02,-1.445765973968163864e-01,1.214700210950557357e+00,6.629309408065106601e-02,-6.528953856930491684e-01
9.514407971690450050e-02,1.681789203400886890e-01,-6.314456610724565599e-02,5.273163213273360239e-02,2.668960801027124921e-02,-1.785962378149113794e-01,-1.785145112970281389e-01,5.004212213621012095e-02,-1.045289414637382425e-01
2.616019188697253917e-01,-4.923442269246954689e-03,-1.746634411317490032e-01,-2.326090265234547760e-01,-6.741014917768416159e-02,7.690869504349336083e-02,9.022087493428276872e-01,-2.019842195445818375e-02,-2.841947682349686352e-02
-2.779522146732993360e-03,-1.169586352133570040e-01,4.803118843249384873e-01,-5.337714205528526490e-02,-2.404577278422694378e-02,-6.729422125776134134e-02,1.247377769374539147e+00,7.476238461436016114e-02,-6.819049585314966855e-01
1.030833189832787433e-01,1.076612716988913226e-01,2.379467030821557499e-02,-9.521336067101320022e-02,-8.682265299121048885e-03,-1.874196567619367260e-01,-1.906448659170123516e-01,4.328612080015359354e-02,2.987545664128923861e-01
-4.013625146336295690e-02,2.886026136655773233e-01,4.307495268191844501e-02,3.175645258033441554e-01,1.820271473969257980e-01,1.917431594809841933e-01,-1.576516445789427623e-01,2.806945156063591490e-02,1.838773836378422510e+00
-5.922839147077168381e-02,2.053345828450742760e-01,-1.570475376673518830e-01,1.099978014227769724e-01,7.357000613715189430e-02,-1.320373235452506067e-01,-1.678869423056761345e-01,-3.561551132153663313e-02,2.479122105374459706e-01
-5.638237472854198268e-02,5.413754700005410925e-01,9.784174016579268163e-02,-9.526562111789275977e-02,1.284435833765281698e-01,-4.549353869011006635e-02,-2.044450200968198350e-01,-1.670660433226398706e-02,1.447466286795657808e+00
1.393964800705597973e-02,-3.332828462204892039e-01,-1.616244063408718568e-01,2.661900332593714058e-02,-7.108380326267987881e-02,-1.435710260319326796e-02,1.358850572005149582e+00,1.697698188265046593e-01,-7.810097044070684058e-01
-1.725609155076145151e-02,3.620194179572989168e-01,-1.637382606449462319e-01,-5.464405135071242342e-02,1.779628658608078950e-02,-1.076661665147494451e-01,-2.170766854932502932e-01,9.391393314704069017e-02,-6.344692871180914739e-01
-5.240688262980326695e-02,-1.696008864958140627e-01,-2.136493770506125989e-02,-6.698776540580020367e-02,6.919759534713297577e-02,1.154168850753515829e-01,-1.622358753934264319e-01,4.880884618655085411e-02,-7.428817599988174480e-01
-2.126268139924972211e-02,-8.381595907117282973e-01,-1.133841433580077551e-01,3.194042357305713897e-03,-3.902211110630912638e-02,6.366035611118592286e-01,1.053073956042173132e-01,-2.175559283189827317e-02,-1.132421533564903937e+00
-1.875826436168777367e-02,-1.453907218427642478e-01,-3.421686090647192008e-02,-4.939860763607740318e-02,8.158240533235759651e-02,-6.857055919842112990e-02,1.292972570891772088e+00,8.783889172249856325e-02,-8.280581311756776142e-01
-3.816894694346865957e-02,-5.904652027665143743e-01,-2.094525598133245847e-01,-3.898544396389076738e-02,-2.706069767061797249e-01,3.386686847809522449e-01,-2.309198581382988225e-01,6.970941892550107377e-02,-1.101549854036064868e+00
-7.003762489716933159e-02,1.677379964554596148e-01,-1.175661138237589914e-01,4.807911887161787912e-02,-1.684569836372416113e-02,-1.367290630723748679e-01,-1.352380484551899409e-01,-6.651834704336664211e-03,2.620189824302990855e-01
-5.308666112983516372e-02,4.998302399938304719e-01,3.546224424650982199e-01,-2.301309387900282721e-02,1.240960329794103673e-01,-7.354559529430809706e-02,-1.898596759502377829e-01,6.597012117327686817e-03,1.262106735161549587e+00
-3.510481519092305269e-02,-6.410666693463213939e-01,-8.517086003862334165e-03,-5.321858511279725645e-02,-2.542256481076275720e-02,4.882641695993286124e-01,-3.368083692003222551e-01,-3.334290389894020712e-02,-1.395915696770662739e+00
-1.004481374631450985e-01,3.508684246185863609e-01,-1.575757870568876284e-01,6.295841800516094322e-02,-1.052528650156919071e-01,-1.273794753066603835e-01,-2.108956609894597767e-01,-4.940782456590779581e-02,-7.667217079207074015e-02
5.767819488432840425e-02,3.555692931232118381e-01,3.641227233723286910e-02,-1.738239932761542761e-01,6.978122979449841168e-02,-1.579052331989247993e-01,-1.926218075935567930e-01,4.376147611131744192e-02,6.499517527445549669e-01
-1.570314894634380898e-02,-6.155639975691837851e-01,1.286335875693530861e-01,-4.367125874119129336e-02,-3.615945728132060610e-01,-7.746347072099629694e-02,-2.313036224975117405e-01,-7.798856967261862116e-02,-1.147870880887266409e+00
-2.815705830509149243e-02,-8.791887377122087344e-01,-2.008679734091785019e-01,-2.987417713511313772e-02,-3.914499280276531601e-02,4.568708216860774551e-01,7.874333492832044645e-02,-3.182092225527952123e-02,-1.165999996134685635e+00
5.867733695612273315e-02,6.468513368704011945e-01,2.608597932916188467e-01,4.327819430252154986e-01,5.078873868255266988e-01,1.238802649941709577e-01,8.700001463273331348e-01,7.743609952701935306e-02,1.344039066070128241e+00
-3.819667131365037105e-02,1.630278624278447830e-01,2.142314694747328996e-01,-1.068738314298292857e-01,1.391526452210686271e-01,-9.814439444314876360e-02,-1.951517140537145645e-01,4.681531422017591940e-03,1.609885441654850258e+00
-5.358828571290932125e-02,3.325132058520642309e-01,7.939458790498374330e-02,-7.899381791492816191e-03,-9.487217609986423050e-02,-1.082530171732226654e-01,-1.542577983672538955e-01,1.306103834090013675e-02,1.091958102593345581e+00
-3.420290165205377986e-02,3.502234354352076751e-01,1.342299837272554475e-01,-6.719924210550065613e-02,-3.088295643147495051e-01,7.848971794344556871e-03,-2.266688086960522430e-01,-2.801432256743548177e-02,1.175751694783154555e+00
-1.074051705684579971e-01,3.619996585969530445e-01,-1.490304293473444230e-01,7.292175231353638376e-02,-3.451093266147466088e-02,-1.070121284495032382e-01,-2.021770282909862992e-01,-4.863572379828438874e-02,5.359843335170601242e-02
-2.545395218090086564e-02,-4.814060795792038938e-01,6.625167914811078140e-02,-6.499917901153594302e-02,6.055800344505257032e-02,2.353779581899916873e-01,-3.427804812152707714e-01,-1.794995198741791698e-02,-1.321744893230735407e+00
-4.064869907019388884e-02,5.302050503254646802e-02,3.946449880862521464e-01,-1.092574532385027219e-01,9.866365255238025711e-02,2.051067266630977187e-02,9.545537323745945102e-01,4.100961865342798301e-02,8.339653766442618466e-01
9.435346789161364045e-02,1.352630994256057151e-01,-1.060626154249270231e-01,5.845434433310529865e-02,1.268576592563517014e-01,-1.710843832844070878e-01,-2.081824821545962545e-01,-1.625980979629869372e-03,-2.210477875437409923e-01
-6.002477006247591840e-02,1.965561422770673028e-02,3.899931323643003878e-01,-3.570510211362253744e-02,1.713915879168798617e-01,-2.366047507127718164e-01,6.524609723509193770e-01,2.161139539871659299e-02,6.677424107402685216e-01
5.469020982074909720e-02,-5.837805329237786278e-01,2.469024773675300433e-02,1.772136387694330795e-01,3.073426980477950154e-02,9.844129190741783553e-02,3.861264425793458632e-01,1.390600405337824585e-03,-1.044611281189121499e+00
5.393423214785397768e-02,-3.362047363688200896e-01,-2.029480977368848249e-01,1.332754530988287944e-02,-8.101746863676678734e-02,-6.625431863112105080e-02,2.191813633434830100e-01,-3.253867543187172889e-02,-9.654417695619527118e-01
-3.339941363527496043e-02,-5.866675141520558689e-01,2.028781320730022319e-01,-2.925435582294096115e-02,-1.792759082691063044e-01,4.639829572750225894e-01,-1.796156015234098846e-01,4.911780079743936073e-02,-1.256963364334629185e+00
1.004653146210168352e-01,-8.447428744126597722e-02,-1.056097449568055152e-01,-1.077108007926671912e-01,1.120839575216883849e-01,-1.359532492306261275e-01,1.169998717156903068e+00,1.020340319297144069e-02,-7.308161772954312463e-01
-1.576745657078726381e-02,2.219523728577986743e-01,-1.610226720889642305e-01,-7.705730411469478847e-02,-1.150889407084690758e-01,-1.794427967980384286e-01,-2.306579515977154604e-01,-4.350137039368584535e-02,-5.711995442497823650e-01
-9.316893994583468064e-02,3.937676127908962820e-01,-1.305417675575212266e-01,7.478467196716914733e-02,-7.847389078500949244e-02,-1.441538240338954835e-01,-2.065498465149409602e-01,-6.428309922884144212e-02,8.670537932991739805e-02
-5.990207827221354087e-02,3.683195383785851096e-01,-8.738941496669812292e-02,5.239437304981160032e-02,-5.526891742812269082e-02,-1.574288956372746906e-01,-1.204457101045501022e-01,7.842047406336849491e-02,3.141510761280263409e-01
-1.070525630500228226e-01,-1.892129151598216097e-01,-2.946165210227408293e-01,1.724229695517869726e-02,1.682137462882888068e-01,-4.522009694489931286e-01,-5.533107631471423371e-01,-1.462681236017554336e-02,8.721373301323437355e-01
-3.363408351334824797e-02,8.585065501768610052e-02,-1.746362141626229408e-02,-3.781593830670627182e-02,-3.848470409941808640e-02,2.136069133008517695e-01,-1.507619364678503548e-01,5.387877179611297307e-02,-9.358232092713665295e-01
-1.050214475824971794e-02,6.610476729711056883e-03,-4.176289532701412677e-01,-6.988203640181625542e-02,1.702697605142400872e-01,-8.009678911778421451e-02,8.338431862851105603e-01,-7.089565625349207589e-02,-5.460309732122317072e-01
1.624413885941350943e-01,2.947481994691590890e-01,-7.189698278791599451e-02,6.208760137560330461e-02,-1.474239399491093783e-02,8.924167158407296171e-03,-1.561145186141605357e-01,8.779847982762346847e-02,4.104061747342939714e-01
-1.008677572244922049e-01,3.818315421399026688e-01,-1.644812733630927892e-01,8.926043534805125357e-02,7.532507461250301239e-02,-1.251504488591519415e-01,-2.068986900898197867e-01,-5.336067890505944572e-02,8.437375428894194895e-03
3.632096426596935490e-02,2.110441501362343153e-01,1.022454952095594172e-01,-3.353619782325055476e-02,6.313232442453024090e-04,-1.464414247402123503e-01,-1.783500342636947511e-01,4.235171153999510441e-02,6.556590461793050384e-01
-4.802505499568021641e-02,4.158988407946057619e-01,2.065976659953580943e-02,-1.121489815298646608e-01,-7.688830525392657128e-03,-7.559270915247152944e-02,-2.264114588805962447e-01,-3.038347278322491712e-02,1.101111953657120557e+00
5.469020982074909720e-02,-5.837805329237786278e-01,2.469024773675300433e-02,1.772136387694330795e-01,3.073426980477950154e-02,9.844129190741783553e-02,3.861264425793458632e-01,1.390600405337824585e-03,-1.044611281189121499e+00
2.374792681516310622e-02,-4.975144919213208561e-01,3.308207615163950011e-01,-6.754956275147799838e-02,-2.344477884765296394e-01,-6.238052633132783187e-03,1.791165107503416842e-01,9.943315323501306785e-03,-8.770614952694570920e-01
-4.284990209134079131e-02,-3.398414121552822409e-01,-5.384655694421044969e-02,-9.172453914607203024e-04,-1.563706566935019748e-01,5.077956220093697848e-01,-1.789697796307386235e-01,-7.235616987523818544e-02,-2.410963185682065135e-01
-4.892800137187751364e-02,4.379243669378616310e-01,2.168444661794317607e-01,-7.675287683024302476e-02,1.033971033197428752e-01,-9.976478883570863432e-02,5.250107594930691901e-01,-4.868664376366703406e-02,8.372419602936572725e-01
-3.493381987760420249e-02,5.285612594382397278e-01,1.110399953738920170e-01,1.120666466121166167e-02,-2.578314522989092472e-01,-1.196303469480147208e-01,-1.571117471515067199e-01,5.967830752350737622e-02,9.742334197314364008e-01
6.875209600519757713e-02,1.538244874424765651e-01,-1.434399875903892840e-01,-7.857228734781965263e-03,3.888747591229655548e-02,-1.501921180092271602e-01,-2.045291480939423479e-01,-3.254815925066434357e-02,-3.181606118247388704e-01
3.244223670278882921e-01,1.092156522503447691e-01,-1.926810782804848632e-01,-4.014213489263303569e-01,-5.657928324271996323e-02,-1.956119912193408361e-01,-2.799461259456381690e-01,-6.843603217986136966e-02,-4.348266691259803363e-01
-1.538853205226015097e-02,2.423802580193041012e-01,-1.807827174890605793e-01,2.392023347238345921e-01,4.684556432187201302e-01,-8.015682780653958506e-02,8.340954016308703700e-01,2.478848443464153756e-02,4.749812774120699688e-01
3.686033804129215663e-02,-2.256676093582948295e-01,9.757513749812485315e-03,1.669730623352030929e-01,6.318009708378279077e-02,7.909688698464913126e-02,1.519968555880265360e+00,1.158811311446839576e-01,-8.617822585595503737e-01
-1.497378514884395440e-02,-6.126702605682827762e-01,9.194763557861297676e-02,-4.266081773560649604e-02,-3.686143167753305194e-01,-7.765199603654794613e-02,-2.219890493592690250e-01,-6.800194791012581508e-02,-1.139037199317344706e+00
-3.187703317049016272e-02,4.924233372385299345e-01,-2.181026838010188124e-04,2.517340562398590054e-01,1.745630437229715726e-01,1.562481557322399073e-01,-1.290283849548016226e-01,-1.783202410223229395e-02,1.724716089338773850e+00
-4.236470608945398786e-02,9.217871749667204406e-02,1.700966359584459020e-01,-8.810288256335810364e-02,1.227388698942959988e-01,-1.020642624080536215e-01,-2.199444123572180665e-01,-1.180684201756403671e-02,1.269635198821978728e+00
-7.896144646151900814e-02,5.100662247549803130e-01,-3.759092766714693112e-02,4.849259062951054300e-02,-1.258048120394111846e-01,6.259786926552900199e-02,-9.465099546981467493e-02,2.573937145431356294e-03,4.731200042026977859e-01
3.091237015253281428e-03,7.296830446274275017e-01,6.237210252147817185e-02,-9.457532252980366261e-02,-9.303468402268152970e-02,3.306699450751614255e-02,-1.048270900707748976e-01,-7.424605333349776348e-02,1.729192285378006178e+00
-1.143636878656828504e-02,-2.151854422784867105e-01,2.551148588115736623e-02,-3.920001709130098433e-02,-1.473702956016457177e-01,7.488832628295286065e-02,-2.221882813938909629e-01,-2.754970442740223638e-02,-1.282242588920667448e+00
-4.800597877002166225e-02,2.037216576108975552e-01,-8.160017252837611923e-02,3.649452591499401932e-01,5.471044676745574487e-01,-2.398393911850598553e-02,-7.457795844102901861e-02,-1.277173741889140596e-02,1.609337575976160117e+00
-6.627209240416864766e-02,6.892651876659408594e-02,-2.072658334357277421e-01,-2.975600315600857720e-02,-4.997258995780871904e-02,7.692054797348284179e-02,8.993803028971074642e-01,-3.612591126336460456e-02,-3.514065741309878310e-04
9.297199367388848945e-02,4.586202379051176892e-01,8.617778763931917274e-02,5.357128529526760108e-01,4.211857778574858990e-01,-2.712352472425456212e-02,-1.694330781093901783e-01,2.418107184407017676e-02,1.771005150173333931e+00
-4.228440569506497493e-02,-5.347700406318851574e-01,-5.883182031755922192e-02,-2.853619731986346830e-02,-1.292196355460892288e-01,4.429972240487849988e-01,-2.155432989619198991e-01,1.654209485431273885e-02,-1.555951963932089788e+00
2.967093766800048965e-02,-2.119925706936487964e-01,-2.398036395180086489e-01,-3.542827481081087804e-01,-6.399793153061053563e-02,-2.845905507054360406e-01,2.131269008946559962e-01,-7.448638712011634855e-02,-5.521253170223823226e-01
2.601367786763149337e-02,1.733979948882027194e-02,-9.466626576363769419e-02,-1.130081033764608195e-01,-6.280187314263888099e-02,-2.138750094919805445e-01,-2.722363489989839125e-01,-8.928865622669887245e-03,-8.278806645078444770e-01
-3.992840914487366666e-02,1.814987831375907690e-01,1.611798330590959172e-01,1.615011253468107838e-02,1.434205460895502104e-01,-6.399426810750888373e-02,-1.080106867806070181e-01,2.589650448973455921e-02,1.340383459449109749e+00
-4.713074097321592881e-03,-6.532031445661113933e-01,5.717411243083579953e-01,1.018937778703519342e-02,-4.336348728995219337e-02,3.904801744203126312e-01,2.229203611988397615e-01,-4.546965064569650009e-03,-1.040244202495331560e+00
-4.164667960824114390e-02,-6.565390073894725731e-01,5.532752583408282465e-01,-3.197018956676834361e-02,-7.550432681859969852e-02,3.987416621808496098e-01,1.758114424344327242e-01,-2.577530951478648746e-02,-1.089260104375048055e+00
-1.550286179313929702e-02,-3.662650694910383198e-01,1.717786533513833702e-01,-7.119266360264922544e-02,-5.531461948682625529e-02,-7.325523641273856690e-02,-3.075353668022838827e-01,3.144688216070572889e-02,-1.048312820857774552e+00
-4.386073830055521594e-02,5.505681470271844846e-01,-6.829042484776845501e-02,1.617501892042421952e-01,4.618943398847941834e-02,2.773807564111099855e-01,-1.021028879139986301e-01,7.761795097920622111e-02,1.307320989148720969e+00
-3.903383615831773623e-02,4.447312510713700151e-01,2.108732050993731011e-01,-8.017986225963598390e-02,-1.538827255301414287e-01,2.081393350530703207e-02,-2.317119472034513128e-01,-4.276714514113133178e-03,1.586884965278148707e+00
-4.414493267149356692e-02,-3.804707916471213314e-01,-4.142976680664075401e-02,-1.256894010314277832e-01,1.057784759175212641e-01,-1.687356255081084444e-01,1.322361358531883024e-01,1.904336666067481948e-03,-7.206129472805631320e-01
-3.483758589276511608e-02,1.244210965524590040e-01,9.371434082528432019e-02,-7.013353432898247752e-02,1.227291673011487450e-01,-1.225567434288798996e-01,-1.845694811830800308e-01,2.584096095172897997e-02,1.334306985098987708e+00
-6.138629364665769417e-02,-1.134218408185107274e-02,-8.364918504389270981e-02,3.829952406563927325e-01,1.295955695004335217e-01,1.207553034983575441e-01,2.051473068020179605e-02,-1.197098989944373956e-02,1.640785688449583946e+00
-3.386271028953884155e-02,-8.853469437756937843e-01,-1.728102667302126860e-01,-2.519889945666599698e-03,-1.688680154165576874e-01,4.638556333524251896e-01,8.764438247781196345e-02,-3.507424071366110896e-02,-1.087578890714676616e+00
-6.313379656215931113e-02,2.277946627534453983e-01,2.029346971322617266e-01,-1.366869119882347661e-01,1.787670451706601660e-01,-1.778821601074129788e-01,-2.987409905994695691e-01,-4.833910511658786810e-03,7.664216325019315157e-01
-5.183293319333874549e-02,5.774050715955955093e-01,9.748780674522844469e-02,-3.007805920463239857e-02,-7.888712569592251644e-02,-3.127973803735915187e-02,-1.829734786755982390e-01,4.185177512999096322e-03,1.147335222138357924e+00
-4.870546709391380957e-02,-7.487409721165906307e-01,2.155296563321657671e-02,-3.629326646597608869e-02,-1.521006013529286327e-01,5.892689468906753270e-01,-1.830944202201705839e-01,3.182928484234782279e-02,-1.472493691855955023e+00
-1.644002958187269492e-01,6.655069306273957153e-02,-2.760191809611897140e-01,-1.322679053572196617e-01,3.458872103910476947e-01,-5.729576691875737371e-01,-6.380426942445923677e-01,-5.305030394759441964e-02,7.888544806440074275e-01
-8.144498203014782778e-02,3.457280577503383245e-01,-1.639346593348157965e-01,-5.616711631890327489e-02,-3.189363768903744761e-02,-1.117038961517076850e-01,8.556219689057233124e-02,2.952541322107362851e-03,-4.890667461895989998e-01
-3.259876437071115851e-02,-3.172694326189776648e-01,1.031257446275812319e-02,-1.733474247384045319e-01,2.124601892144788451e-01,-7.046411745279795857e-02,-2.964958269246041334e-01,-3.708485126613675353e-03,-9.705797525437922513e-01
4.162578188497831344e-02,7.930794387313695459e-01,-1.534587665440309556e-02,8.035048277687914520e-02,-3.414828550956320874e-01,1.086330071241846940e-01,-1.084123305826196620e-01,-2.525017728626962818e-02,1.272107224171301842e+00
-4.146544686947162273e-02,-5.703565730771253950e-01,4.069988545692551640e-02,-3.411394247069689245e-02,-1.226866275763345560e-01,4.444047478991484112e-01,-1.997671274976832723e-01,2.281846174337560929e-02,-1.526718449612933126e+00
-7.279055800099826223e-02,1.437105486415444500e-01,-2.106978230939968721e-01,-3.992971224166326494e-02,-1.390528151503512555e-01,-1.027915852783573003e-01,-4.524532780092618833e-02,1.386931080028172558e-02,-3.336029839503854705e-02
1.432389538603890400e-01,-1.136977871986375420e-02,-3.269636670340372864e-02,1.042328205502458804e-01,8.372861287725111290e-02,-8.984516933844206854e-02,-1.556861870931017244e-01,8.460446183064149195e-02,7.108302646380455503e-01
9.034461688297609760e-02,1.913848997854170064e-01,2.941855742332939033e-02,-1.301803984527313829e-01,9.450186190038688261e-02,-8.893169050101960849e-02,-2.405071109792896733e-01,-2.091757345879599606e-02,5.869919932849466671e-01
-1.111098727122325491e-03,-2.001102435310325445e-01,4.713653183568857624e-02,-4.006069795822793378e-02,-1.381169692473042665e-01,4.397875736707018007e-02,-3.493292564499591024e-01,1.921969369231232155e-02,-1.161100596359265102e+00
4.736363547354532910e-02,2.747202605728122915e-01,-1.040735659424862208e-01,5.050091714453364133e-02,9.688984873595225811e-02,-1.850090618104568707e-01,-1.578897323348809334e-01,7.212917271492980120e-02,3.529153541332432087e-01
1.024678787917724376e+00,-5.178523884542136912e-02,2.645206229799679787e-01,-1.295446202386584811e-01,-1.128249283609173703e-01,-8.066095776276460683e-02,-1.523135071090525594e-01,9.124825796851558646e-02,6.350009693964020485e-01
-2.143436650364168028e-02,7.565766261145492888e-02,-8.135557821801028822e-02,-3.180206352773873313e-02,-1.637471638916150052e-01,6.119135497616870478e-02,-1.478523470480879731e-01,4.060392551266009398e-02,-8.746857670799255136e-01
-8.239545622514748979e-03,-8.950247723532336885e-02,-6.205231881650144499e-02,-5.242603777981706681e-02,4.540061939105623223e-02,-1.469522796137820442e-01,1.132553239334965767e+00,4.653724087603264281e-02,-6.357670766487121261e-01
3.562922066237264596e-02,-5.535686254208641577e-01,2.626251956742433613e-01,9.433847889587981816e-02,-1.478138844864018697e-02,2.909965730050488586e-02,3.077775838593287405e-01,6.307716020870783938e-03,-1.113744628230375788e+00
-7.293790121825971529e-02,-2.498126389111673396e-01,-9.014845937354468153e-02,-9.862112765055544572e-02,1.520120930901712741e-01,-1.598433577880144785e-01,1.329721212182490286e-01,-4.790047700265571626e-03,-7.378073357789518560e-01
-6.207787195628597376e-02,4.378160398751496651e-01,2.353163098950116772e-01,-1.417388609688550460e-01,1.497547331411568927e-01,-1.719266764298083283e-01,-2.790533285435464750e-01,-3.697324782255151376e-03,9.550854924738050311e-01
-1.158681274734085498e-01,1.520859955836618149e-01,-1.865195694936527537e-01,-1.205607233384535654e-01,-2.571878364912816295e-02,-7.503459225328902582e-02,9.396350768047084800e-01,-2.248331644013522312e-02,-5.312274585563151463e-01
-2.175097522033143937e-02,5.986942961274517305e-01,-7.449075629331528003e-02,1.646537327372601389e-01,-4.197424969733470901e-02,1.105362150803918392e-01,-1.665299137312742095e-01,-1.196199950717744681e-02,1.209205797280050732e+00
-6.247258763701143275e-02,-9.847504991287095444e-02,-1.029559104860656160e-01,-1.059417626951185687e-01,-1.347416394041882903e-01,-1.382417378141178321e-01,-2.476206238923802094e-01,-5.370414600267056637e-02,4.709518739225135309e-01
-3.573495338029347712e-02,2.163533918500357839e-03,-1.638117189675811561e-02,3.496337894111992139e-01,2.280190144070675939e-01,-1.686687372258271339e-02,4.417168576140251268e-02,8.245544004913363256e-02,1.712146932472193628e+00
3.725467095210621693e-02,1.220396659660434174e-01,-1.181637241809613964e-01,4.721152656070062154e-02,-7.240461764123951038e-02,-6.150187451634851754e-02,-1.895254425755330541e-01,-1.722097247939502127e-02,-4.024416764122507595e-01
4.109109791545639823e-02,-1.407006648770047774e-01,5.184615521487764833e-02,-1.045670572166284978e-01,1.668323145726962886e-01,-9.953825847644888480e-02,-2.291146063389521148e-01,-4.253019304396143951e-02,9.914488527810285667e-01
1.796322502724469472e-01,-1.108252153226304687e-01,-9.362078653985515808e-02,-5.270275159357577788e-02,-1.179737998367775230e-02,-1.429200691758167052e-01,1.703840562825408023e-02,2.162656229415112902e-02,-3.874517990632780351e-01
8.157584760159514170e-03,-2.063787850322475470e-01,-2.265925668447856256e-01,-5.222135423673771731e-02,-3.611151703695453796e-01,-8.733506647958644287e-02,1.377145224974622439e-01,-5.431411616468712761e-02,-6.057982478814109006e-01
-5.835961214943765490e-02,3.928629170360539158e-01,-9.878027513546371041e-02,5.881553921801230267e-02,-1.158162040718726804e-01,4.639802862283957247e-02,-1.164508272917971488e-01,2.776897740387724439e-02,9.951109229181367422e-01
-6.000590076758613445e-03,5.008156874722625301e-02,-3.775813403402765722e-01,-7.073445311064513463e-02,1.889678381702724827e-02,-3.656877892553093284e-02,7.907179520532842121e-01,-6.234953572157594243e-02,-5.253771395681516854e-01
-4.896660174417553912e-02,6.287903106490542182e-01,-6.521233422315059203e-02,1.702778941759515163e-01,2.019935576961272572e-01,-1.791476467009339366e-02,-1.457766538543243673e-01,6.294245447194764254e-02,1.221023034983922395e+00
-4.213068997227223389e-02,1.767461772085063276e-01,2.909565759926799888e-01,-2.492199976730434530e-02,1.648340443118462562e-01,-4.300991854627448513e-02,-1.712034915819289349e-01,1.031250214056375972e-03,1.378443297060943706e+00
-2.009582968411038895e-02,-1.845207946318243031e-01,1.552602261641906033e-02,-1.781866824958651119e-01,2.249004798100462388e-01,-8.622813215479266380e-02,-1.701198214597642866e-01,-6.060358863607759328e-02,1.665737521733910986e+00
-6.152318499320082873e-02,-6.533325864457410759e-02,-1.120621693807816732e-01,3.575005177219234276e-01,3.119047923365401154e-01,-2.563099442398732858e-02,-8.937676510155684317e-02,-3.769173036190488074e-02,1.779567649279024666e+00
-2.648238417050891025e-02,3.410499973239767280e-01,-6.338406855867234624e-02,1.385108938885350194e-01,2.092985288716618097e-01,-2.915504483228162358e-02,-1.415460534928334735e-01,7.756700637274321908e-02,1.069092106631588823e+00
-6.328901659981123196e-02,4.768482863519875048e-01,1.099619629592410719e-01,1.650585383570621067e-01,-1.078529052012376921e-01,4.323223611084479612e-01,7.670248493915866606e-01,4.430574784037612235e-02,9.976060651675572322e-01
3.387056519150319356e-02,-1.768449511910590577e-01,-3.807840963908359216e-02,1.593321970589884479e-03,1.152896152887907533e-01,-1.585241306106011938e-01,-3.409523068273818958e-02,-7.683443934021018384e-03,3.334339748873477727e-01
1.047741509311732461e-01,2.846272454864329782e-01,-1.236546666864008354e-01,-2.356485698945710167e-02,6.413160491320770741e-03,-1.179146544192402474e-01,-1.779255002150459952e-01,8.987533457535837322e-02,-2.049431490629082253e-01
4.953728063487328193e-02,1.986882076358632010e-01,8.320389021199869894e-02,-7.623156474217319956e-02,6.560585834026765040e-03,-1.067852958134478808e-01,-2.342284181542576282e-01,-1.873509679137475709e-02,5.943116610867403837e-01
-1.641580036761533523e-02,6.436963716271737468e-01,2.721670357616877770e-02,2.530920271806062494e-01,1.620947055121263469e-01,1.281053866644701333e-01,-1.593819003057266870e-01,6.907235360571300532e-03,1.633766282464776731e+00
2.155344807675804719e-02,6.736242609009293440e-03,-9.856902388146199234e-02,-3.974552103770656597e-02,-1.918673406768410805e-01,-2.206126710298869642e-01,-2.047185480016326109e-01,-2.093775694781823196e-02,-7.200433980329401518e-01
7.936804188977450436e-03,-2.577323147334037445e-01,7.798616824239942846e-02,8.039931157314134103e-02,4.719218780449241368e-02,1.846456234443875355e-01,1.522655249409318623e+00,1.135242234182263638e-01,-8.128147614943007637e-01
-3.289012195702221975e-02,2.858155075496156272e-02,9.655000864572356803e-03,-3.844697225572805271e-02,-1.282682340441358426e-01,2.162810044652294095e-01,-2.293063198916970580e-01,-5.318845911998121984e-02,-8.147213200305899461e-01
-7.048053828100565854e-02,1.889676145376665006e-01,-1.192807424904578084e-01,1.305020225054566996e-01,4.140106839964541319e-02,-1.338478970040404281e-01,-1.979094923976514320e-01,-2.255399974139910002e-02,2.693493213991798862e-01
-5.664192450945366997e-02,3.247568411676893807e-01,2.250288974457078373e-01,-2.134282458922442949e-02,-1.219281258747442927e-02,-2.580419296942762508e-02,-2.054607697520701992e-01,1.028338770627501564e-02,1.232853041373253244e+00
-4.724536186208413979e-02,-2.801602294883200894e-01,-2.883914681364404403e-02,2.936992799721313899e-02,1.638736856020987787e-01,1.413126221077426192e-01,2.084430420700280479e-02,1.409973693887393159e-02,-2.058806550967549054e-01
-6.523605623829516198e-02,4.439124007153488205e-01,1.062260636734584235e-01,-2.652412467313911698e-02,-5.542096436366669709e-02,-7.087884652265723229e-02,-1.276824120454018996e-01,-2.427724936291102836e-02,1.345247126467466359e+00
-9.248974995066647220e-03,-2.201524577523971127e-01,4.745169349898182842e-01,5.395281404239078704e-02,-2.217069033462374522e-02,3.046020092439084559e-01,1.455330223591910777e+00,1.865284773251486561e-01,-7.017566105923832565e-01
-6.250342976418438168e-03,-4.784412464103294238e-01,5.230285462556734100e-01,-2.566521097075162572e-02,-5.884753049230045940e-02,1.267343902788937160e-01,2.305726094810618132e-01,4.755562800653873046e-02,-1.148835529640969355e+00
2.751812885583371227e-02,1.226638303507854647e-02,-4.310283822860154213e-01,-5.339777178240426997e-02,8.150617368720344813e-02,-6.034857122257105549e-02,8.031887959895266382e-01,-6.820023419311824209e-02,-5.075992248637802851e-01
-2.466413862400104740e-02,2.901254813644503772e-01,3.994686465220793625e-01,1.678595015514819655e-01,-2.452552004041415878e-01,-1.128493852569233957e-01,5.794309663190723159e-01,1.244482132769411387e-01,1.012109672744536004e+00
-2.950965851296788456e-02,-2.692954798606875810e-01,7.177924873236374292e-02,-7.027342984914070056e-02,5.227964727775673281e-02,6.948986338557944231e-02,-2.339350734592547665e-01,-3.956220227604113904e-02,-1.242343473282243149e+00
2.672411033262905855e-03,-7.887836169007973741e-02,-5.291109478136606786e-02,8.141982527538558709e-03,1.404343181305697796e-01,-6.785002913059931529e-02,4.777478849618208567e-01,7.143975443925176805e-02,-5.101465207013700098e-01
-5.194642456490866644e-02,-1.365824924366225157e-01,-1.146735471362280712e-01,1.885776390691134771e-02,2.029453572633247160e-01,-1.297357685893538171e-01,-2.479586937017148329e-01,-2.843371220814097655e-02,-1.766266058991470544e-01
9.529007704542069579e-03,-5.886612716250959609e-01,1.347127224484254981e-01,1.043549202553454014e-01,-8.588809082739906620e-02,6.565617425089312342e-02,3.299269036580292913e-01,-4.880268495115951816e-03,-1.082448122178987893e+00
