6.676753570455455644e-02,-1.214839970368388339e-01,-7.138542258099721260e-02,-2.797120632955036462e-02,-1.154395599149867641e-03,3.398007996469199626e-02,7.422219532053457858e-01,3.849686490807017331e-02,-3.950839486141063950e-01
-6.718689005036096451e-02,-2.046480745733066930e-01,-6.608371384691158479e-02,-1.579574673460055201e-01,-3.616466373556694730e-02,-1.421227361600747585e-01,-2.364021889287697964e-01,-4.363151485318138983e-02,-8.624195847218514288e-01
-2.950444399291499153e-02,-2.666225780916602894e-01,-1.100123726001245444e-01,-1.658537804539374494e-01,7.486143576718651271e-02,-3.367187410077650961e-02,-5.932894787282674831e-02,-2.709501810777401737e-02,-7.145285930116848094e-01
-1.087969600563064854e-01,-5.062036280057032045e-04,-6.692146914843449812e-02,-1.400747607786419213e-01,-1.082040646429929254e-01,1.140066668003570927e-01,-1.475274677358980879e-01,-8.765345859458465241e-03,3.034049257452626769e-01
-5.276393328866655491e-02,-3.597593121831397234e-01,-1.012547025603923734e-01,-1.550111821554956970e-01,-2.315405395520991894e-01,-2.462275715706402357e-01,-3.197058607342798675e-01,1.772215660591464764e-02,-9.441065334090694705e-01
-6.101745629631759316e-02,6.168878266443807851e-02,3.589606891431428304e-01,-3.334129343162317918e-03,6.588845018399621528e-03,5.681219034506265059e-02,-1.272413681706113797e-01,-2.616337683122929580e-02,6.541825195523660597e-01
1.920081926593373844e-01,3.233266351198209043e-01,2.888873046777493681e-01,5.023760019269370991e-01,2.803573569504891339e-01,1.919040842565262195e-01,-3.962344864170839337e-02,-3.104529454452612663e-02,1.093223290752395549e+00
-7.740953613637280295e-02,-2.097282699063808820e-01,-1.207871729471626521e-01,-1.462093845050699559e-01,-7.582896006722525742e-03,-4.664650748139654440e-02,-2.470873310185026372e-01,1.732419137992675592e-02,-8.000018280025371631e-01
-3.607395062569561384e-02,6.957873265231882300e-03,-1.143056974042478968e-01,-1.025267697063189376e-01,4.238293383205259113e-02,-4.787631360985998563e-02,-1.638262330133135602e-01,-3.759183958796348535e-02,-4.733697059331868351e-01
-5.355540318065711569e-02,-7.162349075963544975e-02,2.869972790790512596e-01,2.921274437415560810e-01,3.661124816315192154e-01,-2.065393669378019215e-01,-7.487820871657649424e-02,1.227186849449476112e-02,8.545424435250669193e-01
-3.640445040862722026e-02,-2.502918190154533873e-01,-4.633198641402824086e-02,-1.670131261760598174e-01,-2.581181014809699054e-02,-4.426357391934610669e-02,-6.019434225105430025e-02,-2.604927952045695688e-02,-7.114832613493919933e-01
1.620972400918171963e-02,-2.218474086704552983e-01,-8.669387874696504737e-02,-1.555805129005246590e-01,3.122957813531793483e-02,-1.189290909180815287e-01,-2.443547523261257737e-01,1.119984435094736538e-02,-7.885186250005444819e-01
-7.251043494034323245e-02,2.377605940886976660e-02,3.542420293751916693e-01,-1.049165012528470789e-03,1.550630694373490437e-01,1.082806556885413801e-01,-1.323037289004572736e-01,1.627015088815926894e-02,6.564961685125360047e-01
-2.924518970315884148e-02,1.504220402212783914e-01,2.616892742058039012e-01,-2.755333991929304754e-02,-6.874638625491970301e-02,1.983645046011470459e-01,-1.196378216789171639e-01,4.290387953145579497e-03,9.440660680184775888e-01
1.521919338075131134e-02,-1.271068481040107112e-01,-8.220314134373711557e-02,-6.089039256343069251e-02,1.580253438518766651e-04,-8.855848475777534923e-03,9.566601800384054721e-01,6.083880988464300532e-02,-5.992191746546773334e-01
-7.939680473895716073e-02,1.313038938470517114e-01,-1.449649123650812998e-01,-1.123912180611467693e-01,9.434641062035636905e-02,-1.110261109118317047e-02,-1.760093783989943039e-01,-1.384315216083609884e-03,-5.730412246586620295e-01
3.525058833415815884e-02,-1.032497730641351447e-01,-5.377418162648642946e-02,-6.415730273659668581e-02,-6.413667407620090091e-03,-1.014337574510242451e-01,8.873156628755328734e-01,5.453555197215109729e-02,-5.592870856406293445e-01
-6.825153324091763618e-02,1.192004865375811823e-01,7.065241366764582476e-02,-8.895064919787327995e-02,-3.278302984106806761e-02,6.795056440528501884e-02,-1.375707606618994105e-01,-6.634800293711974606e-04,5.145336878831417993e-01
-7.977248174498115241e-02,-3.990862793960611166e-01,-1.150100900630424555e-01,-1.812955495945393347e-01,-2.334477799318071256e-01,-2.330175126619538906e-01,-3.279758469247445740e-01,1.955933172784944662e-02,-9.701972271295717931e-01
-8.285908100561184542e-02,1.039547142276346509e-01,-6.822010505913089773e-02,-3.392256942736821684e-02,-3.168680899186435140e-02,-1.162764013807970759e-01,-9.250239166028610682e-02,-2.516759837571694303e-02,-5.170964813353819967e-01
-5.997406818844028265e-02,-3.064327745223779237e-02,-6.251409516222984630e-02,-1.138297876476707521e-01,-8.416213734374622391e-02,1.691964243024502226e-02,-1.353521869849863002e-01,-3.327369299420764731e-02,4.048535538580688709e-01
-3.065786063309891563e-02,-2.187121538703390433e-01,-8.876390718683936643e-02,-9.328761112546130052e-02,2.590418346467054378e-01,-1.213646360771560850e-01,-1.897344139848367028e-01,-2.045004527258243235e-02,-7.771292569824757024e-01
-8.030942240496294349e-02,-3.389860966607691761e-01,-1.477416723220869310e-01,-3.239129646267897567e-01,-1.269357270469267385e-01,-1.298523141631993394e-01,-1.891688813103287181e-01,-4.581027201187344230e-03,-6.513961531478940081e-01
-7.274194252296241336e-02,-3.217631234447914101e-01,-9.225022986456506147e-02,-1.271285242415203243e-01,-2.414273241843246931e-01,-1.899016843013404399e-01,-2.709293880926232911e-01,1.092179455192295034e-02,-8.375930106590024904e-01
1.386587692163958330e-01,-3.845670486270212352e-01,-1.053683852214549743e-01,-1.496707237746728869e-01,-2.700325611638607071e-01,-2.224876501072961255e-01,-2.435061898206907494e-01,-4.761168793143390199e-02,-8.435111531069483526e-01
-6.323419921266849875e-02,1.112612725721647822e-01,-9.941393478117957483e-02,1.877122507247859506e-02,-6.761601856818678924e-02,-2.803529112810940194e-02,-1.295272136535010887e-01,-9.369339454318318175e-03,-1.894498098341708126e-01
-3.313963225030053250e-02,3.684607977321576189e-01,-6.239413835973376538e-02,1.492567525288687469e-01,1.130704395257650999e-03,2.494235875497205213e-01,-1.023157979356419528e-01,-1.359670158440196182e-02,6.786062005309227985e-01
-6.734575410194373890e-02,-1.226423176546661831e-01,-7.637298518571765393e-02,-9.123561777085360813e-02,1.223385251003455271e-02,-5.283774211174400992e-02,8.001039458972180052e-01,5.533385937869460258e-02,-6.004318095257228372e-01
9.011249884608803218e-02,2.723710061986569508e-01,-6.117245757795435057e-02,6.043239808837578414e-02,2.754025301389090297e-02,2.134971623474184732e-01,3.435148977653785241e-01,2.522286046320513370e-02,7.217877632509573926e-01
3.635774639576870304e-01,-1.314082889872665305e-01,4.968245494606712276e-01,3.409851951025614364e-02,7.434176389200254642e-02,4.301406098279968865e-02,-1.165844243892115994e-01,6.525227810289609479e-03,6.442634650589427192e-01
-9.628269258125367325e-02,2.629491782735541086e-02,-1.140926339829916175e-01,-1.367617620708551085e-01,-4.609072002934764406e-02,-1.059319875586026000e-01,-2.077433249312353736e-01,-1.102940074449144936e-03,-8.624394169441093050e-01
1.421611414839915599e-02,-1.391751230214171020e-01,-1.042357818708050665e-01,-1.049968326684234121e-01,3.680581858020023911e-02,2.439617929089943349e-02,-6.317943773563386434e-02,-1.683919435920189916e-02,-7.136782686276172960e-01
-6.583253820200640760e-03,2.751425996966957305e-02,2.534048933155150923e-02,5.441298441053994406e-01,-1.926882967941732916e-02,1.825589330220062645e-01,-5.637275900569092141e-02,-2.466799700704263437e-02,1.099642035325746114e+00
-2.510691239908720285e-02,3.727230780239844110e-01,-4.212248185134229161e-02,1.649492533528749139e-01,7.004863237249009389e-02,2.839664621984611670e-01,-1.073789182442009549e-01,-4.411883690683940720e-03,6.826213847120675693e-01
7.787329870813916588e-02,-3.344526630759621089e-01,2.676173245879854834e-01,-4.417733741782291224e-02,-5.408561968506434003e-02,3.048686346826534610e-02,-8.747427751130548712e-02,-1.668835383019848934e-02,-1.021343624784525894e-01
-1.701992060472592994e-02,-3.080817355700248839e-01,2.172389880189726577e-02,-1.549041103531310359e-01,2.689069204745526964e-02,-1.297683006558059404e-01,-1.762378124690995862e-01,-3.781476579395683102e-02,-6.314778537635133970e-01
-7.565321165495433875e-02,2.269436912386081362e-01,-9.352031788987473504e-02,-2.353771342683092654e-02,1.892054799344388138e-01,-6.134582537819221332e-02,4.443510980354934969e-01,7.650157805826701685e-03,3.577759722862534630e-01
-5.548840400927704253e-02,-2.043691977665270387e-01,-4.350415806158303839e-02,-1.163653510360537074e-01,-1.354637599365685618e-01,-1.233629544741149248e-01,9.808844140761550090e-01,5.267835472100505095e-02,-5.747948559795178491e-01
-8.749285841540990760e-02,2.584542434595690774e-01,1.275193458775371880e-01,-1.064709771081425935e-02,-7.834489586146481388e-02,1.643150789958246760e-01,-1.290265094709852622e-01,-1.158262450598069454e-03,9.406849422117211645e-01
-9.458538931542460892e-02,-4.045218719267834606e-02,-1.483214166376342624e-01,-1.957488762208854927e-01,-5.998733515534698801e-02,-7.030868425495549745e-02,-2.333290978589062648e-01,1.306055758029929341e-02,-9.337071134153589469e-01
2.230657783055933763e-02,-1.951020567965401353e-01,-2.925198195414474567e-02,-4.883715509696687912e-02,9.528995123912852028e-02,-1.179668774202571602e-01,-7.533881488673227489e-02,-3.152434768261325182e-02,-6.582578981718532063e-01
1.745657939043884777e-02,-2.241700884429516372e-02,-8.248103371771305092e-02,-1.133420656275322541e-01,3.812148913721286753e-02,-1.089655367887498554e-02,-1.958513252923144154e-01,8.475401638898172677e-03,-5.683027868061496513e-01
-8.717442711983558468e-02,1.243793104056980202e-02,-1.101156024109581494e-01,-1.314421743352804373e-01,-5.316304320268773476e-02,-8.801637317658918269e-02,-2.085840644752945117e-01,3.430598353946316681e-04,-8.381462341865479893e-01
-8.349637998141366813e-02,3.176252226724121663e-02,3.100882898315888703e-01,4.438520853668192351e-02,-3.802468394526554996e-02,-1.443656306922526944e-01,4.492203888284188040e-01,2.596585580628960749e-02,4.861353950436467231e-01
6.088032626731257335e-03,1.069532368119622268e-01,-1.213347415284697466e-02,2.364433526991233103e-01,8.578712984140444975e-02,-1.575356846331020244e-01,-1.085671870414961215e-01,1.089205353117271569e-02,-8.280428920323268382e-02
-2.573056380250290931e-02,-2.710549792442156214e-01,-5.503049920586490507e-02,-1.618288583480979037e-01,5.415673778681626832e-02,-1.651922103023346355e-01,-1.551669079763425274e-01,8.481239007812504949e-02,-7.094846465609540020e-01
-4.806893408323686945e-03,1.443679863173142897e-01,-3.082081907365285048e-02,-9.788116581919362180e-02,2.671588242750851799e-02,1.642854330581269562e-01,-1.387557829370013873e-01,-4.907299156414298563e-03,5.796592675236548198e-01
-4.650527387517050526e-02,5.403727433348483322e-02,1.866630442422592961e-01,2.589985375499097991e-02,2.490826032282818792e-01,7.823347888002804562e-02,-1.323768811792740974e-01,9.314045068225607418e-03,6.243961216356946897e-01
7.007134759760211273e-03,-1.063427120559794908e-01,-9.165982570457031908e-02,-7.268981431980806041e-02,1.230010203074971137e-01,-2.904449502166747688e-02,8.876411705792682794e-01,5.262695718338369910e-02,-6.338728319961994817e-01
-1.062919750236130390e-01,-3.045749381717685611e-01,-5.175105489142273196e-02,-1.084672783181036826e-01,-3.998113130036871909e-02,-1.005759094849646013e-02,-1.915827958028641920e-01,-8.209768949266055271e-02,5.626008038683150136e-01
2.616453760768985837e-02,-1.977387489511024388e-01,3.703480966986130718e-02,-9.766207480842842292e-02,-2.631301378653524980e-02,-1.745988080178004220e-01,-7.378582164099256602e-02,-3.234208806439700656e-02,-6.960730526587312061e-01
-6.863893314050351080e-02,3.322969794993405612e-01,-4.729253729085564767e-02,6.003158195497582811e-02,7.062264606182442304e-03,2.103102240807388779e-01,-1.219599258078857412e-01,-2.052681282509630223e-02,5.766902701331825254e-01
2.729137751438526216e-02,7.311680155960860461e-02,-7.671025761518546204e-02,-3.850847755744089829e-02,-7.169305620980928606e-02,6.307231277382427392e-02,-1.548547035639047942e-01,-2.530420748922169311e-02,-5.133896805999057372e-02
-1.010871648112401655e-01,-2.513964712796548651e-01,-1.223010778010915206e-01,-1.500019785694131635e-01,1.337639742372295076e-02,-1.300915265558224010e-01,-2.555921587303600084e-01,1.088535892021919027e-02,-8.768698861219852425e-01
-7.568461865077037720e-02,-2.180981630474773114e-01,1.597027031827364107e-01,-9.628987136732208851e-02,-7.166797934843653628e-02,-1.881794665789111032e-01,-3.242354767132746285e-02,-9.601512041716376428e-03,-6.863941499563103177e-01
8.651938027173568246e-02,3.398065901722653881e-01,2.384406160200107372e-02,1.765839086418525272e-01,-9.391012068919429856e-02,2.363276858759771892e-01,-1.066524967231003845e-01,-2.096857937146732326e-02,9.087553088029468595e-01
-2.149719468090841024e-02,1.425860542239926199e-01,-7.076839897719316985e-02,-8.122763652885114927e-02,-2.298466409975027241e-02,3.797762799039602205e-02,-5.230394009904468927e-02,-1.909724232265818528e-02,-5.348302130882128802e-01
-2.873772359538699639e-02,-2.457071986730186564e-01,-5.789212445176371291e-02,1.255330063821578912e-01,-1.023373819308796701e-01,-1.781280586132467647e-01,-1.094211830304903099e-01,5.258732481588135332e-02,-2.298343346634542927e-01
-4.399677272359391045e-02,3.803047827497588185e-02,-5.948109751468197426e-02,-2.023412953735063274e-02,-9.071021161012163270e-02,1.318368996004595228e-01,5.492363666937004618e-01,1.146416081582311841e-02,-1.274727213756398636e-01
-2.995852585430293369e-02,-1.369675963139306007e-01,-7.431656342188790176e-02,-2.562507508189233729e-02,-9.650592766001321599e-02,1.573914132519522724e-01,6.725174342336952549e-01,2.512694584557721711e-02,-4.590910825046769506e-01
2.208993741321346738e-02,4.538836287571919315e-02,6.476701430646726598e-02,3.820193952392536563e-01,2.700821948358485547e-01,-1.586834496443877834e-02,-4.159844921263486373e-02,-9.366297665650558102e-04,1.120588748738157392e+00
-3.558992783989055331e-02,-2.695778220701290917e-01,-9.606657948440566752e-02,-1.402597287861371833e-01,-2.487517033655823051e-01,-1.419321904646394517e-01,-2.622981603586662103e-01,1.749011930383665217e-02,-8.221429851064450123e-01
-3.153734250885481538e-02,9.973295399799271543e-02,-1.247247012747293993e-01,4.648935127604664208e-02,4.224766302995888734e-02,-5.149498332490830277e-02,-1.255993287926092106e-01,5.832191571840466063e-03,-8.696993119876055001e-02
-7.372438543101186847e-02,5.834111648461310501e-02,9.427476195909778589e-02,-3.759904316593652707e-02,-7.868035359671514406e-02,1.916297753787673530e-01,-1.270235387339775923e-01,2.350848331507620834e-02,6.357323226157436391e-01
-7.207573085037907723e-02,-1.320735676947444315e-01,-6.526930512933190598e-02,4.635863459701319161e-02,-5.293234984065104537e-04,-1.781930000414389537e-01,-1.788730465788945512e-01,-3.427400385949019163e-02,-6.153761323990794008e-01
8.746537498418616163e-02,1.720658445565700079e-01,1.418460387765288488e-01,3.424835093028735789e-01,-5.962493753504982674e-02,2.871190962932574364e-01,-1.078006084793009522e-01,1.363018764157866367e-02,1.004086282877042269e+00
-3.770185461250254166e-02,-1.490055217457041392e-01,-7.987341449511570213e-02,-3.781895106387431205e-02,-1.409083975001552691e-01,5.205940944371648116e-02,7.361244317357200639e-01,2.878972651687034326e-02,-4.929128944394383649e-01
-8.971919156399220385e-02,6.792204355998299192e-02,-1.652394580236570265e-01,-1.399762402985032794e-01,-3.116450179388605135e-02,7.613522674603264047e-03,-5.540944277592069894e-02,-1.575260068032334829e-02,-6.318404145719526133e-01
-3.099719980518840512e-02,1.359008045323695790e-01,-8.642205434821315091e-02,-4.759817975791394429e-02,9.048347360894358482e-02,-4.238323291756398992e-03,-4.889110967946500019e-02,1.207303643734067844e-01,-3.445901784206539809e-01
-1.510378769740870486e-01,1.086049199585881891e-01,-1.296671914549012705e-01,-1.360810859084406743e-01,-1.398069067376938625e-02,-4.995814312001226054e-01,-2.305830391274249214e-01,-1.181818463780152512e-01,5.391000466351937304e-01
-5.327070041430776587e-02,5.527330623033872153e-02,4.040828085557243016e-02,3.909245253662609887e-01,2.981521858610908238e-01,1.878993053073564345e-01,-6.207395779732382407e-02,-2.942471657880374458e-02,1.108676586636835992e+00
-5.260618033222818485e-02,-2.679274437415880145e-02,-1.034213085154631478e-01,-3.814198195435648808e-02,-9.539921594954700601e-02,-2.878629063427889934e-02,-1.431956040488782389e-01,-1.486927074869324149e-02,-1.368614833921851237e-01
-1.978539929128010633e-02,3.746288543171302221e-01,3.588867454632187481e-01,2.335153653808139801e-02,-1.792615430507883689e-04,1.382032297679608446e-01,-1.006786486799621516e-01,-3.543862583717425491e-02,1.082118588588921737e+00
-7.599756780563958480e-02,-3.570180405988512273e-01,-9.327996002431120093e-02,-1.840001189580763030e-01,-1.109015181673976141e-01,-2.072763876070065070e-01,-2.970635911016484276e-01,4.290099272013811124e-03,-8.843236137849767031e-01
-7.722969276647459469e-02,-3.003570044747487233e-01,-9.378875456424164148e-02,-1.761860679300913946e-01,-3.047577692263051669e-02,-1.574089577342158708e-01,-2.505462674215570562e-01,-4.595090116046882112e-02,-9.075349653565656372e-01
-2.048801531069718851e-02,-3.901033079523288927e-02,-1.340449079248432207e-01,-1.354098467927081495e-01,5.417499839233992642e-02,-5.905713495212294023e-02,-1.876913183692840159e-01,-4.789009175028208914e-02,-6.457862875890879595e-01
1.337392529023852528e-01,3.866347102672523239e-01,1.640153080752391676e-02,1.410671850831650143e-01,-5.982596148816483883e-02,3.489873432088731464e-01,-1.106773110879388372e-01,1.060225242279001952e-02,9.906381131061359202e-01
8.470454206395000574e-04,1.953159313427587918e-01,2.586071472763908086e-02,4.457496674775884293e-01,4.910629777741377100e-01,1.423627505739638067e-02,-6.358366024890087231e-02,1.930145166309518365e-02,1.169601407805996418e+00
4.039898941224126516e-03,3.153032492013527754e-01,-3.007760574608852461e-02,-2.671540758175230956e-02,3.413835168668739872e-02,2.410195479127226204e-01,-1.196595025776720222e-01,2.868732154004804275e-03,4.621673206605398376e-01
-1.762823279558159428e-02,2.129594127175916674e-01,-6.884008381251119357e-02,1.303117109884688318e-01,-1.345722717669723192e-02,9.480704072034062957e-02,-1.162439668214126087e-01,-1.482129343045524364e-02,5.572808997448952528e-01
-1.129183569561501843e-01,-5.685900339146778698e-02,-7.299005203870551073e-02,-4.906364931522950307e-02,-4.675575349220631449e-02,4.416236170311843220e-03,-1.324447999157656042e-01,-4.097204002179043528e-03,3.296336803304132923e-01
-8.092523822168061487e-02,-2.052973960336160753e-01,-5.238437021751363165e-03,-1.447346718041962466e-01,-1.026872600653912088e-01,-2.470343262573757026e-01,-8.680205290507279903e-02,-3.412729697964414499e-02,-7.367527534479390017e-01
1.003241602107940444e-02,4.101594631312525108e-01,4.034935307642609215e-02,4.256795570418073216e-01,4.262009573542785423e-01,-4.325307318691351544e-03,-7.455504586988688509e-02,1.630115546239154292e-02,1.238834512168364155e+00
-5.918273406487056104e-02,-3.403958307685758244e-01,-9.163482204362605188e-02,-1.178406086221746862e-01,-2.150788433631986296e-01,-1.977664337764442337e-01,-2.900321626085581306e-01,-6.462441405645781567e-02,-8.998765943414389623e-01
-7.764119504692423845e-02,-4.327982910822565366e-01,-1.071113044854090923e-01,-1.958375163571422495e-01,-1.536482183568088633e-01,-2.598241112723140844e-01,-2.978589777354847534e-01,-3.439793024882933925e-02,-9.983188200745598539e-01
-6.334342956373624489e-02,-2.521211995180616672e-01,-8.678532797728455428e-02,-7.154839583421790383e-02,-3.294355619137726010e-02,-1.815665570640147275e-01,-2.348840582793114140e-01,8.807470997966165838e-03,-7.159231109679097260e-01
-4.876402931533407176e-02,5.281737336415870399e-02,-3.994688432870237282e-02,2.289695687387743178e-02,6.835107172566823319e-02,-3.374530283120899532e-02,-8.408772459435331914e-02,-3.349839465890660367e-02,-8.394669414777462813e-02
-1.087969600563064854e-01,-5.062036280057032045e-04,-6.692146914843449812e-02,-1.400747607786419213e-01,-1.082040646429929254e-01,1.140066668003570927e-01,-1.475274677358980879e-01,-8.765345859458465241e-03,3.034049257452626769e-01
-6.275135247600159560e-02,-1.518825601912760781e-01,-5.712285789783731749e-02,-1.461138842811130212e-01,-1.020880211006559429e-01,-4.031844076462560988e-02,-8.188081852455315890e-02,1.208246565999306216e-01,-3.602585132076398522e-01
-1.486811625718426066e-03,1.189753559155571072e-01,-7.134457175567032738e-02,5.760836522980566921e-02,-8.419175695075865884e-03,1.200244125916792026e-01,-1.269190085772329279e-01,-2.217638124100401037e-02,2.560206939477253085e-01
1.355141966475181814e-02,-9.977150136340018349e-02,-5.086033963974774530e-02,-1.165696292869668471e-01,-6.930503796230974567e-02,-9.016087813384958405e-02,9.915773689900557741e-01,5.879627473442914504e-02,-5.800878735159430422e-01
-4.214073454781527839e-02,2.590288521364370045e-02,3.911658738087867015e-02,4.928687079320637765e-01,5.792930370607147356e-02,2.575263409307027018e-01,-7.788715842634996722e-02,1.200536478745928975e-02,1.071753533501198508e+00
-1.080889369556474050e-01,1.213068571742203089e-01,-7.985071988437024426e-02,-2.204157261030859905e-01,-1.095152439041707088e-01,-8.249113729612947976e-01,-2.160649045819334202e-01,-1.303489317992975183e-01,4.668134113676010721e-01
1.191500508422852073e-01,3.791205913027099195e-01,1.803130933057942378e-02,1.410066211648642320e-01,-5.266163933959353005e-02,3.525783658965591649e-01,-1.035806480262054657e-01,-2.746293407040730633e-02,9.845315829112286643e-01
-4.812399954956278481e-02,2.601911957155670502e-02,3.013684953309287984e-01,4.101582481417501841e-02,-8.767534405773196732e-03,2.302515523274334119e-01,5.029988830774801967e-01,2.630203756900479500e-02,8.062361808017739495e-01
-5.989540738702017753e-02,-2.950474001109869571e-01,-1.143357238663438441e-01,-1.058784694614439276e-01,-2.108776804352626155e-01,-1.842629939769576397e-01,-2.437532809398482714e-01,-4.881539812492844549e-02,-8.216426256551017104e-01
-4.004724848587064984e-02,1.999183592402894172e-01,3.249257134609345732e-01,1.150017945640085040e-02,-1.971511252102647882e-02,1.760571489904376730e-01,-1.183519291105557120e-01,8.640850258331870051e-03,1.031512504287411369e+00
1.114641112869052542e-02,-2.554671292657360038e-01,-3.736765166849517761e-02,-1.275606441054801254e-01,-2.169521980487933155e-02,-5.897331530442052883e-02,-2.521734906785002006e-01,2.552715114449178799e-02,-7.455843544663718347e-01
-8.842935817773830975e-03,-3.477827862280550852e-01,-6.275563364759709217e-02,-1.166599518189300744e-01,7.669511043227163205e-02,-1.304604094857159668e-01,-1.404211751708454858e-01,7.416776981820366599e-02,-4.570484607794746412e-01
-6.273726678346008834e-02,-2.918177281358544373e-01,-2.863135727402082997e-02,-1.766900651463845229e-01,-5.157917664513764211e-02,-1.772782686232132199e-01,-2.894339794332450033e-01,1.004680957818055061e-02,-8.705974978706203515e-01
-2.789022466785531784e-02,9.559157520695792110e-02,-1.171862339594313129e-01,-1.035723560437270957e-01,-7.365003051624371966e-02,3.331984286823562458e-02,-5.044334669146038896e-02,-1.328456838741603682e-02,-5.658926567867320623e-01
-1.552231317089812490e-02,4.080276712125849303e-01,4.050350870121137425e-02,2.426850854423336645e-01,1.735051827886820858e-02,1.857242281439520637e-01,-5.589176297135479282e-02,-2.693767987090584654e-02,8.834303027477288239e-01
-1.718196935311286366e-02,1.927027389878341601e-01,-8.328316239564560741e-02,4.132082004721810559e-02,5.961168369964873343e-02,8.949287949848770685e-02,-1.317676502876223288e-01,-1.549665510405674566e-02,-7.086433149818642530e-02
-7.704621380079662574e-02,-1.830052301962688532e-01,-5.059489083301080964e-02,-1.194901218356164557e-01,4.309238839932931497e-02,-1.905414370324193529e-01,9.114247190980773183e-01,6.003687633987835753e-02,-4.925075518270589647e-01
6.888416783752150663e-02,3.209791919216276601e-01,5.670964782288479694e-02,5.465516505077244735e-01,3.401133645855685672e-01,1.395282553086357458e-01,-8.335373749431497503e-02,8.749270752696528333e-03,1.302672741789249855e+00
4.860047032019504387e-03,3.458553485229968333e-02,-7.546835384794614576e-02,-2.746678334835483265e-02,-1.258108715863868153e-02,2.977664872013721306e-03,-1.609170502376253420e-01,-6.033282623851594570e-03,-2.795858597376776888e-01
-2.504000613031162614e-02,1.890563911877128633e-01,2.336068307134503697e-01,-7.697839296126879338e-02,-4.003383770836787398e-02,2.565979612941726162e-01,-1.088963988889620482e-01,-2.348507832169997173e-02,8.859016156048880042e-01
-7.264856297156255249e-02,1.446796447088009030e-01,-4.030479910246137151e-03,3.185321579354105093e-01,-7.091269301170263772e-02,2.318912306787030975e-01,-1.085070469218282346e-01,5.222019375941786001e-03,9.569049849230022442e-01
-5.011106907009136441e-02,8.814172900395789156e-02,-8.638715928672130451e-02,8.081142787017986384e-02,5.572233030462560993e-02,1.674902665121427436e-01,-1.265428251316758346e-01,-1.217995756664073774e-02,1.793353334116066788e-01
-7.328602077280196858e-02,1.847435538597703708e-01,6.152013144443797821e-02,-1.172903263271336260e-01,-9.382332808027332716e-02,1.691207419670759660e-01,-1.324978616891703265e-01,-1.565268630992157697e-03,6.117052677711063424e-01
-7.356468315218508969e-03,2.973216502331466754e-02,3.478002538263909593e-01,-3.486477040056261412e-02,-2.367403852493638050e-02,-9.206444474559220825e-02,1.054939140025357158e+00,8.464837949534220751e-02,-3.585007157570781477e-01
-7.885937585944603756e-02,2.956099557184472398e-02,9.350024959868111218e-02,1.475741625563160853e-02,1.654802496077425744e-01,9.458620363851014123e-02,-1.063789099471230126e-01,4.729120056367972641e-03,1.196969447473962944e+00
-9.515672940013056302e-03,5.655662238323617280e-02,1.084422939447057810e-01,2.466644895003432952e-02,1.185313018564546073e-03,1.544775565497083503e-01,5.301967732304060377e-01,2.436038704817132527e-02,7.634646705672021305e-01
-4.699387129490321252e-02,-4.085067812005157006e-01,-1.325094386543215763e-01,-2.081216909475434029e-01,-1.467177250237268193e-01,-2.346016332327779952e-01,-2.958486548114519499e-01,-3.895814630787105409e-02,-9.981405934991585127e-01
-7.530370408090893142e-02,-3.070765622904332859e-01,-4.581177199717373361e-02,-1.239844826963576174e-01,-1.563033116156189450e-01,-1.589499202438059144e-01,-2.881939835862969979e-01,-4.294009471240023412e-02,-8.647911091710572817e-01
-1.746150737355192661e-03,1.453758484822479380e-01,-1.125054233889732358e-01,-8.950509231656497700e-02,5.240412844825308863e-02,-4.258871718005645401e-03,-6.173578664584385839e-02,-2.490821998776509422e-02,-5.356559147870872950e-01
-5.126487574038348510e-02,-2.613650782584159837e-01,2.716753375886052924e-01,-6.118823978151601700e-02,-7.391340135305476955e-02,-2.412343603709544981e-01,-1.655136183888983037e-01,2.320438546974114974e-02,-4.917670200101062483e-01
1.575732288114621571e-02,1.379342073467370311e-01,-5.461717928617299683e-02,7.992884498917125768e-02,-1.824533571042318697e-02,1.668949740006459848e-01,-1.204253370322043021e-01,-2.226178737568240695e-02,2.754516086972784161e-01
-6.083771514978469908e-02,-1.478106195714740945e-01,-6.380672815967565470e-02,-1.045254722760490529e-01,-4.711075648853944170e-02,-1.676986216620862946e-01,9.929791675644001891e-01,6.434044490311895126e-02,-5.386707300193914749e-01
8.321009219320206485e-02,-2.526836802538167115e-01,4.868750553593756969e-01,-2.135248466370309739e-02,-6.574011643434541155e-03,-4.150553618653531063e-02,-6.374290699758561329e-02,-1.618507245907948450e-02,6.899400642513127402e-02
-9.209437179297466636e-02,-3.948881774407723144e-01,-8.700469492624876566e-02,-2.027063118038127942e-01,1.088742224819360532e-02,-2.330703189323613811e-01,-2.886729270945561088e-01,2.487663283824907007e-02,-9.533935451762320934e-01
-5.676169881715881216e-02,-2.213565958812794554e-01,-7.802063091862210253e-02,-1.513171343785468526e-01,-1.102161198220330367e-02,-4.145826494623268410e-02,-6.227282254529700745e-02,-2.479689968105404374e-02,-7.785092715248137507e-01
-3.620825736761103253e-02,1.130233034551736265e-01,-1.161374921683899220e-01,-1.026843687499518487e-01,-1.649416547950771639e-02,1.273505657520031531e-01,-5.001805970054259282e-02,-1.200198964428890284e-02,-5.472410606233827357e-01
3.426558532027527970e-02,7.975750811972238952e-02,-3.671518476992255073e-03,1.748704428732379967e-01,1.010668152440782480e-01,-1.402167481548427797e-01,-1.333130558866053687e-02,1.727532010726802736e-01,-4.565046593924779739e-01
-7.727680268369847838e-02,9.222853203222347585e-02,-6.815494712203915006e-02,6.255217485749893502e-02,-1.356541770124003177e-01,-2.158449413434345432e-01,-1.021206417354893758e-01,-3.224910417609724855e-02,-4.640466774458326671e-01
-6.071846486222910733e-02,-1.510911940384491170e-01,-8.334120011679635454e-02,-8.653636196553059212e-02,1.368157859788056083e-02,-6.887346761018349472e-02,7.745988847579705627e-01,4.763710935979901390e-02,-5.732889628254105308e-01
-3.632938780577509019e-02,7.607599414390225911e-02,-8.027265646810048672e-02,-5.466213695280440488e-02,-1.115201409782968084e-01,1.383207344799015637e-01,-1.524045602444471514e-01,-9.299572557482992802e-03,-1.542474394774940860e-01
-5.896066936825419824e-02,-2.436870089947657247e-01,-7.457884928398145208e-02,-1.418715255495364147e-01,3.535908135080555181e-02,-4.284052915495579344e-02,-5.181694480591469976e-02,-2.245075184586560468e-02,-7.738082186763035608e-01
-6.496573114012338390e-02,-1.882818443796923646e-01,-1.275518783691745317e-01,-1.180968928486366143e-01,-1.349706664014232449e-01,-1.915825078974936480e-01,-1.366171139923607614e-01,-4.103760895311302920e-02,-5.185518542503247952e-01
-2.820882126552605451e-02,-3.226457914300043250e-01,-6.566249311762051288e-02,-1.571357867562539201e-01,6.244359254868003112e-02,-2.305392424639775562e-01,-1.356808985033434445e-01,-3.892402854581044486e-02,-7.238353082219580736e-01
7.806575172293565845e-02,1.174376566386068632e-01,-5.241547802812541318e-02,-2.803894235344710911e-02,-8.506625670130710248e-02,6.042808778148647114e-02,-1.634566425973862924e-01,-1.324379834689045667e-02,-1.187536535149604118e-02
-4.382156473808460073e-02,4.715160554667343490e-02,8.946850012640784888e-02,-5.576077498887414483e-03,-8.280056404600595263e-03,1.309919655035794994e-01,-1.421076341694279266e-01,1.286931937615826312e-02,8.348866190171940760e-01
-7.044375222713003537e-02,-4.165926699304348668e-01,-1.242246073866879325e-01,-1.865294019176711449e-01,-2.605629802312912635e-01,-2.433397528557219025e-01,-3.094514246687614101e-01,-5.854457831952662727e-02,-9.961467458739966530e-01
-1.085666799126276671e-02,-2.648132235075066898e-01,-4.351167827863054033e-02,-5.830189549435574325e-02,-2.703600040792534728e-03,-7.082818110145745749e-02,-2.017970121951687401e-01,2.473958649404798399e-02,-6.664694499176201381e-01
-1.250502616065429784e-02,1.065529478643737621e-01,-6.210175861658324969e-02,1.077270076751809663e-01,1.187837688879546730e-02,1.827418579025477663e-03,-1.337625728409255199e-01,-8.623763460668747508e-03,-1.954356864425750850e-01
-6.279157519539502186e-04,3.823368732783531398e-01,-4.902788128987648625e-03,1.248975801305175076e-01,-3.071034159314331088e-02,3.248986936845832396e-01,-1.026006422478239200e-01,-2.607583875934304379e-03,9.982587301044640871e-01
-6.400525214241693794e-02,-2.511255743695538500e-01,-1.346711635673832064e-01,-1.459284882904725855e-01,-2.161705409249221055e-01,-8.129003177230442745e-02,-2.398753741472226531e-01,-5.207871260435321947e-02,-8.440559152685176425e-01
-6.597162037415998936e-02,7.175584016724281811e-02,-1.139466996982820557e-01,2.035194356064351159e-02,2.661109963962789149e-02,-2.091301824368060891e-02,-1.394472432656303496e-01,4.575299037171860761e-04,-6.574431871656119530e-02
-6.047738132393543076e-02,-3.763617633753424396e-01,-1.259050807716908527e-01,-1.913401687446535104e-01,-2.184598283615815095e-01,-2.221000905739918818e-01,-2.804612644786954045e-01,-6.754228734108681798e-02,-9.783186761510425100e-01
-3.993318004124839227e-02,-3.070936450106941940e-01,-3.524650238074169412e-02,-1.007197110831613840e-01,-9.612254275365719747e-02,-1.840180930697601080e-01,-2.526145895085158966e-01,-6.270781104569841946e-02,-8.505797293535852788e-01
5.372668772403804693e-03,5.180387526260069216e-03,-1.400413247213544987e-01,-6.745021150134776489e-02,4.278949643498709127e-02,-1.670197227922096822e-02,6.316683707567802841e-01,2.216296432827852964e-02,-5.533830766977698712e-01
-8.277137139969449608e-02,-1.394191892624381535e-02,2.390790887202569603e-01,-7.463417876117824090e-03,-1.952051012379803913e-02,4.900673636394817234e-02,-1.196314039452057026e-01,1.283892855371787482e-02,9.389282352648071761e-01
-9.973317165262736428e-02,1.577475505167267103e-02,-1.684075747285802005e-01,-1.855812028441647388e-01,3.657185591767261185e-02,-5.459921465149483732e-02,-2.051579933265234301e-01,-3.152092918806652724e-03,-8.417640030760554781e-01
1.197977516289187860e-02,-1.057989739669037699e-01,-5.705621354386693211e-02,-5.158958997988194461e-02,5.199297814072715782e-03,1.619165572325172997e-01,-5.655939020561182029e-02,-3.452371314535041327e-03,-4.295675296603245208e-01
1.001633636229076335e-01,8.016516667007832220e-03,2.756237293660605547e-01,-5.444876068505700648e-03,-4.487595460565371730e-02,2.060924252326429562e-01,-6.391737472866680647e-02,-3.092471932886810965e-02,9.438479174683488404e-01
-5.394958394132202961e-02,2.196450202224502907e-02,-7.283736157083862961e-02,3.329439436672081143e-02,-1.601257454831582772e-01,-2.333898753531198078e-01,-1.141420756411506282e-01,-1.173390492446757180e-02,2.226090614467270412e-01
2.745044918414024648e-02,3.499304769937605641e-02,4.300337046695712484e-02,-2.535667375243581129e-03,-2.040401373088815418e-02,-3.011943157771113655e-01,4.760672375722598826e-01,4.089083430444932776e-02,5.994160705230803243e-01
1.945975732004893988e-02,-3.069286771496721467e-01,-6.680704706415932503e-02,-1.178774074014818096e-01,-4.599393568064553961e-02,-1.386854307717027002e-01,-1.216125495806436863e-01,-4.668107919738972988e-02,-7.783458973838683903e-01
-9.415866532034966596e-03,-1.620381757875675455e-01,-9.265075702081575215e-02,-3.454852605779096947e-02,-1.027272716839297412e-01,-1.124776033717720947e-01,7.895228878594199307e-01,4.299163529508896048e-02,-4.239357372419145786e-01
-3.130321633129236336e-02,-3.229739591345318073e-01,-7.178706732799729207e-02,-1.678940161596629843e-01,1.213721530626562725e-02,-2.560570919303100657e-01,-1.281136984639914544e-01,-4.054645562550645427e-02,-7.548810500395888301e-01
2.548989136185110527e-02,-4.505599100450863662e-03,-8.196485975127570933e-02,-8.072610742500700709e-02,-2.840390608130448705e-03,6.938078494213226199e-03,-1.800868733565749447e-01,4.719839737409560476e-03,-4.381494643785729948e-01
-3.871009693968385790e-02,-2.713379988287242806e-01,2.070390529493612575e-01,-1.066470542512463898e-01,-6.995205882602140157e-02,-2.390990542415408482e-01,-1.363380608108699654e-01,7.194705881889688903e-02,-6.273303519211136381e-01
3.015254286573666453e-01,-1.800739425650750569e-02,3.287569769993909374e-01,2.759508189729480976e-01,4.241976144405055771e-01,1.247791783386693054e-01,-1.051819324624486129e-01,-5.416215101488019296e-02,9.277488212444719995e-01
2.645991632521348114e-02,1.167870783770605381e-01,-7.137074166182130752e-02,-2.404415973458677580e-02,-1.199750312828535420e-02,1.137074263045526334e-01,-1.358958117276788669e-01,1.220261259860585742e-02,2.630755609049750116e-03
1.005009424439998605e-01,3.461409410305299472e-01,2.483818368997676648e-02,2.526441452671830401e-01,-1.101835960914443885e-01,2.307887511295116378e-01,-1.157964867501375950e-01,7.774634291357312293e-03,9.823718811378095994e-01
-6.765813548083313145e-02,2.506416421851202433e-03,-3.512895169809200635e-02,2.764121522684965387e-02,-6.814078910162452152e-02,9.269910196236019750e-02,-1.131298417755948610e-01,-1.820956966934431792e-02,4.712983529547323247e-01
-6.242157532559634847e-02,4.222710172346046120e-02,6.784823400261540127e-02,-7.331351386715643723e-03,1.629906804784632401e-01,8.379564187613681991e-02,-1.204909313124898212e-01,4.630709557022688605e-03,1.158482833422276537e+00
-4.945330677115899326e-02,-3.160945684717342830e-01,-9.894355725982023619e-02,-1.649111025765561400e-01,-7.078495122935424266e-02,-2.216607025182889545e-01,-1.065455783306923365e-01,-2.349024470547619869e-02,-8.057528569566229093e-01
1.837358822515238188e-01,2.285775960659753581e-01,3.727965171492553242e-02,4.415823896975053509e-01,-7.941917526785519099e-02,2.188736855498736589e-01,-1.142695125763351915e-01,1.524104072809752755e-02,1.074156530623306072e+00
-6.797460243189806794e-02,1.673661498384472479e-01,-1.106070481278049883e-01,2.780724729831919595e-02,3.330389866254259562e-02,7.565402633932503951e-02,-1.270662103168375412e-01,-1.189205169464735250e-02,-2.195765824580603043e-01
7.736964281696535883e-02,3.390459834579362397e-01,-3.761453645155887066e-02,1.265552570362938889e-01,3.460133029696879636e-02,2.227045538817405690e-01,-1.030820398055174447e-01,1.620138295815459414e-02,8.541698256908678566e-01
1.465111715350089772e-02,4.072694402683452175e-01,4.606574974274743606e-02,4.300213831543837628e-01,3.837239349458619331e-01,2.511765710829271317e-03,-5.880301897594886196e-02,-2.199463593379117829e-02,1.237649949501087532e+00
-7.523186475284329711e-02,-2.362639626326730469e-01,-1.060681468503675007e-01,-1.615941034092225614e-01,-8.346258509993690136e-03,-5.369193857763640554e-02,-2.542005633019853161e-01,1.316367306827213521e-02,-8.061741689257260202e-01
-2.727214059173532767e-02,2.985224774659384073e-01,-9.026268685870074415e-02,7.542254278390124467e-02,6.603027891397733606e-02,1.638861439413971111e-01,-1.310316075075030617e-01,-6.916000531670822224e-03,5.799399684839181557e-01
-8.115122651032849466e-02,-1.984490674562859325e-01,-1.012247587671387672e-01,-1.552874975288911497e-01,-7.859834743487266462e-02,-1.571352462940643069e-01,-2.624240225683266425e-01,1.328054076030567646e-02,-8.594936614485337856e-01
9.470015452938916611e-02,2.977151305878942833e-01,8.541850662262860661e-02,9.030289506624740448e-02,2.313462825427941433e-02,2.448065227994803694e-01,-1.074699070841948351e-01,-1.768437201515573459e-02,8.566132765193532617e-01
1.681077310975462313e-02,2.207837731785401714e-02,-1.116432041935425945e-01,-6.257450339314968302e-02,-7.167768659314281698e-03,7.290512048949981949e-04,6.481804725479194396e-01,1.737871025141694836e-02,-5.375299106675957006e-01
-3.137314069431809682e-02,5.804105317778004286e-02,-7.604471394544382035e-02,-4.929651801415718682e-02,-3.033435570525645081e-02,-1.545679848004062329e-01,-4.515443952992333199e-02,1.652946078153682552e-01,-7.015846921070547637e-01
4.416317278981816974e-02,1.552005785347992592e-02,-6.556097662017666694e-02,-1.111784365378038486e-01,-6.748159844107365357e-02,9.579182345491710215e-02,5.355937836858677414e-01,1.214786801059921512e-02,-1.009845946686085127e-01
3.065891617080526710e-03,5.508618209043293634e-02,-7.561409567257976194e-02,-2.950521109325577457e-02,1.687165769635157880e-02,1.354376398241445567e-01,5.743364213696762199e-01,1.240471797462803366e-02,-9.342601144529234791e-02
-8.051875650153147990e-02,8.536010343272555645e-02,2.968012735845150241e-01,-6.201569624857633176e-03,-3.662504578788252502e-02,1.372063671060930468e-01,-1.357533796975936846e-01,1.504620046575049462e-02,9.052761415212259299e-01
-4.970449101111331508e-02,2.848648931016097008e-02,3.125367359786345167e-01,1.251328692849641711e-02,-4.187363756293508571e-02,1.073587071151655414e-01,-1.174879105599371809e-01,-3.325185305012400699e-02,1.011130968312954570e+00
-2.143556619967265653e-02,-5.056409771006883935e-02,-3.814942062269063155e-02,-5.045594598120931029e-02,-7.391529790048745330e-02,-1.907070436638192701e-01,1.118844447086571936e+00,7.550809688040563405e-02,-4.538726544920100303e-01
-8.143895181243369918e-02,4.121275239698468096e-01,4.402039612139192759e-02,3.359090729539742637e-01,3.258948387980391548e-01,1.192133866349610605e-01,-7.596861809205111837e-02,-2.468560928007819399e-02,1.183012774763367858e+00
9.539970445782877673e-03,-7.388698564866809371e-02,-1.082163931172408639e-01,-1.455623378990731354e-01,4.872312939521988850e-02,-2.895846346966161194e-02,-2.127922423506227456e-01,6.209939129030173088e-03,-7.620883335824941707e-01
1.274484646689366119e-01,-5.516343357605570097e-02,-3.642470840330710308e-02,-6.313560638237505906e-02,-5.999690391865026770e-03,-8.644091799640524210e-02,1.068188361564345268e+00,6.475051073437676497e-02,-4.745720166936333029e-01
-2.899538022595439524e-02,-1.651594565039100904e-01,-9.763416239774785899e-02,-1.628133576016721762e-01,4.684826146104258821e-02,-2.950010288193529590e-02,-2.427192230895321989e-01,1.393430776270583073e-02,-7.513612310982908937e-01
-5.448513143624543476e-02,-2.132495763653591836e-01,7.283085272605731297e-02,1.241675430397329860e-01,-2.084067290928470206e-01,-2.462412189233610937e-01,-1.037301267299678975e-01,-1.584597932512864932e-02,-6.675670843958664280e-01
-7.908196098428557641e-02,-2.715674891085424481e-01,-1.337437851280286194e-01,-1.810862065170494584e-01,8.848747906738509486e-03,-5.391825774998201815e-02,-2.567402022077183710e-01,9.126713813918267693e-03,-8.373317512451088351e-01
-5.889024059156936636e-02,2.075967667425177299e-01,-9.800579543617773948e-02,1.374175045999101730e-01,1.136617455508849156e-01,1.307280123998944277e-01,-1.149239523264843632e-01,-1.051962945796301209e-02,2.782788625762984136e-01
-8.115122651032849466e-02,-1.984490674562859325e-01,-1.012247587671387672e-01,-1.552874975288911497e-01,-7.859834743487266462e-02,-1.571352462940643069e-01,-2.624240225683266425e-01,1.328054076030567646e-02,-8.594936614485337856e-01
-1.005876352630774850e-01,1.018322736718735300e-02,-1.295252305646040769e-01,-1.659021050590387403e-01,-3.864832008765844984e-02,-1.758015068145044046e-02,-2.005055627903977178e-01,-3.272590945455247646e-02,-8.633379549882327364e-01
3.811120363362159313e-01,3.365720835285269108e-01,2.959155704513342644e-01,4.685019431515040078e-01,3.747867698941627079e-01,1.791556565101673493e-01,-1.177984862511998881e-01,2.759545836799585580e-02,1.185195143828313480e+00
4.970986176341876672e-02,2.025911066339743938e-01,4.490292663325740757e-02,1.772805813074817827e-01,-6.664477695956626258e-02,2.661663347386144518e-01,-9.970829798727610938e-02,-1.660079607475589344e-02,8.460782669603673645e-01
-3.337335687272938167e-02,1.418676561586247886e-01,-5.508406443903392236e-02,1.507097028017941598e-01,-1.010880271291068541e-02,-7.907230532183836397e-03,-1.164683465760365244e-01,1.263184969896417181e-02,-9.268012298181257935e-02
-7.518979988123647429e-02,-2.525238463630511410e-01,-6.010392784286598677e-02,-1.423046546320739236e-01,-1.414801470472379710e-02,-1.024057038981165541e-01,-2.640160923005758775e-01,7.616917792614725548e-03,-8.629063228458999646e-01
-8.982145531930024740e-03,2.890730205451856258e-02,1.282363464867538640e-02,5.123629041647018711e-01,5.742133875212098934e-03,1.766295729901340983e-01,-3.955212973303807306e-02,-2.213837689325053731e-02,1.076923038423661438e+00
-5.304365825758348973e-02,-3.710104952286472080e-01,-8.270932271569494953e-02,-1.726801805192006434e-01,-8.477175363083758186e-02,-2.364996394158847826e-01,-1.332164389216381473e-01,-3.627577155177771906e-02,-8.301051230371980783e-01
1.313223981460348577e-02,-2.489696975155812897e-01,-7.631508364229626362e-02,-1.261230479547371663e-01,-4.614278778585578084e-02,-9.811218883289919701e-02,-2.465227568511297318e-01,3.607176660984953709e-02,-7.282712378798612551e-01
-2.189060861659684887e-02,1.393714422882191273e-01,3.260768681690352430e-03,-2.567823210693984115e-02,-7.918829782356268110e-02,1.545444572804687000e-01,-1.355781252933929704e-01,-1.338380266391365515e-02,6.327711387173654556e-01
-8.200983957972342309e-02,1.588303819610720480e-01,8.024852167264689973e-02,-4.348023551298983713e-02,-5.535465614033448223e-02,2.633862843898507333e-01,-1.280889636128263731e-01,-2.270114338956862737e-03,9.886299844476947873e-01
-7.643913928919668366e-02,3.246412049513168474e-03,-1.245667477343919555e-01,-1.440487439623724386e-01,2.153251822531114523e-02,-4.832256150679788836e-02,-1.923938236831397308e-01,-3.188777115687389113e-02,-8.582667081427485245e-01
2.767002329213481826e-02,-2.613401290970432944e-01,-7.450576366730296551e-02,-1.367790657174259572e-01,1.486406583307816887e-01,-4.324174301511491542e-02,-7.344011133615786779e-02,-2.396507770975095375e-02,-7.992123307796581422e-01
-7.928206460406625466e-02,-2.325517545827465449e-01,2.156529709660058580e-01,1.481066919547155414e-01,3.796846850401038864e-01,-1.312005277701056849e-01,-8.030214842469417247e-02,-1.209213187108200936e-02,7.986314350888883418e-01
-5.541771495606268721e-02,-1.403234175422063967e-01,-1.015596722370263744e-01,-6.577975940496089136e-02,-1.222241827817045212e-01,4.707767157856147799e-02,7.332120292436494768e-01,3.255086702368821527e-02,-4.728787407926561270e-01
-3.843369606621900580e-02,2.169015396900097203e-01,2.210870447274173034e-01,-7.215084423063254648e-02,-7.808598615227459183e-02,2.087271017034137421e-01,-1.127682561804569522e-01,-2.430310566198883721e-02,8.967113807954908422e-01
-5.187580264550309406e-02,1.763134708871188366e-02,2.172939194000162444e-01,6.274733879913296092e-03,-1.650187296977841112e-02,-3.140147601164440250e-01,3.751703101499480608e-01,4.425384631409656072e-02,5.821869013840585971e-01
2.338594172693563011e-02,-1.502183058834950236e-01,-7.090920466441985592e-02,-1.328537509813853268e-01,-4.969974132564165120e-02,-1.256673989218077547e-01,-2.608006600879094750e-01,2.819584200198844287e-02,-8.198973029136745749e-01
-6.511254108118044726e-02,1.009457985352426035e-01,3.848051846120736919e-01,1.183838215868773976e-02,1.405159147381464246e-01,1.267057238861630519e-01,-1.263312634610874730e-01,1.762309058367619516e-02,7.208839775168314201e-01
-6.654486397437280043e-02,-2.214828511042842007e-01,-5.520969751248439028e-03,-1.172623833284722195e-01,-8.044906247274972999e-02,-1.816982273965096484e-01,-1.250765425353627183e-02,-1.073306883991284599e-02,-7.471786861426200632e-01
-7.082050618516262663e-02,-3.987723061101157151e-01,-1.191210646796842382e-01,-1.853196367501643571e-01,-2.549776239561850066e-01,-2.455835506835470361e-01,-3.340876534158252475e-01,1.587784603021414817e-02,-9.871980641370913245e-01
-7.891632336409931670e-02,-3.149979206598550463e-01,-1.124285665120200728e-01,-1.366718232380919884e-01,-2.234752384405918335e-01,-1.653960966490117535e-01,-2.705062765041665873e-01,1.630874148504756621e-02,-8.324302214819137014e-01
-3.731454745613351637e-02,2.150196328034667259e-01,2.328245095540582843e-01,-7.277425390082832568e-02,-8.141676359634777982e-02,1.971877397744450366e-01,-1.198704758506661111e-01,5.253807699178126081e-03,9.101788797284194876e-01
-2.149675629494399165e-02,1.412680314736504128e-01,-5.282969942688598569e-02,-8.894906310889065526e-02,-2.525380251010807264e-02,1.386511110086419973e-01,-5.165364016175776757e-02,-1.257450462716853783e-02,-5.527406583475380497e-01
1.652346100026802489e-02,-2.759036958529825778e-01,-4.649143010055252490e-02,-1.400289493363367777e-01,9.497727734249844511e-02,-8.134684446290452176e-02,-2.068374242082758052e-01,-2.130994317529069648e-02,-7.073830481315178664e-01
-6.304379498670308057e-02,-9.560745291500376275e-02,-8.598959646199919038e-02,-5.793764957081518063e-02,1.570754833534466349e-02,-2.722736285262419842e-02,9.022745209215921047e-01,5.469970206722301470e-02,-6.257875812393983717e-01
1.097636777317072265e-02,7.088530800422068734e-02,-8.474305173892504595e-02,-7.632390122450721792e-02,-2.184024136915698605e-02,-4.732515114113398924e-03,-1.692638507486152188e-01,-7.702203732094896338e-03,-2.839880915098605962e-01
2.010288855925171092e-01,4.847180440721093886e-01,3.153327274882036790e-02,5.010588044241385264e-01,-8.834656956946665418e-02,3.073508300417338024e-01,-1.089996259026317499e-01,1.257263530312670297e-02,1.212397936306668811e+00
-9.165729372565040167e-02,-2.918917201689323893e-01,-1.118666567488001556e-01,-1.784169293922631683e-01,-6.055596942664351334e-02,-1.068576823409806004e-01,-2.700702135381514712e-01,2.269867182714176493e-02,-9.051642915844875237e-01
-6.421420277340916805e-02,-1.501069995073956720e-01,-1.068282651102580860e-01,-1.007437282124759859e-01,-7.989900625571174156e-03,-2.318009808096912344e-02,-3.514586590719931403e-02,-1.631333573458196989e-02,-7.042230355275674869e-01
1.967971405930238338e-01,-2.179499663004520471e-01,7.353149537983065531e-02,1.588927283988379041e-02,7.015300302386297260e-02,-9.908084678857918826e-02,-8.827312122339477096e-02,-5.365807010625650575e-02,9.909671138597666573e-01
-3.568987041805819077e-02,-3.293437543670909573e-01,-7.871579103099707320e-02,-1.590214067188095437e-01,-6.883276999423151854e-02,-2.288174771164679377e-01,-1.424649033989199287e-01,-3.416741282506726568e-02,-7.776631522584379619e-01
-1.100352825334417056e-01,-2.319539096154495106e-01,6.336867613611282812e-02,-1.945010281140820418e-01,-1.391238670564549362e-01,-2.932680138200420839e-01,-1.423848003654653305e-01,-5.100991893065605354e-02,-7.465706018335042105e-01
9.894221914615454472e-02,3.387066221227053031e-01,1.010645398457598459e-01,4.277031316768331592e-01,1.783581373087590738e-02,2.802253153865326141e-01,-1.093738275119728598e-01,-3.349248507686798659e-02,1.051181845500332779e+00
-3.011001930770564050e-02,-2.220140226093483826e-01,-8.236701859225695199e-02,1.263409590567432517e-01,5.669595969510670547e-02,-7.788142991260241926e-03,-1.256696618625086359e-01,-1.536089666046040053e-02,5.208663739212324728e-01
4.726889297581703120e-02,2.689674022535294695e-02,-8.080656566833471777e-02,6.210132759564185312e-02,-2.111250620638413511e-02,4.869895044702111236e-02,-1.246972580646522888e-01,-3.187251313492669991e-02,5.352338686704587456e-01
-5.915943639065685683e-02,-1.452771815394660049e-01,-7.238208248726200889e-02,-7.826894310866955307e-02,-5.920818942296412341e-02,-1.054606448813465332e-02,7.662588012413321659e-01,5.585913281030555066e-02,-5.859605120119828481e-01
-4.422094003713000765e-02,9.452585022521567404e-02,-5.420312154336946048e-02,-1.059198070294153360e-01,-2.937837202057345248e-02,1.001874245237072553e-01,-1.332046502037135816e-01,-5.553212416145904273e-04,3.161307280532942854e-01
2.792757353879093962e-01,2.317698773458217454e-01,1.417826215238584264e-01,4.504152863872788459e-01,2.562471466799026154e-01,1.981929780374924455e-01,-1.167205418923619731e-01,1.545749944396162048e-02,1.134104616340651628e+00
-2.808541047940907309e-02,-1.326476069762514420e-01,-1.005672682768894016e-01,-1.376517731956797275e-01,4.079161674111494995e-02,-2.777502292769883085e-02,-7.413796591664632840e-02,-2.298046584784638191e-02,-7.611337025710522841e-01
-3.742143338746996284e-02,3.966257405838041067e-03,-1.105130359725469968e-01,-9.434453349774403474e-02,3.812563423709110222e-02,-4.565336319838457502e-02,-1.784610671768058210e-01,1.651755321888024458e-03,-4.678024373247938739e-01
-1.748286955612297910e-01,-1.714533496383304489e-01,-1.466588603693773918e-01,-5.499721355511261872e-03,-1.539629061028912893e-01,1.171256649270386446e-01,2.846313869778863137e-01,5.683434074994760110e-02,5.129685483094872378e-01
9.545534836939241485e-02,3.457549355913843714e-01,2.455960999139417469e-02,2.555732380810298854e-01,-1.033587404963257211e-01,2.360379617256744833e-01,-1.094427275092819396e-01,-2.180220297067084201e-02,9.761104700911888976e-01
-7.314506249394432669e-02,-2.744785230651397012e-01,-1.180828632247322568e-01,-1.916417475316558594e-01,1.086307591730034314e-02,-5.927163766813231538e-02,-2.281540313610755377e-01,-4.817198167546866278e-02,-8.436322163717360212e-01
1.108964752910233664e-01,-2.331545805608420396e-01,-2.017344051728063581e-02,-1.149675947031213452e-01,-2.175529992855803896e-01,-2.064264320683143195e-01,-3.210157336176690246e-02,4.439897671505596728e-03,-7.225590428081661853e-01
1.202442138037887465e-02,5.688967821088382684e-03,1.025025492219580892e-01,2.612233640409145768e-02,6.053725959842030935e-02,9.864893539554459023e-02,-9.209493720762158830e-02,-3.087639118857359033e-02,1.128300230131231929e+00
1.026473799715076074e-02,4.027187891589832994e-03,2.433359060086513759e-01,-5.157693612381072934e-02,-3.051435495215111537e-02,-7.848929394708890894e-02,1.132757239371078306e+00,8.345569318678718040e-02,-4.259835029451887745e-01
-8.638441245334589624e-02,-3.326287109807459785e-01,-7.728161655138772457e-02,-2.094269378171769169e-01,-4.959179530619138576e-02,-1.179790652796969541e-01,-2.775107269060685389e-01,-3.537856927421244996e-02,-9.343435681375896751e-01
-1.094713603566622728e-01,-4.856130378210677528e-02,-6.889526115301608522e-02,-3.168615583348743242e-02,-4.862410486888237710e-02,7.143440970907218371e-03,-1.230993765731327183e-01,-1.146585216179117107e-02,3.469933152376359908e-01
2.200734209009547193e-02,-1.097117443563147832e-01,-5.441445625543519377e-02,-7.521147417525891887e-02,5.649115813272129194e-02,-3.943602744266648530e-02,8.715651992729329667e-01,5.069603711375111205e-02,-6.031103626361418168e-01
8.797113083094526553e-02,-2.122042346357783937e-01,-6.101457319297656778e-02,1.568865068885871294e-01,2.385883233113939017e-01,-1.343782439909579907e-01,-5.713517281711866236e-02,9.798934112274952646e-02,-5.974523622598265638e-01
1.654523110459517055e-01,-7.426121639882443670e-02,8.819274027836599555e-03,-9.524839447111213553e-02,-6.365609773564473439e-02,-8.279484725503357678e-01,3.825828093912589933e-01,6.996879252711259156e-02,4.643839694107754767e-01
-1.099655287837726647e-01,-3.090304540653883089e-03,-8.019871858878846460e-02,2.017940695352156422e-02,1.179246874342347734e-01,1.082925037014249442e-01,-1.275809462835288677e-01,-7.329647422322544889e-03,4.572085400580124803e-01
-6.925456527347245705e-03,1.560820336130496200e-01,-3.070569941794245791e-02,-9.292487469923133014e-02,2.621761003365045972e-02,1.787179497469994771e-01,-1.312098252297579648e-01,-1.418196722548043659e-02,5.855790127311969462e-01
-7.036188726824277317e-02,-3.028970689024229057e-01,-5.239612064667358016e-02,-1.527403705724272309e-01,-1.063911950387535707e-02,-1.634963174098032768e-01,-1.240194304064157760e-01,8.654935160696727858e-02,-3.154312391269645244e-01
-2.924518970315884148e-02,1.504220402212783914e-01,2.616892742058039012e-01,-2.755333991929304754e-02,-6.874638625491970301e-02,1.983645046011470459e-01,-1.196378216789171639e-01,4.290387953145579497e-03,9.440660680184775888e-01
-4.247121039536241871e-03,1.772456961698911510e-02,3.152503974398316866e-01,4.439565373035841284e-02,2.871343103374869934e-02,1.895262169678484931e-01,-6.992914507647174371e-02,-3.550939581407669410e-02,8.712150246583281188e-01
-8.217899534406636342e-02,-1.834859942321676596e-01,-6.967614049479400884e-02,-1.276636397881087959e-01,-1.646949605667646227e-02,-1.824468953859197384e-01,9.945291055055998086e-01,7.077883004991437910e-02,-5.904649678966701343e-01
-5.144354931799834801e-02,2.209497767977379179e-01,-1.884753816348466032e-02,-1.443873911060126469e-01,5.684205101957531814e-02,9.509312444899595262e-02,-1.481092381806218550e-01,-1.235707750970399706e-02,-1.336151591371094738e-01
-3.698079441211477025e-02,-2.540682411805273433e-01,-2.970444784356247869e-02,1.477877697855421446e-01,1.748669874561543588e-02,-2.020922523925053893e-01,-1.078151579163455637e-01,6.573284346975591386e-02,-4.279534157792528326e-01
-6.770708114767305663e-02,2.928336557084087327e-02,-1.348876720570234833e-01,-7.754098006339439630e-02,-7.529432930617542541e-02,-6.454112959289333429e-03,5.698657734980931977e-01,2.665793416036410166e-02,-5.597042508995547783e-01
-2.815280549391679932e-02,2.986290778632938459e-01,-8.994646512781766245e-02,6.997292433787041799e-02,6.416342535772338873e-02,1.644464855593516517e-01,-1.306203835207645214e-01,-5.953007764345591771e-03,5.740480575341282421e-01
-5.736703327063086277e-02,1.040533849457188076e-01,2.334316545944957189e-01,-9.440627811418834947e-03,2.100183209401559892e-02,1.808037676755968326e-01,-1.203201878364170974e-01,3.978343676459874731e-03,9.231828117572252745e-01
2.246145320568963821e-02,3.481889594112749786e-02,-1.180534702012511483e-01,-7.197587471535146775e-02,4.042627087928886420e-02,1.013140710564044283e-03,6.099010572115010076e-01,3.190196119404721531e-02,-5.405125798405968629e-01
-5.543479531803907623e-02,1.328296567839804508e-02,-1.291185251808126266e-01,-6.889786492160286657e-02,-8.728078489436004103e-03,6.815857269858557194e-03,5.868961692706800015e-01,2.558942874788133065e-02,-5.823067073789098824e-01
-1.211473788420971975e-03,4.398262133055683698e-01,1.178656964200113511e-01,2.919952557330210974e-01,5.134494695885737786e-03,2.706602480834299773e-01,-4.520973112044195802e-02,-2.701528553092820417e-02,9.262272928118961968e-01
-5.238420277060067826e-02,2.373397842832925264e-01,-1.888018951809794510e-02,-1.374906368660369915e-01,5.502047922856295042e-02,1.070946715734146099e-01,-1.370517680208757916e-01,-3.311775869834320332e-03,-1.037182794230320226e-01
-2.759255323288524464e-02,1.638324690876308831e-01,-9.883201450404527355e-02,3.731991596415729084e-02,8.111961044571341928e-02,-2.347509698237810333e-02,-1.250943970110540149e-01,-2.836422828556985076e-03,-9.481841567892371203e-02
-3.854021663244981688e-02,-1.746441072411850648e-01,-3.135109685232270044e-02,-7.341450622268968357e-03,5.356661821247607654e-03,-3.906838012108189429e-02,-1.940214853624433466e-01,-2.977561937348462834e-02,-6.889305862079903031e-01
-7.645930308003376363e-02,-3.627178210831502048e-01,-1.141599584081889329e-01,-1.949739045437317020e-01,-2.587259803675919234e-01,-2.289164969191693766e-01,-2.874732730887454846e-01,-6.536898776507527042e-02,-9.803166819047868241e-01
-8.928067183808202634e-02,4.848663524314365120e-02,-7.270614267650979401e-03,3.631148466340847758e-01,1.065673098464313961e-01,1.452029675009046117e-01,-4.894680388893696971e-02,1.245681873744687584e-02,1.091600590485068079e+00
-8.760451453144613154e-02,1.273393367042221364e-02,-1.027322194754119455e-01,-8.814259612949733314e-02,-8.401767934134701798e-02,-1.697199943130619781e-01,-1.924756077274956678e-01,4.649493320263627452e-03,-7.624512199090122122e-01
1.902815730876908362e-02,-1.570038707245544896e-01,-7.390757806001575780e-02,-5.421306658158843439e-02,-5.308908148012891903e-02,-1.066728267380152306e-01,8.204888350851543555e-01,5.378949636041836790e-02,-5.421332337248561117e-01
1.201778694471412889e-01,1.777517064292449128e-02,1.411889466160744580e-02,1.166979635420564987e-01,1.045985830183958215e-01,-2.446544150048458183e-02,1.185789969836194890e+00,7.701741461845480752e-02,-2.945328481778440866e-01
-4.434091158046916947e-02,-2.942013908124975208e-01,-6.214763566550067508e-02,-1.466535748726722765e-01,1.115631654685819291e-01,-1.114216342693702955e-01,-2.345220388203975437e-01,-2.570132384918957444e-02,-7.281004742631869142e-01
3.571558855923911979e-02,-2.411204463414677868e-01,-5.559448774726759301e-02,2.358878488180096711e-01,-5.728325051189404535e-03,-2.014065678842442697e-01,-1.169762924078114469e-01,6.494499110102755490e-02,-5.168827309226116107e-01
-6.843468110804769300e-02,1.477859605160390388e-01,-3.610247736491893969e-03,3.199098468869171485e-01,-7.489722418453409469e-02,2.413573359682109898e-01,-1.017454935510455627e-01,-1.479203753690107488e-02,9.562428448823719895e-01
-1.326639090618373096e-01,-2.216488302554821960e-02,3.557857293324970804e-01,8.873692902315710729e-03,-2.563140757538793363e-02,1.015564449154333221e-01,-1.428443200606087649e-01,1.778169138783227896e-02,6.583315365274654551e-01
-3.171312158868239139e-02,-1.504828457482036697e-02,-7.438250193188386539e-02,2.220811507581417141e-02,-3.097907487048305944e-02,-3.346080150485822302e-02,-1.601523718335475521e-01,1.058046880810646281e-02,-5.042397302291468097e-01
2.554258371287772555e-01,2.855988648817428532e-01,3.139148835543987270e-01,4.972708938988959493e-01,3.312521403644209661e-01,1.932564831837714769e-01,4.939443305997038292e-01,3.699876255320866392e-02,1.062423928882103352e+00
-5.364369804897312771e-02,2.329734452045534657e-02,3.199450402896880097e-01,1.549978752731460616e-02,-4.583130000450864189e-02,9.480525969755185245e-02,-1.234783621942325271e-01,1.456099353716843597e-02,1.012534347052838291e+00
-5.548513957125687790e-02,-2.052312045828763309e-01,-9.792067962872792741e-02,-1.361577492030629222e-01,6.409492107598016575e-02,-7.872606911274628028e-02,7.797117763915988320e-01,5.245631844374173958e-02,-5.794853961186342550e-01
-4.097700989165602159e-02,-2.791652354609933662e-01,-8.908590818773805264e-02,-1.243136958946578774e-01,-5.268215467339747160e-02,-2.245486575887119252e-01,-1.027537506046268673e-01,-3.097507002589784675e-02,-7.509943412895939696e-01
-7.693968037457826759e-02,1.454557471626824472e-01,-1.431867497383939036e-01,-1.096572597681564898e-01,8.891619992241628356e-02,-1.090075416408229497e-02,-1.638359060909819753e-01,-2.965715153731081355e-02,-5.828399147300725724e-01
-6.853140158195111797e-02,-2.782969868754602283e-01,-8.628075839333304575e-02,-6.102224505385292486e-02,-2.378593407969552265e-01,-2.150702563172354476e-01,-2.275041715910366968e-01,-4.841870337938640467e-02,-7.248075546730857743e-01
-5.577602697234673723e-03,2.587120143026618718e-02,-1.390322847119297711e-02,1.138395388998010987e-01,-1.506131516640590862e-02,2.117578685199580923e-02,-6.638583804872089100e-02,-2.260040659969109883e-02,-9.508998148429474717e-02
2.950084796820934274e-01,4.556619694397403761e-03,3.622133817889246488e-01,3.583563052158467710e-01,4.946235355310216186e-01,2.213152507563403426e-01,5.454294013793503648e-01,6.102181738256723387e-02,9.437516029464732004e-01
-8.705583654241777491e-02,-3.373511252730244103e-01,-1.237276944486594976e-01,-1.894976493267038209e-01,-4.807657067645422500e-02,-1.200301107460247096e-01,-2.826117809520393154e-01,1.615970091481726267e-02,-9.296861178636046663e-01
-1.437422571157037643e-02,3.528406389284968747e-01,3.036087184786753768e-01,1.311732771378689745e-02,2.017857052125288445e-02,9.795163278956263431e-02,-5.833498553389611374e-02,-2.570161673888041870e-02,1.083429465610499021e+00
-5.448465491813866968e-03,1.223324587131975061e-01,-1.217236877092526259e-01,-9.505133520921443813e-02,1.883936686206666988e-01,-3.637315734441638054e-03,-1.638075541149306424e-01,-7.138951211540310593e-03,-1.455304510491240155e-01
-8.381908835059613538e-02,-3.845347222002165055e-01,-1.246408373130918346e-01,-1.969175672714404413e-01,-2.151469984040783601e-01,-1.938631886248733394e-01,-3.027424063744030280e-01,-6.468081966086128287e-02,-9.724511423509618613e-01
-5.928246363117400941e-02,-1.089752894084468487e-01,-7.040928939863554115e-02,-3.635336862008037295e-02,-3.128640425631408484e-02,-4.550176165840495029e-02,-9.424999319800143882e-02,-3.129617767280717250e-02,-7.199361056986759433e-01
1.062133287828554845e-01,3.323855817141251889e-01,1.079156051617683604e-01,4.380256439611224795e-01,1.808534066228823650e-02,2.818596774009556882e-01,-1.204063558965898367e-01,1.751542678284164628e-02,1.066035216169319844e+00
-9.358332276946954020e-02,2.390984969911282010e-02,2.289864770894996238e-01,-6.767871964746190877e-03,1.206986839524545885e-02,1.292779299771584234e-01,-1.155711923401533670e-01,-2.557623319373268644e-02,8.676778046225529506e-01
-8.126595051581443629e-02,5.187721329557975353e-02,-7.332394600949619645e-02,-3.435014566805910663e-02,-2.421304713781241569e-02,-4.733976066105619745e-02,6.187720121130940720e-01,2.496329823683070617e-02,-4.907202038237498121e-01
-7.425208884566725231e-02,-2.299614906057511135e-02,-8.928705767429084839e-02,-7.749972331824596383e-02,-6.519011666363445923e-02,-1.870442491628349635e-01,-1.921792274547510782e-01,8.011162490755204327e-03,-7.553977728698104688e-01
-3.110394394132810769e-02,-6.541851485703346902e-03,-6.554034705494021784e-02,-1.982031985305390820e-02,-2.316563896047639515e-02,-7.102835026300874377e-02,-1.568771082643045656e-01,7.247082973502098555e-03,-4.634308459403038150e-01
1.782521414904421342e-02,-2.980879504012636239e-01,-8.012383046688276167e-02,-1.393984415698192036e-01,-3.303602714248326383e-02,-2.420214343254245837e-01,-1.561232360585120549e-01,-5.256688990483653762e-02,-7.757757905389843778e-01
2.094702877904366933e-02,1.609456731176509003e-02,-1.156583531991693496e-02,3.597756701858524919e-01,-1.036098142827786110e-02,1.129171482143407762e-01,-1.033890129863998808e-01,9.131845997537042098e-03,1.026318468503072401e+00
-3.403861258878400353e-02,-3.134911263399768888e-01,2.838415235697172578e-02,-1.669593519499146250e-01,-2.646443339279555551e-02,-1.864876909117965664e-01,-2.068397327314696610e-01,-4.614294351181094656e-02,-6.935449170706428079e-01
-1.038756418014266242e-01,1.865865266403731945e-02,-5.660157595258822477e-02,-1.352356714508711477e-01,-9.956572431326771166e-02,1.342569277674459383e-01,-1.367254595672006967e-01,-3.407501740394993858e-03,3.268981739326197178e-01
-1.171581646882691174e-02,-1.491589571612513543e-01,-7.159753292209317110e-02,-9.866380619874776103e-02,-5.356821626635554362e-02,-4.060088768649207369e-02,-4.947488824440422067e-02,-1.398436168725345277e-02,-6.654164468353800377e-01
-6.595838855753442809e-02,-2.413994800803586360e-01,-1.477030758601091120e-01,-1.401810767725832352e-01,-1.470727013394989569e-01,-2.089105624785449478e-01,-1.454638232091691741e-01,-5.389987627934861303e-02,-5.585083170943018205e-01
-5.807377364514650780e-02,-2.337100760112699460e-01,-1.237253881737389177e-01,-1.978600351783394995e-01,-1.660221053782545003e-02,-6.991238864331976444e-02,-2.679410160510695693e-01,3.055251253041583667e-02,-8.351323806502277680e-01
-6.598800344870008050e-02,-3.598910422577392687e-01,-1.129885076256395282e-01,-1.705161405276524322e-01,-2.564665633133288436e-01,-1.800802966635824121e-01,-3.144932061822477420e-01,-6.041291035862175751e-02,-9.526530524359012597e-01
-2.784614622608677648e-03,-1.282860793066129823e-01,-1.032519605937037843e-01,-1.240298153069515352e-01,1.432550899108742670e-01,-8.839917880272069040e-02,-2.205827614374493983e-01,1.852099584391107834e-03,-7.435149390962703109e-01
-4.949905761990664593e-02,3.400596381938865709e-01,-4.523192178682330922e-02,1.150139338403472627e-01,-1.801310467664256690e-02,2.768720706973095691e-01,-1.121293988274954800e-01,-1.562095468666191769e-02,5.509806081199183359e-01
-6.402593362833097768e-02,-3.914907069386346361e-01,-1.089088654073405021e-01,-1.940632085374226212e-01,-2.258676792734776451e-01,-2.868140632365312470e-01,-3.203472961121574536e-01,1.650947608130427097e-02,-9.898195439177630561e-01
-8.588181994200393132e-02,-9.276498112932955731e-03,-1.523385574243756868e-01,-1.800348234104107714e-01,-1.074721801743118432e-02,-3.873841646797496902e-02,-1.923013108801576165e-01,-3.416052982126451670e-02,-8.717730482985243112e-01
-8.660460310582226984e-02,-8.132591915258996496e-02,-2.645998530181908892e-02,-3.634825394487456451e-02,3.675547257610606994e-02,-1.734978927475978039e-01,1.110012699774606038e+00,7.886294342224722809e-02,-4.462241583052352634e-01
3.701007578183895808e-04,-1.914250872152512273e-01,-6.668097556267081616e-02,-7.993855192941454191e-02,-4.607928975802514510e-02,-6.134974562012563554e-02,-7.627793216543236887e-02,-1.072046371324919360e-02,-6.682827424775625857e-01
3.590411383971342518e-03,3.518385401608601359e-01,1.176069791614934787e-02,2.002836077536529480e-01,-3.206835418904048496e-02,2.747351025630907495e-01,-1.054611165506707665e-01,-2.613011441122345402e-04,9.534453173065983167e-01
-1.171581646882691174e-02,-1.491589571612513543e-01,-7.159753292209317110e-02,-9.866380619874776103e-02,-5.356821626635554362e-02,-4.060088768649207369e-02,-4.947488824440422067e-02,-1.398436168725345277e-02,-6.654164468353800377e-01
-6.781728911816387040e-03,-2.185899838654049299e-01,-5.509937597964843781e-02,-1.396944007802955745e-01,1.261292605192315952e-01,-5.689238095700556441e-02,-2.439630737310886921e-01,9.454877456400469921e-03,-8.037243202102691830e-01
-3.268592634870143288e-03,-9.842167281556678249e-02,-4.107546376205781918e-02,-4.489698001925099963e-02,6.689794150316158428e-02,-1.530687629503239000e-01,1.075255669110655399e+00,7.990698613922921079e-02,-4.257413208139587679e-01
-5.073973018585067885e-02,-2.802424888249526180e-01,-3.752753118408257843e-02,-1.558112157704698297e-01,-5.697800867796183610e-02,-1.489452783359172805e-01,-2.674326011305804274e-01,-6.804823240155725983e-02,-8.373148968653536528e-01
4.922907544534891322e-01,2.621377031698110191e-02,3.748136379468295365e-01,3.105266630434709921e-02,-5.885106130060674401e-02,1.113442488096929167e-01,-1.064203233320459713e-01,-2.294807529462694271e-02,4.480646256397760041e-01
-7.901628615879606465e-02,-2.032740425859245748e-01,-1.049115445682029801e-01,-1.672722847858248985e-01,-8.741396599544715151e-02,-1.610461237285880365e-01,-2.364174260950769602e-01,-4.780464828903178975e-02,-8.592724879412025896e-01
-3.924594679746436221e-02,1.372352566143952568e-01,-3.639129282346211663e-02,9.033219715672191619e-02,-6.603474346274662565e-02,9.159853257663332082e-02,-1.147896406550982934e-01,4.514898871008319117e-03,8.023650859294600979e-01
-1.680798237872828393e-02,2.945264137398766469e-01,-8.118467222766435898e-02,7.798774831116121742e-02,6.702946324089725794e-02,1.720384158880779724e-01,-1.207694035275637678e-01,-8.413034295284253436e-03,5.832214849102510534e-01
-1.979615848947027801e-02,-8.571951016302323256e-02,-1.138683996646211588e-01,-1.640269946858695094e-01,4.645258174160567244e-02,-4.795985636648342210e-02,-2.334262186573218267e-01,1.021610880349548695e-02,-7.685139191852203844e-01
1.672636062194619022e-01,3.587132807621625230e-01,4.538308641301213447e-02,1.337577323718513456e-01,-6.633219545703650244e-02,3.581646750091632136e-01,-1.085936269059734754e-01,-2.776954922407463139e-02,9.671155434494520531e-01
-4.317857728629898029e-02,8.104941223499527447e-02,-6.366112430492777696e-02,3.944243393373202122e-02,-2.878517625217832943e-03,-1.806334369799711403e-03,-1.538123599090625571e-01,-1.132640276046889202e-02,-3.169496358922511137e-01
-8.184270246654870573e-02,-1.442032812581178769e-01,-6.172776791585490863e-02,-6.962172779621439433e-02,-9.562704572166849659e-02,-2.110751209257259176e-01,1.164166782449327808e+00,6.472940731813396631e-02,-5.060919457363126650e-01
-8.887113078368397145e-02,3.190714509625561246e-01,-1.790981184495337580e-02,-1.035963953411497968e-01,-6.953429575084772718e-02,2.067328463384901782e-01,-6.972646270500654220e-02,-2.862012316376173066e-02,5.725188083648611315e-01
-9.815257597365108222e-02,1.578403430302381949e-01,1.393537964159613785e-01,-6.232325427409384638e-02,-8.735132895258795882e-02,2.220912550102545069e-01,-1.305808982282115061e-01,-3.178123318138027786e-03,9.589387444324986021e-01
-5.282784244246759020e-02,-3.686103239980150770e-01,-1.155444390934500937e-01,-1.922209360308358983e-01,-1.133790574113163890e-01,-1.314941463809851940e-01,-2.007169130793600154e-01,2.776170250096387723e-03,-4.895770354023231130e-01
