1.060135765293770405e-01,4.772933472931782661e-02,6.137459850942027229e-02,1.920250978604153280e-01,-5.498669099796660992e-02,2.719633933336575160e-02,-7.591228668255102507e-02,-7.291405774414171093e-02,4.228657857814079046e-02
1.994569139487297471e-01,1.070171391948354783e-01,2.988750649673463378e-01,3.890715437137357569e-01,-8.022656264875918652e-02,2.006805718440939912e-01,3.973572894856952642e-02,2.164989833395936536e+00,6.759326054423796248e-02
-1.320906344939382637e-01,-4.987826864421813361e-02,-2.923369330741981686e-02,-1.313105082123798562e-01,-2.748240488557824879e-01,-2.473111340531388216e-02,-1.338343917823952844e-01,-8.507722902096166717e-02,1.349083292002960233e-02
-3.505956026007428505e-02,3.324016716312096220e-02,1.161107440652568018e-03,-8.364533686854688788e-02,-1.800802728656511476e-01,-2.556197106823212412e-02,-1.344236012594896557e-01,-9.310151299497880506e-02,1.282712042128889701e-02
9.588555725045910805e-02,2.594196046454251559e-02,1.698650054790863673e-02,1.546049430658198720e-01,-7.251647846162234679e-02,5.425757890577872361e-02,-1.090216079927139869e-01,-7.347913700979638585e-02,-2.694491421661341507e-03
-5.332422301449379898e-02,1.264384137128930080e-03,-4.095019691182053001e-02,5.631756116018593605e-01,8.867064297665324668e-01,1.710873226730932894e-01,-8.991464094532231055e-02,-2.272505785853822999e-02,3.200348332260935513e-02
-1.043614937788435726e-01,-2.131104659972146362e-02,-7.361042756008756571e-02,4.642134517209621780e-01,7.003553018933363905e-01,1.101212103798164255e-01,-1.072869299977261270e-01,-4.256648655394927594e-02,1.469773680993161080e-02
-5.931685153471474847e-02,9.250627529385494624e-03,-5.935366494205758514e-02,-2.038323031652049810e-01,-1.205031187854207209e-01,-9.642724994400000971e-02,-6.707642488833867600e-02,-9.643982582259234826e-02,-2.812407825097870337e-02
-5.601517689365059782e-02,1.153149092344235294e-01,3.538645453104871663e-02,4.503428357011913796e-01,2.726131302175247018e-01,7.639111044704667564e-02,1.232421267143623822e-01,-5.279781636222181940e-02,-4.725389701020099587e-03
9.058404396918406931e-02,1.651526190762777485e-02,-2.995873340730064588e-02,-1.621883735044740704e-01,-1.485728126598292453e-01,-5.196206456710329713e-02,1.401992801020882640e-01,-8.432691085229061800e-02,2.329821288970309462e-02
8.945208603367130196e-02,-3.697515025009832923e-03,1.926532291872226632e-02,-1.563215181980086299e-01,2.148097792833236763e-02,-6.534552545332868168e-03,-4.805546519534049932e-02,-7.196580892757176162e-02,-4.011938684797253934e-02
1.078216076847312022e-01,1.024936190749031750e-02,-2.319077872106477950e-02,-1.301302152242794496e-01,9.489176326416827456e-02,-7.342684601728677318e-02,-7.522799753963500813e-02,-6.443270406201143108e-02,5.668266975926336548e-02
-1.050331130516344857e-01,-3.090349304533322738e-02,2.235193745940467630e-02,-1.866482020913875495e-01,-2.104321643964562893e-01,-1.635828555503939796e-01,7.362907528727929973e-02,-1.253959785029081508e-01,-2.505792543986124984e-02
4.320761299137040878e-02,1.599592047170205616e-03,2.932746050947008035e-02,3.067091855819920054e-01,6.097770321515970648e-01,3.927676718176696946e-01,3.496293309178433728e-01,-5.321799623328438145e-02,2.080982023821032964e-02
3.035186553041968605e-02,3.892801292928113610e-04,1.061909274466888570e-02,8.366956731555023896e-02,2.713418736901945238e-01,1.109971021758122400e-01,-3.266759247329880517e-02,-5.778923286005103327e-02,2.950558688445854144e-02
-4.210328987696887459e-02,-3.210948895757557986e-02,-5.749646161151984736e-03,-6.631296548224951959e-02,-5.982965771719758741e-02,1.790107763247208716e-01,-6.755338651087353097e-02,2.029986643649953848e+00,4.734119973338418025e-02
1.545179921442135784e-01,1.646226294884492458e-03,-2.039967356336737023e-02,-2.520324995066209328e-01,-1.920043131981676865e-01,-4.564464179415575473e-02,-3.444318999260514991e-02,-1.101539821589387624e-01,-1.665931138751665375e-03
-3.929822316816544703e-03,-1.452700768850823665e-01,-8.492184726058274458e-02,-1.377674646288374327e-01,-2.982328816370346525e-01,-6.514407767838600871e-02,-1.694990845447033878e-01,-9.529008628261317893e-02,-7.043578004245862334e-03
-1.449731305170402773e-01,-2.677367694431139616e-02,-3.484315641259006641e-02,-2.626739790064527291e-01,-2.455139092653839117e-01,-9.268932471622647051e-02,1.504079983819580843e-02,-1.013819312514392113e-01,-1.848723038795782592e-03
-3.451812763684197760e-02,5.191138388222552025e-02,5.955008205996073500e-02,-1.230663057569165442e-01,-6.857419165878017586e-02,3.046604144033385891e-02,-7.192486226490890644e-02,-8.426469914637507719e-02,4.934673767001732103e-02
4.190282207117840274e-03,5.757360097549124589e-02,-3.337335514235026390e-02,-1.030917903719070494e-01,-7.751916119784113546e-02,-5.842907568383768485e-02,-1.536086514389370383e-01,-7.002481938232385517e-02,3.879260225933285622e-02
2.268469659057731347e-02,4.114317337023207927e-02,5.064837021254412625e-02,-2.292447918269855944e-01,1.938235015188535248e-01,-8.844283966275129361e-02,8.526382533790027862e-02,-7.222776398919486529e-02,7.466412139753325627e-02
1.047267089883476276e-01,1.146530703780269250e-02,-6.293869599934100167e-02,-1.364800481102372565e-01,-2.816612847509294970e-02,-7.656845918234775339e-02,-6.107420363834627913e-02,-7.587054648920910083e-02,4.565635837982771200e-02
-6.079413949811907081e-02,1.148863791439504872e-02,-7.017215577373253632e-03,-1.310852857455013232e-01,-8.380213356670251912e-02,7.047573557174313663e-02,-2.319329634374998894e-03,2.008756544100729347e+00,3.734571722392492077e-02
1.861641272438168682e-01,3.064801730576405953e-02,-3.241057923782716954e-02,3.916498087146025320e-01,-1.366668683099768189e-01,-2.711017852082233531e-02,3.158152001980530366e-01,-1.210237355251149727e-01,-3.402866501979000258e-02
-8.178945233083920185e-02,-3.478890219354643931e-05,-2.146899470061660459e-02,-2.947508851585985967e-01,-1.785560546582725394e-01,1.063865730867561907e-02,1.667895981613996825e-01,-1.055591688311206949e-01,-4.524783827886746240e-03
1.005004217599931582e-01,3.179510274260946567e-02,1.236419134427985678e-01,2.311361094538791350e-01,5.523120922315833958e-01,1.355311558341292799e-01,8.939037887132360999e-03,-4.185595473780608089e-02,2.231660188105407186e-02
8.395436206264977885e-02,-4.698671100130476924e-02,3.298396586582962031e-02,2.834958941658669573e-01,-2.378232513813773319e-01,-8.682567592533434186e-02,-1.426355491622517402e-01,-2.308814074965308549e-01,-6.994674253297565591e-02
1.003676996035808844e-01,2.756277241816786766e-02,1.157093175854559397e-02,5.376438657933548804e-01,6.179683079892168696e-01,4.897508948733688555e-02,8.206820634890801824e-02,-3.289432924651620321e-02,3.648068438945122755e-02
1.292076022971773708e-01,3.605490785303783197e-03,1.225521878685924271e-02,2.450533258250929269e-01,5.024018760008593931e-01,1.104101030418282864e-01,-8.190383878818011110e-02,-3.924416843973129593e-02,1.628233305060348968e-02
-2.033530881725115202e-02,7.188539809038468897e-02,7.810890653568534903e-02,1.440145452396086878e-01,-4.539030934347529356e-02,7.395621829230611399e-02,-8.818589125887868474e-02,-7.911330914466274677e-02,-2.655554585167012663e-02
-4.897132460813408139e-02,4.440868826455392215e-02,-1.489906502813688124e-02,7.010959412380115552e-01,7.786666654603768833e-01,9.842126786130610261e-02,3.644767481562111167e-01,-4.478097042802538230e-02,4.738262239211199489e-03
-1.452970849368744322e-01,-2.970140551309573274e-02,-4.599717866016553303e-02,-3.141226551762522634e-01,-2.114348930410497873e-01,-4.875550643364724712e-02,7.360799794776269611e-02,-9.835811295286618627e-02,9.278821588057858949e-03
1.401008997525827748e-01,-1.648856272408994184e-01,1.164822079794316234e-01,-1.985882405365367587e-03,4.000063780143369163e-01,2.678845202475882425e-01,4.344336049017703122e-02,-9.140532100742496113e-02,-2.253802982838604141e-02
-4.633128639207723110e-02,1.582878583743955320e-03,1.555668559985958627e-02,-2.325330390537942715e-01,-1.627708968103947773e-01,-2.116973475654634895e-02,1.048200629893076830e-01,-8.996473412074321163e-02,1.164715856369923780e-02
3.239518357101915935e-01,2.621567018294668205e-02,6.708742289391771141e-02,4.307221374120528412e-01,-1.676616698095502803e-02,7.573731078824758045e-02,3.724461463682685602e-01,-1.178629191564756484e-01,-1.246399377614548429e-02
2.621993159115333372e-01,4.232318831663679087e-02,1.297280827285086646e-01,6.190595491089539992e-01,8.350265267351478782e-01,8.032556175676027754e-01,5.477939527907612627e-01,-5.119533528425994351e-02,1.923049605382182864e-02
8.823186149884137963e-02,1.794698920044064672e-02,4.127859312913041007e-02,-1.349252357471915631e-01,6.305563951538159517e-02,1.568023337700093223e-02,-3.871395626978109406e-02,-6.551464227316472488e-02,7.662686135829391287e-02
2.597292911917048475e-02,2.936440675887552407e-02,-4.418769921044815585e-02,-2.012961964301680506e-01,-1.498922683122251576e-02,-1.220907722681969509e-01,-7.689866528153913028e-02,-8.602043543979763507e-02,-2.394176378493173551e-02
7.272593658681475448e-02,6.362068347866547957e-02,-1.169619682891440138e-02,3.027633827256712706e-01,3.566953557904392613e-02,1.338284423837036996e-02,1.068318278201691174e-01,-6.211640993803161509e-02,2.870827271136616732e-02
-8.426947663050121662e-02,1.750191692647738717e-02,-2.309164692809194397e-03,-2.096322252472278269e-02,-1.478520389168764826e-01,1.381729804316685906e-01,-3.640763178335668093e-02,-9.457449856487953888e-02,1.340272768806001491e-02
-2.934529629699583753e-02,5.529652624091545288e-02,-1.375428606317993796e-03,-1.201596269441953524e-01,-7.528095701145233465e-02,2.092281154872781268e-02,-7.346720873901602111e-02,-8.433762434789462969e-02,5.198301798494309178e-02
-3.026027518046509046e-03,-7.311437445506928368e-02,3.629897815910908265e-03,2.671969978517058086e-01,-2.678400571012707898e-01,1.077377767095426264e-02,-1.263975884678099071e-01,-9.015099600742648711e-02,1.990363284523652410e-02
-4.236954609064910726e-02,5.244948776188469719e-02,-2.169409095358319425e-02,-1.967762149872075428e-01,-1.125397284166163997e-01,2.465169842012011545e-02,-6.482806736876363385e-02,-9.831291315906783013e-02,5.225463167370529571e-02
-1.511868444356621877e-01,-1.260470583313478068e-02,-1.693950519579286509e-02,-9.175395790496954085e-02,-2.688598814990068586e-01,-5.566659478869984135e-02,-1.620849081401272429e-01,-9.104996106355438268e-02,1.534264571039387418e-02
-8.100559905134965821e-02,3.078226229981763720e-02,5.853193349456272537e-03,-1.438661619209566922e-01,-5.562693393040198109e-02,-1.028607385134064633e-01,-5.295681636832481887e-02,-7.579078120138509067e-02,7.103669962496379775e-02
2.487360768241987652e-01,2.118681376155443635e-02,1.162670651990990178e-01,3.586316958364060836e-01,4.961638021185998948e-01,6.596306311313555604e-01,4.425381666962355243e-01,1.220485287565269195e+00,2.677639195599606364e-02
5.186627975570340388e-02,4.322445999946600281e-02,-9.302587973552090689e-03,-3.672338399942829540e-02,-9.066114799728730578e-02,3.386491190274293350e-02,-1.287738405886499835e-02,-7.519661341510978925e-02,-7.116746467390716591e-03
1.411158159487083119e-01,2.214607106728257863e-02,1.610722416083391895e-01,-1.844963267493507364e-01,5.473411821873032101e-01,4.778431175404755649e-02,-7.055831719084662557e-02,-5.680358222834280130e-02,-3.982392815094194793e-03
-1.235880774145829974e-01,-5.031852285566339178e-02,-1.785112660124720668e-02,-1.080814001360774629e-01,-2.123658120091988788e-01,-4.794895208608607184e-02,-1.241578850836242975e-01,-9.634678054718243123e-02,-7.860156180663678549e-03
-1.431512692507055373e-01,-6.773960686055671698e-02,-2.259691972511055497e-02,-2.443101128132370015e-01,-2.314165170990206133e-01,-1.892854568228368589e-02,-6.117820304597657716e-02,-9.494626198393388283e-02,-7.254331337608055374e-04
6.004189295945100424e-02,3.290490061847139297e-02,1.534304967218982213e-02,1.687618933830081214e-01,-1.066851589613918294e-01,-6.652807769197829901e-02,1.626953992964070561e-01,-1.298532524041909331e-01,-1.497041990991690788e-02
2.734677397002178156e-01,2.107329218342093163e-02,1.264045341316423487e-01,6.310936449366393308e-01,6.552792426607096932e-01,9.330353567043300211e-01,4.969093448800619428e-01,1.441404983315367927e+00,3.439846172966588150e-02
1.278377311739424815e-01,-1.309762214150742357e-02,-4.470002318950488246e-03,2.705351625672680060e-01,4.601610661370938299e-02,-1.075400745435213523e-01,-1.483180569138179139e-01,-6.648548968033218820e-02,-1.126657223902883392e-02
-5.338490016252450676e-02,-3.698724518847910231e-02,-9.462857149673251089e-02,4.474205154874521528e-01,4.287986288895608844e-01,-1.687346020678657799e-01,-1.203873249165628712e-01,-2.525621880936067543e-01,-2.348976227891946544e-01
2.147019015849218615e-01,2.487924037894657936e-02,4.822240948822456574e-03,-1.416654592578779348e-01,-9.524095783319970476e-02,-6.535622298945600872e-02,-2.147024979152084914e-02,-8.172212239588934335e-02,-1.081224687437062904e-02
1.428351131583337486e-01,5.861768744436211820e-02,1.104899255349323373e-01,1.183643852823076381e-01,5.190505802944531677e-01,4.480598846032372851e-02,-5.734366446587704780e-02,-4.504220179323543960e-02,2.540208729772487628e-03
-1.420527480009791677e-01,-1.755888792791583664e-02,-4.265975099453069019e-02,-1.786934445905057345e-01,-2.417302051197955104e-01,-8.818221255516289769e-02,-9.279339249030393866e-02,-1.023621201170223372e-01,4.659108389411810436e-03
-5.893634337443401372e-02,-1.791336463187677419e-02,7.014426704242852223e-03,1.383743377412076925e-01,-2.265219742521301649e-01,4.852493158265311357e-02,-7.845516712342835708e-02,-9.347821702061222260e-02,7.421592382094072821e-03
1.025659386227642245e-01,1.438997416632979004e-02,2.604562881736351837e-02,-2.815683688977988486e-01,6.371447737271661305e-02,-1.157785576476147438e-02,1.469104865436280105e-01,-7.605979348263786077e-02,-3.320249135555576603e-02
-9.465955490066152445e-02,-3.196212788240372638e-02,-1.454020177780745299e-03,-2.278296456887504151e-01,-2.529344114964995338e-01,-1.381738383788020663e-01,1.790449390159924992e-01,-1.320477931544060957e-01,-3.003426210797659549e-02
-2.993615793413406667e-02,-1.120072458392356446e-02,-2.801179566754885206e-02,1.337430689200702350e-01,-2.055962319622076373e-01,2.419208913433949781e-02,-9.983935150307896023e-02,-1.431677919486321338e-01,-2.279039027005628007e-02
1.607275669909036253e-03,-6.470276367300240028e-02,-4.713248998105561832e-02,4.581592029470640259e-01,6.498407824375551645e-01,-8.215931162662770681e-02,-1.004484568615680584e-01,-4.024533600408848610e-02,4.808987744052324598e-02
-4.182544115128039586e-02,1.526504562794291087e-02,-7.291763647881033261e-03,-1.991495258525114442e-01,-2.293075666544104260e-02,-1.032700167359960064e-01,-4.069018783182003218e-02,-8.321008024443060647e-02,-3.905948723653707155e-02
-1.083875103730786438e-01,-9.693213431322117435e-02,-6.027260466729308930e-02,-1.693591845925982997e-01,-2.434717701988655114e-01,-4.459206755290482521e-02,-1.378745291332938439e-01,-9.433244809887428306e-02,-3.963947454873672366e-03
-1.117524264159880931e-01,-4.137177592040395396e-02,-9.423392511493128287e-02,5.770072733474753690e-01,4.779540983718052471e-01,-1.005921161266155883e-01,7.752518510249722938e-02,-3.953635462850204479e-02,1.272695946003876005e-02
-1.586147301713430879e-02,8.773324782477719130e-02,2.251637416689543716e-02,2.458271355940373493e-01,-3.615011715235719181e-03,1.028281885830807998e-02,1.060976430475214366e-01,-7.062265732307178301e-02,-1.579959249405771954e-02
-1.126650228733576398e-01,-1.963090265096655018e-02,-6.984931787921777602e-02,-2.482327570854172549e-01,-1.797308703807418417e-01,-1.155364955258132154e-01,-5.308737701539013865e-02,-9.677210760623371211e-02,-1.032481133566286874e-02
-6.083648816961678696e-02,4.083599674572973431e-02,-1.147863812884519427e-02,-1.740285405565706600e-01,-8.986079769700267006e-02,1.554292461251544771e-02,2.165179404032340632e-02,2.040051548402308512e+00,2.967543862653895109e-02
-1.337969313887686917e-01,-7.408803492529444923e-02,-1.062012645461492821e-01,5.705660698307098155e-02,4.530168034445258840e-01,-1.642538501803675888e-01,-1.042799193956925191e-01,-6.281188467073373083e-02,9.773890788126432527e-03
2.905504687352672422e-02,-5.351561382152203450e-03,1.544643927943489814e-02,9.955969448987014858e-02,2.610285699781743074e-01,1.350192096894864413e-01,-3.282830611354241312e-02,-6.145199417262404290e-02,-5.065104920125462762e-03
1.550475903148403334e-01,7.526814561248963698e-03,-2.454328708136694140e-02,2.850786102527862187e-02,-3.691966072771736551e-02,-1.300621858615043647e-01,-5.652634170329320917e-02,-1.478505378366299361e-01,-1.051677769532530643e-01
5.124640214765788238e-02,5.877599952031890840e-02,1.756403293182459968e-01,3.053295389982494945e-01,6.614846893583674614e-01,7.844394742572803614e-02,8.113916288442261926e-02,-3.633934508816289571e-02,2.629170613720937036e-02
6.875935897369217509e-02,-1.274289930538126045e-02,7.535597943950535227e-02,-1.501289014272013667e-01,3.329944978770800201e-01,-1.844738023384236841e-02,-7.917392035431872199e-02,-6.670981937149160490e-02,2.776196293067869497e-02
-8.482110795921085633e-02,-5.115086917665562921e-03,5.861815693109683617e-03,-2.096324937187053761e-01,-8.048711076987706547e-02,-9.988178604972572372e-02,-4.866856310693692955e-02,-8.605281176905049678e-02,-2.388003225156202711e-02
-1.748816048332973716e-01,-4.864838998979092999e-02,-4.974383170483262506e-02,-3.952714757111547295e-01,-2.441386534852931778e-01,-1.220631256007346649e-01,6.799612369015436975e-02,-1.045217889715280429e-01,1.562390240689903384e-02
-6.020086276534933334e-02,9.324370462267157073e-03,-1.004641342388987515e-02,-3.178990128763585221e-01,-1.870678898423720482e-01,-9.133272112195522929e-02,1.190406044197645369e-01,-9.830440380013612256e-02,-1.114371064447967907e-02
2.903637529854619093e-03,3.123190689683894364e-02,4.164721035785672043e-02,-1.790077797006016103e-01,4.367883961810113680e-02,-1.025184910537723371e-01,-5.276890857583631245e-02,-7.700058542352568314e-02,-3.542140970877535183e-02
2.778143548007780961e-01,1.765862044478577475e-01,2.271158089863186957e-01,3.653295600056744585e-01,3.157558473741874788e-02,3.119333375505701222e-01,1.452010564171100637e-01,2.094001320078382467e+00,5.237025789126833336e-02
1.101299618358517474e-01,-7.177777101726325049e-03,2.436827665697735568e-03,1.066027686655318663e-01,2.459918756682595298e-01,1.380200146599027677e-01,-4.700756137706822713e-02,-5.858428611440749667e-02,-1.126127649555901805e-02
-6.958146677625232090e-03,7.003505435467186763e-03,-2.873274025261295453e-02,2.201815149587759424e-01,3.652092040304650844e-01,2.194443679955806747e-01,-1.110403980741716395e-01,-2.473311562806941033e-01,-2.511633457197995356e-01
-2.916923766423290543e-02,1.331038694660070104e-02,-4.474797463639542533e-03,-1.279343990714265356e-01,-9.493137428713022130e-02,1.047160828804992450e-01,1.391476015664533938e-01,-9.233344310925631349e-02,9.328335159728730341e-03
2.865354750326618016e-02,4.559806956019351459e-02,4.846746802595879727e-02,-2.074616971647128272e-01,4.850798497462303904e-03,-9.003040070053511257e-02,9.708487867168746899e-02,-6.201491388109073993e-02,1.002268470852680365e-03
-2.099369505019282878e-02,5.416536502797075769e-02,4.628559077329792715e-03,3.484939736201636551e-01,4.410209327542818913e-02,1.174633085815169897e-01,1.524311881203179453e-01,-6.669959404335895625e-02,-3.624058087129115868e-03
-1.089503591252612147e-01,4.477254035828062695e-02,-7.271305397794596004e-02,-2.292751798372776317e-01,4.920799865362318615e-02,-9.720060261261487256e-02,-5.822125402785440634e-02,-1.053863990891766855e-01,-2.282415369972377525e-02
-7.376557938384256663e-02,2.372917471878565818e-02,-8.391879049230815263e-03,-2.338868745727822884e-01,2.093707757600321226e-02,-1.075105539292296047e-01,-5.502412645971691690e-02,-1.085456931959539878e-01,-6.012663195321781007e-03
-3.765826991497969733e-02,9.465917568670279003e-02,-7.483235758121736803e-03,3.095712386921559145e-01,-7.815519809077230151e-02,1.302530807688584077e-02,3.673651074827971597e-02,-6.675068975482831291e-02,2.551164601391966644e-02
-1.488222737159519138e-01,-9.624959826991456857e-03,-3.368168443973643816e-02,-4.312621478703308059e-02,-2.734922503387330894e-01,-7.400528486677937501e-02,-1.324560859362321208e-01,-8.792139230052331555e-02,7.113568698397271239e-03
8.292273957441262389e-02,-5.474267376699881033e-03,-1.872864410885913961e-02,1.334783439102708580e-01,-1.569271701252872298e-01,-9.442113190030861081e-02,-1.101677316839720228e-01,-8.220021146482521524e-02,-1.522437281045918751e-02
2.535007092855379174e-02,-5.379265763149447543e-04,1.194312550766678804e-01,5.992704213026488480e-01,8.041493012993268241e-01,7.235221637424874563e-01,4.815914045189247372e-01,-4.787249286797140568e-02,1.272670981106356278e-02
-1.288266044166428703e-01,-3.821263327688597528e-02,-1.743848522244753618e-02,-2.651410802862037008e-01,-2.538715447952198945e-01,-7.053982359706426064e-02,7.030752880411727385e-03,-9.664708584598674657e-02,3.042849675751826272e-03
1.997513889397647957e-02,4.439285489113491828e-02,-7.620136716917025321e-03,-2.453299663761784877e-01,-1.772037089079980532e-01,9.134975602719440368e-03,9.588258503493224394e-02,-8.984527652948548493e-02,2.564626282986372935e-02
-1.136585033127775479e-01,2.023584991790534915e-02,-8.746282152651618097e-03,-1.320108329052337992e-01,-1.801118968578418467e-01,1.426706267321810329e-02,1.331981789550534534e-01,-1.179908116872056267e-01,-9.824625619816226146e-03
-1.766878235958264931e-01,-5.917282093737864790e-02,-3.612780996450463272e-02,-3.286025934063109277e-01,-3.316601217505175114e-01,-4.767064595900547680e-02,-6.536166257075309849e-02,-1.156806605770837049e-01,7.043179001249639387e-03
1.447437275688207570e-01,6.062772895280630486e-02,1.971248708311265641e-03,3.242525954672504929e-01,1.104827266637849192e-02,2.654466719270544284e-02,-9.097614370499640390e-02,-6.390878964062837730e-02,2.583628063139825626e-02
1.208052299213745878e-01,1.988236479499853882e-03,9.298650490433249538e-02,-1.374642088085331060e-01,-9.645592076739342713e-02,-5.865429671489399976e-02,-4.115670553078101812e-02,-1.075979093260363006e-01,-2.018828815285661493e-02
-7.338407900756435676e-02,-4.071349666036928883e-04,-2.704258142060034925e-03,-2.932449062569553733e-01,-1.618790500585679248e-01,-8.513843228805396957e-02,7.254278667426383720e-02,-9.971766582413804647e-02,-1.823506522382612946e-02
2.078915115279481030e-02,2.663447402649354520e-02,-9.896382379009263652e-03,-1.325747510120511841e-01,-1.756963760591131740e-01,2.854610219952288461e-02,7.507409517931197540e-02,-8.742033703293633495e-02,2.451317486770475743e-02
-1.109163636900429850e-01,-4.293065698880238479e-02,-1.240523598910755476e-01,-1.802706842778791230e-01,-3.511324774157228434e-01,-5.988168261220126048e-02,-9.366540179780619146e-02,1.937580133476066946e+00,6.219384931950950463e-02
1.001847555798240363e-01,-4.149785165320853814e-03,-1.762776202016518717e-03,-2.141070648792561260e-01,-3.536739624974732238e-02,-1.277967299258672140e-01,-6.992627214095406551e-02,-7.643909413333753455e-02,-3.972482746089356365e-04
-7.422248460150981941e-02,4.475601514147624360e-02,6.814231655754607320e-03,-8.101328398357950100e-02,-1.178423190624688505e-01,-1.017710214102541116e-01,-6.150184743562637363e-02,-7.712069908398716533e-02,6.301830761460514019e-02
-1.184489535442796171e-01,-6.064882590355183400e-02,-7.647406001716655632e-02,1.337216071867341760e-01,4.465699716671191477e-01,-1.587840591840621873e-01,-9.891650609882494949e-02,-6.381059571267633235e-02,2.799599882085116592e-03
1.037522989907811721e-01,-1.278764943305643609e-03,2.266868923251674772e-03,1.675452270779816955e-01,-4.521832990538821040e-03,8.056858616188229683e-02,-1.260223782431523776e-01,-7.008918799694946467e-02,2.949059312209551670e-02
3.925734852089576843e-02,4.125212059722374591e-02,1.414432816845545213e-02,3.294710538168933445e-01,2.216528246365370436e-01,1.020365086824694678e-01,-5.800363247998889527e-02,-5.433029332584562304e-02,-3.842991327932841067e-03
1.062313535993064662e-03,8.094708097191899432e-02,6.099079670587751606e-02,1.384335997871429802e-01,-5.914731979216596158e-03,7.214464113663171529e-02,-3.587694449443469547e-02,-7.343353515474113080e-02,-2.510140835759579539e-02
7.722809382944884060e-02,3.824547955118228620e-03,1.256588179623106816e-01,-1.482974979569570140e-01,5.710846619230446342e-01,7.439041217408400020e-02,-5.838087253067057725e-02,-5.630319869541462741e-02,4.125953377441073100e-02
-1.347655812877632808e-01,-7.316231082690460852e-02,-4.758965138303774406e-02,-1.209234518241780465e-01,-2.932167994476336248e-01,-7.639295178080285353e-02,-1.258139113199571169e-01,-8.154734589426632096e-02,1.944071797767809445e-02
6.277941247646370848e-02,8.751412464145905817e-03,1.301886064727919914e-02,3.727368470577831217e-02,-2.125128885991754008e-02,-6.525060593107100126e-02,-5.679196227949616371e-02,-6.468335083417028897e-02,4.858512509872654761e-02
1.298641239618811005e-01,1.984821424904176235e-02,1.315434709865042490e-02,2.914253755579189198e-01,4.042919054135832857e-01,1.378048714236093375e-01,-8.495943541544598299e-02,-5.275049062526828564e-02,3.320732048140206949e-02
1.319394693424140452e-01,-2.823724028628962421e-02,-5.760360743707757664e-02,2.101430022075001514e-01,-2.729813465370581338e-01,-3.408423208070335275e-02,-2.551965030841816806e-01,-7.855439613361703266e-02,4.747380548588246707e-02
4.266062350792765301e-02,-2.798022221769650569e-02,1.193607356817196277e-02,1.501768949857236191e-01,-9.262561067056730713e-03,-1.113200132031471057e-01,-9.151255667401023142e-02,-1.081398464849577107e-01,-8.580638748624457024e-02
-1.115052094629463697e-01,-5.894266592155554541e-02,-4.630926086920410245e-02,-2.176466959434681103e-01,-1.857512112287748041e-01,-2.052760672661896046e-01,1.405851785206930493e-01,1.726413890401949924e+00,3.402675129153825972e-02
1.983521203751821838e-01,-1.570024872026213811e-02,-2.729466144417429241e-03,2.766435461522944173e-01,1.631765276916513352e-01,-1.115974119335706727e-01,6.889963029886592150e-02,-2.336014755140763677e-01,-1.908182445902892321e-01
-1.289557133489499241e-01,-8.527028569477096420e-02,-9.706237177579092601e-02,-7.974961128064109173e-02,-1.637567779673112511e-01,8.754203904585683427e-02,-5.526072536084963849e-02,1.862957637904162356e+00,5.212736695366698703e-02
-6.123932788083788492e-02,8.728600237658899058e-03,2.106729487699523021e-02,-2.408202376577509851e-01,-1.721928042164430905e-01,-2.454312190727539825e-02,9.692232497933427060e-02,-9.047207094740689071e-02,1.483487677211006370e-02
-1.347655812877632808e-01,-7.316231082690460852e-02,-4.758965138303774406e-02,-1.209234518241780465e-01,-2.932167994476336248e-01,-7.639295178080285353e-02,-1.258139113199571169e-01,-8.154734589426632096e-02,1.944071797767809445e-02
1.557395464520454631e-01,1.571570020935000173e-02,5.697740903005287655e-02,-2.396351498390438262e-01,-1.191520016533569037e-01,-5.990231135093221360e-02,-3.214541291018187946e-02,-7.944326320969558042e-02,1.789489763644867143e-02
3.134412446430145938e-02,1.161975999870056703e-02,-7.932432094531746691e-02,2.180848107379706191e-01,-1.451556010577954858e-01,-7.247757673679355861e-02,-1.753749609621232941e-01,-7.926642027358016263e-02,-1.882002499948476695e-02
4.927330349316369484e-02,4.176765939075657852e-02,-7.174228448134565422e-03,1.939408153781855271e-01,-2.542148169418639303e-01,-8.464878607979059444e-02,-1.673093066247652583e-01,-8.040992947535657853e-02,1.939328717600913299e-03
1.360409216056845949e-04,6.810864063291951348e-03,-6.618246133306793927e-03,7.945637872361740461e-01,8.556786612328535213e-01,8.020340827690396190e-02,3.974158196468738913e-01,-3.990664846533764631e-02,3.049845263631237660e-02
-3.123613591937274281e-02,-4.550144445347038824e-02,-7.629881724604002657e-02,5.030655994080184268e-01,6.346544329076595492e-01,-1.288355446023521089e-01,-1.183579342346618157e-01,-3.263731354033822668e-02,4.565651765815673113e-02
-8.796239765641514219e-02,-3.059929757541421380e-02,-2.096189928258450005e-02,1.373234662039792275e-01,-1.002162552942735818e-01,-9.385298197690437882e-02,-7.654374666237032110e-02,-7.355622782548457139e-02,3.387312360088708812e-03
3.342781403393033091e-02,6.799670997083052948e-02,-2.337845550595066962e-02,-1.008090156647473007e-01,-7.091675303408950803e-02,-1.505223665921245346e-01,-4.922215900491797025e-02,1.724532020768810403e+00,2.182934145697129624e-02
-1.446295432000122005e-01,-1.326291528086185126e-02,-3.476608800034038799e-02,-1.283941281856783023e-01,-2.410038945937176824e-01,-3.002696961970747688e-02,-1.087774089477293316e-01,-9.891927452693766165e-02,1.491797986552133304e-02
3.181145539972135561e-02,-5.106569506893633009e-02,-1.526862753331343671e-02,1.092841831910442152e-01,-2.493767552053918202e-01,-7.089373708758060777e-02,-1.227623573807108126e-01,-8.166494775630511738e-02,-4.322816980733994174e-03
-1.155632242204855664e-01,-1.022903209530385688e-01,-2.269732110816378295e-02,-2.697216679372936299e-01,-2.635670997392070003e-01,-4.834427335955243654e-02,-6.114419661531679540e-02,-9.399805882057603312e-02,4.955970379608258536e-04
-5.571399621161415849e-02,2.054183751671379010e-02,-6.955539463161106856e-03,-1.325565615183283974e-01,-1.159344684483956250e-01,-9.484804859481216210e-02,-5.630039617198832891e-02,-8.052666189669870078e-02,7.055456361484296890e-02
1.373125908315735999e-01,3.026337265710536684e-02,2.153279894333497840e-02,5.128673430525407806e-01,9.043223020523190325e-02,6.190092456869631388e-01,4.332029714636297379e-01,-1.039332890205627996e-01,-1.270662728777655071e-02
-1.437992193354861725e-01,-4.129112299237737427e-02,-5.482034418565448486e-02,-1.163845869441712533e-01,-2.638471215907925438e-01,6.632800824404730400e-02,-1.153895626680618292e-01,-1.018141239712224422e-01,2.210279649913228506e-02
3.152110360199464334e-02,5.670572927060767154e-03,5.349502656332327799e-02,-1.256984888141289558e-01,-7.581133988255269601e-03,-9.634497212608862660e-02,-5.850465030803388145e-02,-7.510338909937513963e-02,-3.479463975344855575e-02
-5.153895183157092275e-02,-3.637663745190644615e-03,-9.814225595195488761e-02,7.167368376573873823e-01,7.568711468097009121e-01,4.244294565657564383e-02,7.735660632082644317e-02,-3.390991337079295176e-02,3.103978389373376195e-02
-6.577067505506595246e-02,5.781780426684736407e-02,-9.124952503510773416e-03,3.932017194438450214e-02,-1.059460090443343494e-01,-9.350549939724916992e-02,1.368323954892342598e-01,-6.852895758343113819e-02,3.084974394516772078e-02
3.461694544431359044e-01,-1.622155058400284733e-03,-1.357506952817515156e-02,2.473189355237537246e-01,-1.692726303627101747e-01,-6.981373919932379324e-02,-4.242383759776970076e-02,-6.387753618068242600e-02,1.580453381666780538e-02
-6.248744657025434579e-02,-1.440214369564187663e-02,-1.265140475325883876e-02,-9.710024270234801635e-02,-1.168382375482184821e-01,-1.471353944385606904e-01,4.995314942987072460e-02,1.693759353837717141e+00,2.071627163035630326e-02
-4.932256936865792030e-02,-3.340186635086950934e-02,-4.977240487875299324e-02,-8.516186909895631652e-02,-7.710565224505261384e-02,-6.222096429004510265e-02,1.051466015193356918e-01,-7.800277833101629255e-02,-1.820545912722369708e-04
3.040348287277208628e-02,6.361187745075214117e-03,1.339895744852614978e-02,1.462784435064092559e-01,8.111432516145708482e-02,1.386827565446986654e-01,-4.782775075677348636e-02,-6.167095568348422707e-02,-1.474662506330260553e-02
-3.658223529987716938e-02,5.083054764796149372e-02,-7.328961107225941823e-03,-1.451734378744725940e-01,-3.816721913679691630e-02,5.388247063763149797e-03,2.084492668702471810e-02,-7.645773015157275587e-02,5.488461223656931898e-02
1.619691018204340027e-01,2.987249061575639186e-02,-3.192076160122346573e-02,3.855816976907302518e-01,-1.933633034786213512e-01,3.439255815808055228e-03,4.261258476753249647e-01,-1.098271981626396804e-01,-8.343645746851875711e-03
3.737289550235747826e-02,1.627430186865348738e-02,1.146601486462819897e-02,-8.460668979283229862e-02,6.858889623939212754e-02,-1.994522231245149033e-02,-6.148240767067979229e-02,-6.421413267402434344e-02,6.282754808999813090e-02
-7.047363689826971478e-02,4.835263432116497506e-02,-4.835071266234627907e-02,1.606273972762247704e-01,-2.191947807878897869e-01,6.157002043166947408e-03,-1.184950167017865680e-01,-8.943080027492936179e-02,-2.262321455995316630e-02
1.428480628508644878e-01,3.999811630559876180e-02,1.335346908197825588e-01,7.711981934243869463e-02,6.716104346292831595e-01,9.442915415050340266e-02,-3.813880787276335144e-02,-3.885598847883784540e-02,1.941923668183796053e-02
1.076831525732231676e-01,3.126861196562685102e-02,-7.259659283024209875e-02,1.757616948548789415e-01,-1.702862350830293414e-01,-3.497004625616430273e-02,1.012454902584123406e-01,-1.460605234703660216e-01,-2.311717205162305833e-02
-1.426159496499719292e-01,-8.048139158225077472e-02,-6.715349446881306583e-02,3.719943205583896295e-02,-2.675724124342407362e-01,-1.183168841709830305e-01,8.481342409862567544e-02,-1.663147016175328119e-01,-3.852231198720953986e-02
2.316482891283130896e-02,-1.829617904259556865e-02,-5.117767395039930778e-02,2.981040139757679119e-01,5.256857147407292263e-01,1.476386233874580900e-01,-1.042165476695815496e-01,-2.481198915712471142e-01,-2.267534420409141049e-01
1.732882769040283710e-02,3.120095572539504508e-02,-2.135130200577613213e-02,-2.400218397411413851e-01,-4.537192771778993799e-02,-9.411894567245021603e-02,-3.563122959755665731e-02,-9.343795612902236480e-02,-2.545412782476201563e-02
8.078648243461505896e-02,-7.472026388503419381e-02,-1.368495625585875591e-02,-1.758965897015275226e-01,-8.516370396348188487e-02,-6.258186448566561977e-02,1.435535144584919875e-01,-7.071738455933740397e-02,3.145958927827211676e-02
1.212041098137401629e-01,2.865396583549613407e-02,-1.847139751066381036e-02,-1.006307728991891748e-01,-1.563590165260191900e-01,-5.220180605100101928e-02,1.670999158529064554e-01,-8.201112159032424020e-02,-1.360330476680784995e-03
-1.049765695994122616e-01,-2.003130673769252384e-02,-3.697576191269355550e-04,1.887446860555807571e-01,-2.954676065982255739e-01,-8.824438501530865175e-02,-2.135642552304489183e-01,-7.940615082649517265e-02,-2.372293609886687304e-03
2.207347196337358930e-01,4.986676151728796497e-02,4.482061395274036103e-02,1.841169032849025722e-03,4.111761381654297637e-02,2.167978535123318840e-02,-2.594206026664468492e-02,-6.254570253890281983e-02,-4.039839459458063192e-02
-9.474908179787910889e-04,-2.095029473519925689e-02,-2.225096339620873109e-02,-1.101317420683373682e-01,-1.269832316446529996e-01,1.484213640835885528e-01,-7.964494028981056184e-02,-1.150348985877191199e-01,-8.696887841637447603e-03
-8.725339139077531447e-02,-9.187737200196804954e-04,7.461086711367637125e-02,-2.150101938759137188e-01,-5.538341974458332179e-02,-9.670564495850383913e-02,1.375620056795975599e-01,-1.122117159929355568e-01,-1.148100273812594635e-02
8.128526709141875584e-02,-1.637402429582238139e-02,-1.378008319131568404e-03,3.040894485575598716e-02,-8.805031651915914970e-02,-1.661560974543026259e-02,-1.169735404457289962e-01,-7.251845382017949038e-02,3.412946268699314223e-02
1.035091370509198527e-01,-2.231243508975827572e-02,-1.981893818901847570e-03,1.551878807294431173e-01,6.351481972028788503e-02,2.943216328673980281e-02,4.814017901747538047e-02,-6.557333589436062371e-02,2.634685586019248904e-02
2.043590410858008299e-01,6.212444902601084451e-02,1.712418187674517589e-01,-7.693902319144707569e-02,9.042881188954735028e-02,-1.174920914671748542e-02,-7.343953163969123288e-03,-5.186226950860597235e-02,2.368434524064060021e-02
-5.079446718668176319e-02,3.110718178347980992e-02,-8.160315353261400617e-03,7.183104975008113291e-01,7.886808445818060953e-01,7.427599141648687509e-01,2.443704293439084296e-01,-3.320307131734526185e-02,9.981850117798066885e-03
-5.705227249819400104e-02,5.715260494374600764e-02,-1.125361782990434018e-02,5.040809831390184736e-02,-1.134099748026061588e-01,-1.001260700773848877e-01,1.511163931600608690e-01,-7.239072166966334376e-02,-1.285835161457252185e-02
-1.486882649808868306e-01,-4.181128552070513538e-02,-2.985243618934729087e-02,-4.061057698856959108e-01,-2.801929297934275809e-01,-1.208228349339692392e-01,1.377134286973577815e-01,-1.085458047885915350e-01,3.444329390642646149e-03
-3.552995434406805431e-02,1.461122132361061809e-04,-3.889502267564275834e-02,4.929889431124392374e-01,8.065146477199589548e-01,1.441292024893929546e-01,-5.914898547762037495e-02,-2.963951803971738228e-02,3.082817279739197627e-02
1.398767024078274024e-01,-2.039124544253662769e-02,1.349025557251145452e-02,-1.398972415774074607e-01,1.268180269642114888e-03,-8.671359723410841658e-03,-4.966531855882781038e-02,-7.190921616897552604e-02,-4.123998434510452865e-02
5.362038011179817154e-01,9.106713126710719308e-02,-4.720990944802151701e-02,4.928428513594862448e-01,-1.506876656504463063e-01,4.311139486460216497e-02,3.842549711953021641e-01,-1.069520226274459085e-01,-2.643532463183516368e-03
6.647504869814244155e-02,-1.678892094252503256e-02,4.509119670465161489e-02,-9.590657845078263966e-02,1.438544778362612075e-01,5.830853667382757122e-03,-6.696508159827121998e-02,-6.841453102559225119e-02,3.238635166611410210e-02
-5.964409690652647256e-02,7.826918281920498821e-02,-4.136031669223523555e-02,1.947313376649254246e-01,-1.850365548147266948e-01,1.121758482453054026e-02,2.578506996708680998e-01,-1.037754670927639039e-01,-1.242514422790268885e-02
2.384597709685902789e-01,-2.325217828023095484e-02,-1.628971923348410816e-02,3.093135136216109693e-01,-3.268888758236426773e-02,-8.291920848213235606e-02,-5.679301191341343258e-02,-4.365251072111767799e-02,4.052474839067216061e-02
3.822405938516276747e-02,3.565368562459338142e-02,5.088786313321667920e-02,-1.171774639764623233e-01,1.403387162708678859e-01,-4.826948164450733936e-02,-4.096245733045153492e-02,-6.854173124142295959e-02,-5.594714155728024857e-02
-1.330500964741930248e-01,-1.405687979692292200e-01,-5.507986971035360585e-02,-2.605907732099985719e-01,-3.164917498593801115e-01,-9.474590215279299343e-04,-9.187338872267106216e-02,-1.137474387113275587e-01,-1.794014161084520748e-03
1.384368155694276625e-01,1.296900877480695186e-02,1.387766173647382584e-01,1.876419385454489441e-01,5.343107053883995317e-01,1.459477127888954839e-01,-7.859612499228241234e-02,-4.988643809356779063e-02,2.113723058951284123e-02
-1.057408123328802962e-01,-4.383645420902432949e-02,-5.311195651083031738e-02,-1.225431114752234818e-01,-2.657337596408226865e-01,-2.332869621346055355e-01,-1.514180132458745054e-01,-1.666240850286188901e-01,-2.420851691348396145e-02
-1.755241466771311765e-01,-2.244715294222577456e-02,-2.021175024374489287e-02,-1.230172927317925990e-01,-2.181899744969123256e-01,-2.440459878785250503e-02,9.420889261610423948e-02,-9.134947494759271258e-02,2.365858559449914023e-02
2.020686216739427665e-01,3.516840129914981794e-03,7.235178307078926618e-03,4.947835069284045040e-01,5.429265340590930800e-01,6.022372520231845661e-01,4.609449364637977498e-01,-4.614285634979471695e-02,1.228748809975103301e-02
2.651653079638859323e-01,8.232948081767992032e-03,2.728907111169689287e-02,2.443434688624286644e-01,2.651320465285014055e-02,-4.628975654114956401e-02,1.160849716688405753e-01,-5.110971480564681368e-02,3.634336054070576999e-02
-4.420156454760296172e-02,6.627383608313605623e-02,-1.407278242831783155e-02,-1.149529405535895249e-01,-9.968597911120032073e-02,-1.422742174803301729e-01,-5.009457179832086521e-02,1.798326908620474729e+00,2.034366639779687166e-02
-8.992775947088849087e-02,-1.369717793987106254e-02,-5.923796455781352166e-03,2.520078122482158345e-01,-2.315996638986008715e-01,1.384087617416149274e-01,-8.257367556150824184e-02,-8.279693939243357170e-02,1.730994099398104613e-02
9.897248536703701083e-02,-9.492413194115714714e-03,-1.165151830056494614e-01,1.577954497117273203e-01,-2.083051057452378618e-01,-6.918890236894373325e-02,-2.639665677249160569e-01,-1.183414842165837755e-01,-3.463191013979134703e-02
-6.027246057230639664e-02,6.153058348380628650e-02,-4.196178213457056605e-02,1.329480839910641699e-01,-1.881660512139231578e-01,-9.134578797823169477e-03,-1.259855339411755093e-01,-1.251785160714131706e-01,-1.934574745050435945e-02
2.076412463513335194e-01,4.129241602075873346e-02,2.180343513625727370e-01,3.138628019497733401e-01,6.419881434622238814e-01,1.144970932053710755e-01,-7.479631982876593088e-02,-3.901777138869135658e-02,3.063522850746797782e-02
-6.106844325725752087e-02,4.989388483431249355e-02,-1.374994745967529630e-02,-1.254294505057039211e-01,-1.471625074266709118e-02,-1.320917375679180328e-01,-4.642726222404662539e-02,1.702338946762137040e+00,1.346658986953243320e-02
1.057316379241260429e-01,2.135657405022309968e-03,2.860721265307456657e-03,2.714632745499794275e-01,2.626126426874583197e-01,1.378861431103796109e-01,-6.660555328916570317e-02,-6.047161063989978103e-02,-1.379125718672020648e-02
-1.248380162677635297e-01,-2.309406835663504326e-02,-6.197186282348452618e-02,1.086510771577253176e-01,-2.011857111157320521e-01,-4.199248016175360920e-02,1.497142725868579605e-01,-1.461960310430283072e-01,-2.491153064747317347e-02
-1.116498089177422048e-01,4.292528285767172047e-02,-6.536050083016545220e-02,3.589584162373593568e-02,-3.370748882116133549e-01,-1.283509199059258976e-01,-2.359301647533881274e-01,-8.662378463917040639e-02,1.092418378959307892e-02
1.280102413768871294e-01,-1.239046245520312312e-02,3.325711534386537049e-03,2.794890641722367897e-01,6.389581140032696283e-02,-1.090782232319219835e-01,-1.423478508073535709e-01,-5.895586617531063667e-02,4.977180345704911718e-02
-1.368804760641428586e-01,1.568943983827486219e-02,-5.311039697912681157e-02,-2.583114419839774301e-01,-2.430422482876276324e-01,-9.139405967024007149e-02,-5.285030964363922334e-02,-1.056853506413541893e-01,1.846379311455908709e-02
-7.847650875318165631e-02,-1.897930511948984211e-01,1.132992191079306918e-02,-2.147077860181044184e-01,-3.293579375970640544e-01,1.841242608108077661e-04,-7.528542914278224529e-02,-1.290744256859903127e-01,-3.699576587277052242e-02
1.040460393289043828e-01,1.825409394361711402e-02,8.798043924211967903e-02,1.248934799420446939e-01,1.874545624552449441e-01,9.579815988317219588e-02,4.126517157286906795e-02,-6.450380300948538315e-02,2.185440518356202705e-02
-1.291514596523060665e-02,-2.983954759456490524e-02,3.430847759252442231e-02,2.698996406374822854e-01,-1.872482493438051565e-01,4.969727122237213579e-02,3.588510799178169508e-01,-1.359543295444937960e-01,-1.481811305339740363e-02
-1.291067763137139224e-01,-1.011825983045605143e-01,-1.975934449312167357e-02,-2.473746370482747259e-01,-2.508079559518224255e-01,-1.754488749004811526e-02,-8.570705750691616498e-02,-9.968103375691483858e-02,9.585967204975759381e-03
3.528207080134168616e-02,2.516439022181368723e-02,6.215998472777578554e-02,-1.097759412610110619e-01,2.890822184731928202e-02,-8.251395150211324192e-02,-4.909659709505968112e-02,-6.894924369688423815e-02,6.796811666353042014e-02
7.083283064398984696e-02,-1.242451057109576762e-02,2.946702045389960889e-02,1.659631564633036460e-01,2.610003992174362297e-01,1.787909764621797293e-01,1.753527410090240657e-01,-7.085780717185316546e-02,1.455136418850574986e-02
-8.593182258432643938e-02,-1.264934961080059830e-02,-1.445502583202597571e-02,1.503125836698634976e-01,-2.839453111359812598e-01,-7.010042147986217387e-02,-1.526589031193251733e-01,-7.973268911457784269e-02,1.352797945215693590e-02
-1.090164179025419622e-01,-4.210624134396692697e-02,-6.434964014577056191e-02,2.239935424235849626e-01,4.278406990937083099e-01,-1.539319403181103885e-01,-1.024579425767113139e-01,-5.738478730303243902e-02,2.739176561555090039e-03
1.457121175030969551e-01,1.082648905514502213e-03,-8.319655404110507663e-03,-9.739629109664364737e-02,-4.966152695615467377e-02,-1.869901462308113174e-02,8.510084505952443534e-02,-7.323808476773233100e-02,-1.514174557836735213e-02
-1.159166154360807277e-01,-1.354922345078490575e-01,2.643182144703744296e-02,-2.737807006277754862e-01,-3.141648931150033408e-01,-1.213624924146028683e-01,-6.945473417170405783e-02,-1.303691064543240630e-01,-3.574530579765113070e-02
3.577816533730507342e-01,-1.585792511382917713e-03,4.775614018240642578e-03,2.834794968567789231e-01,-1.554230945034451306e-01,-3.804381505888789622e-02,3.366136181987874343e-01,-6.529865822253999585e-02,1.177190017477360018e-02
1.509537556140739534e-01,-1.087463088868494132e-02,3.724088051951637834e-03,-1.136798814820221964e-01,1.403597783195686399e-01,-9.430241271717092200e-02,-4.787865824230223832e-02,-6.258165856453835885e-02,4.019231539116875640e-02
-2.296445082077955280e-02,1.000150167045740640e-01,-7.886790990263986556e-03,3.014289275755789310e-01,-4.046228775653300247e-02,1.019079758183678505e-02,1.846723321839896167e-02,-6.006928800103594063e-02,2.884006693137578306e-02
1.317032803930726081e-02,1.196408924874650948e-01,8.581658317432148964e-03,3.493247702061909044e-01,1.845137620103521059e-01,5.511119523336783371e-02,-4.131493615473180031e-02,-6.653275227192487207e-02,-1.592109635207757459e-02
1.651544896140946794e-02,5.342766593588503532e-02,-2.792364923143662858e-02,2.618172288684730842e-01,-1.304145595336311525e-01,-5.456673361062949063e-03,1.529449388110528385e-01,-1.252931718023117258e-01,-1.317055800913459473e-02
-5.159901224435825551e-02,-6.158698514052021039e-02,-6.290356738346222776e-02,1.669267646803332672e-01,-2.985258787049992479e-01,9.152114972477490284e-03,-1.694045992445441240e-01,-8.999250333766478649e-02,-1.342200910971214425e-02
-3.417936478343619466e-02,1.542833230873062039e-02,-1.020576774780245638e-02,-1.208169282030678443e-01,-1.544941914041736697e-01,-7.361559713252427417e-02,-6.011747486030313142e-02,-9.077546304042696801e-02,-2.915337469223330119e-02
-4.203743899775952420e-02,3.687237134616801887e-02,7.938567840037705214e-02,-1.617190025628441052e-01,-4.263375767555332291e-02,-7.978965387645860219e-02,1.963762023144521168e-02,-7.665112549591274194e-02,-4.383070011122096321e-02
7.420844597227341244e-02,-4.344227519746077237e-02,-1.284242259886780174e-02,3.175042626634068665e-01,-2.689358943989753059e-01,-2.346462855942950398e-02,-1.619900739804853440e-01,-8.099534364161069255e-02,-2.060327492287580831e-02
-5.817164216452763714e-02,5.306314028643024927e-03,-1.124553935001064431e-02,-1.791735386489247961e-01,-1.581695995850566916e-01,-7.459683844793627006e-02,9.807798833363565172e-02,-8.828226471164402067e-02,2.564211293762475030e-02
9.114364192904647610e-02,-1.484798868823689402e-02,4.602525555611872848e-02,6.778882173960076862e-02,-3.394669458796653605e-02,8.102942615015459871e-02,-6.149205211974086149e-02,-7.015064190402314770e-02,-4.105751439570589495e-03
-2.818711637922338697e-02,3.628114330845837177e-02,4.628204337105798483e-02,-2.027975721938489739e-01,-4.199628720908960000e-02,-9.111304759198637915e-02,8.266484766801349138e-02,-7.936602650538704395e-02,-4.879783106416656080e-02
4.900428881948287740e-02,4.539377138529537142e-02,5.192738345429636498e-02,5.224558196775288543e-01,7.751965510737142129e-01,9.947326162750702583e-02,-6.383655506366325838e-02,-3.395367006433919199e-02,9.012775121105265352e-03
1.020179754526941984e-01,-1.522445266431481786e-02,1.705883257751008436e-02,1.865162072362225032e-01,-2.213234764827289591e-01,-6.240837598485578924e-02,-1.393725356325583031e-01,-8.715794227327924859e-02,-1.518441941953220520e-02
-2.372479719214071192e-02,2.376878034400505685e-02,-2.297329222540428484e-02,3.804119045544865352e-02,-1.991081403519277815e-01,2.081770644901222850e-02,-7.866271049331141629e-02,-9.276785958180780445e-02,3.074807538484129743e-02
-2.288375883065965621e-02,7.958152878149676868e-02,1.188296761127008785e-02,1.142765725731273857e-01,-1.987115145292778218e-02,3.307734660262078019e-02,-5.715474107163684425e-02,-7.708084271176182667e-02,-1.511641351281460544e-02
1.644884946347299204e-01,7.765377210512472428e-03,-2.688791805916600913e-02,-1.997164598079101960e-01,-1.299112011724649351e-01,-6.710563293684382313e-02,7.484827188819372090e-02,-8.375005400585920634e-02,-8.169241668477295049e-03
5.143194656544705645e-02,-4.481647911849333948e-03,7.445830187652335147e-03,-5.573485521435921769e-03,3.004370710951891899e-01,1.142662934222478111e-01,-7.784185318964070843e-02,-6.676413931431496307e-02,3.383568090208782797e-02
-3.832654942412802579e-02,8.664705416929433662e-03,-3.517486269858649539e-02,-2.159643763891034018e-01,-9.765187844797701411e-02,-8.309582733287246281e-02,-4.668822784078630050e-02,-9.220813920689073517e-02,6.962859438857030292e-02
1.392905162788654616e-01,4.509069698032974055e-02,9.677789176467174737e-02,2.052598925333657398e-01,-3.208495186844843861e-02,2.987727810607097162e-02,-9.827229406741197493e-02,-6.939272530926442195e-02,3.102143605986201064e-02
-3.463093566811289992e-02,1.919035013023101879e-02,-1.369298141304617529e-02,-1.859838180318454659e-01,-4.702939038471656841e-02,-9.892113455692090607e-02,-5.203836016494327310e-02,-7.915710002784293042e-02,7.351656943227692642e-02
2.048505345265544675e-01,1.476309634665300130e-02,1.365662359213386245e-02,3.811244682161312181e-01,-1.686783266341394527e-01,3.774668337306671950e-01,3.551571289782222141e-01,-9.742233995875648755e-02,-1.315757819541349405e-02
9.775045631145951042e-02,-1.091695943440472091e-02,7.974629238299520140e-02,-1.428811153926039523e-01,2.669990055896969139e-01,-2.024722179115687193e-03,-7.359366916966456063e-02,-6.171855237598368460e-02,3.837501068300512574e-02
-8.634432184359960849e-02,-3.079221477998290296e-03,-3.832958070738182177e-02,-1.292853445973634885e-01,-2.089565384498482947e-01,-7.541596303906794585e-02,-5.842211602929825442e-02,-9.550480312685681594e-02,2.066131455943539738e-02
-1.263177512052741092e-01,-2.562680793117527028e-02,-7.539285215780916483e-02,-2.850175457833860060e-01,-1.935693297428867365e-01,-1.218678055790310688e-01,-6.027556321199114414e-02,-1.067567126472987460e-01,-7.454921530492722437e-03
1.162057621790213158e-01,2.066421820014208155e-02,3.975498551475925568e-02,1.404555135753400019e-01,6.250192547943508314e-01,1.389847385476481734e-01,-7.589118580748746568e-02,-4.244142928707106410e-02,1.982300360535114297e-02
4.361048914860324310e-02,3.099653979601776216e-02,-4.040458914620321390e-02,-1.491579235412122950e-01,-1.083064945978041704e-01,4.431263717634484345e-04,-2.873457735213696962e-02,-6.274157464423180119e-02,-8.237433626088069144e-03
-5.955566294836822649e-02,5.258869116723983994e-03,-2.200405162636168491e-02,-1.869721214218587335e-01,-5.622313222582416697e-02,-9.615707717675031629e-02,-5.628889729686882559e-02,-8.081797505485333044e-02,7.481178734590687718e-02
4.574024291507042261e-02,-8.229186274868167950e-02,-4.473813789435000104e-03,2.404309359300604021e-01,-2.889345636210488566e-01,-8.722742076333954431e-02,-1.859161772152984893e-01,-2.345677527494241243e-01,-4.574960573093611593e-02
9.483705359899513576e-02,-7.693230592319258432e-03,-1.457226654984598857e-02,1.964458328560063916e-01,1.697574904066615278e-02,-9.913820402887042749e-02,-1.280003465173835120e-01,-5.593939456406508276e-02,4.126969650568372561e-02
5.651683580977096000e-02,-8.865425895692724545e-03,1.063354347373195452e-01,-1.468408949213494130e-01,4.769422857450100750e-01,3.245235006476720335e-02,-6.557764705741787881e-02,-5.870040421007789722e-02,3.148951909639075702e-02
7.987590961707727311e-02,3.658600106580336270e-03,3.870950989041935242e-02,2.723654892318140841e-01,5.642672682610631041e-01,9.342123185760817239e-02,3.059637520068332270e-02,-4.223221888326307571e-02,1.820876350228458826e-02
1.933429203551227937e-01,1.548572600797853971e-02,3.010615884053977065e-02,3.658063292272015765e-01,7.220067985859551785e-01,1.953215413855368121e-01,-6.095746955698169711e-02,-2.760953352736620139e-02,1.839107893072416261e-02
-7.165561565747277650e-02,5.163858732280320052e-02,-3.463435920161261894e-02,1.665481118376285763e-01,-2.054667775192632884e-01,1.819470935670478365e-02,-1.072171903102681206e-01,-8.076562380965303378e-02,4.521025991651711484e-02
-7.997321917790053969e-02,9.929808968513192946e-02,-7.606669495429471684e-03,3.035502326812684060e-01,-7.079577699702020721e-02,2.390692210543996984e-02,1.112314742481917973e-01,-7.022707106017876677e-02,-1.231920622635032311e-02
6.004459084222762977e-02,-4.188416298378194735e-02,-3.099492673791698349e-02,3.953678329865643049e-01,2.488477458497596884e-02,-1.416307420215772717e-01,-3.273284889578356727e-03,-1.313590815828020730e-01,-1.246009550960675699e-01
2.313068412329502554e-02,6.582916347268133461e-02,1.512272187645541735e-02,3.885821777575046432e-01,1.137390589101141408e-01,6.139037874229670566e-02,-8.071082118798812710e-02,-5.214002788090267571e-02,2.695339505526310811e-02
8.222108164059924174e-02,6.493701595241595237e-02,-2.688151543653732878e-04,3.546230298378906798e-01,-2.361494705512479780e-02,1.557593375985132089e-02,1.646202333491637582e-01,-7.040341284474041506e-02,-7.026141663643223345e-03
-1.426159496499719292e-01,-8.048139158225077472e-02,-6.715349446881306583e-02,3.719943205583896295e-02,-2.675724124342407362e-01,-1.183168841709830305e-01,8.481342409862567544e-02,-1.663147016175328119e-01,-3.852231198720953986e-02
-2.810138312686272233e-02,-3.901558538132197940e-02,-2.093397756740732890e-02,2.745695601137670416e-01,-2.605247445707052911e-01,-5.163902762906651817e-02,-2.102086780308801833e-02,-8.461453014302541820e-02,4.195712379202187758e-03
-8.050321561968634687e-02,-1.481472286568742865e-02,-5.718245286805298533e-02,-2.021915090777795243e-01,-1.841747826622169293e-01,-9.061529694372652544e-02,-5.598892513985978536e-02,-1.001596535361099077e-01,-7.294069023035372468e-03
1.681556929451340499e-01,-1.147696761198205712e-01,9.991279713356199244e-03,-2.161000367158875668e-01,-1.589344978879814740e-01,1.295670556174853272e-01,1.562575218391699661e-01,-1.117596333467900938e-01,-2.769212898928218730e-02
-2.960007916328602495e-02,-8.630855826522666058e-03,-6.317758696217052466e-03,-1.408817975004258427e-01,-1.601544175046374918e-01,4.893555267907221534e-03,-9.204967887747098065e-02,-8.986052728008529777e-02,6.991010912102035152e-03
1.685942054591154926e-01,3.504327244521630164e-02,5.155852550237045168e-02,1.914568338087767330e-01,-2.318559893675787020e-01,-1.298204319727015027e-02,-1.376788106474545192e-01,-1.524611817169784223e-01,-1.580861442179880630e-02
-4.488977074143435386e-02,6.856712475739762391e-02,-6.147933882137281147e-03,-1.116012468927342627e-01,-2.854394805791535955e-02,-1.334845932440000271e-01,-1.142762054885983897e-02,1.730576479308045146e+00,1.249674533131085036e-02
-1.046713162236506123e-01,-4.193297169061069307e-03,2.500496370155522174e-03,-1.416080333635738042e-01,-8.509742233354677943e-02,-5.946950364208761219e-02,9.648973026671120445e-02,-4.657577893193420165e-02,3.121501423792175101e-02
3.652444348471131641e-02,2.169362604081097670e-02,5.364622820040673701e-02,-1.751936909321132330e-01,2.904597793447878384e-01,-2.169614113839548469e-02,-4.423017976407768448e-02,-6.885274287277212690e-02,-3.615185875020394957e-02
4.820543404655500130e-02,3.085615378331926090e-02,9.140904575842048740e-02,-1.735287140166229813e-01,4.209432628323162562e-01,-3.586722698992526881e-02,9.722984574433884974e-02,-6.797356603443133194e-02,-2.838066950191918750e-02
-8.822912538337795985e-02,-2.627409175015235632e-03,-7.844160443079642442e-02,4.566302503766554027e-02,-2.549751114711067967e-01,1.165344887375637795e-01,-1.461688121756826719e-01,-1.592130667475666894e-01,-2.301401330950704135e-02
8.098650311609106867e-02,-3.060838446133774468e-02,8.582060063596419486e-02,3.813392039117184662e-02,-1.929742399577400250e-02,1.620768050721738407e-01,8.055151396285249732e-02,-9.603104659463146398e-02,-1.610875343113266078e-02
2.390161665668842639e-01,3.152209033064974630e-02,1.196195655351491305e-01,3.353619444211051182e-01,4.289130206726904371e-01,3.907544808030601891e-01,2.269765297650841451e-02,-4.066195658551289421e-02,5.162610848178476874e-03
-4.028647675959903807e-02,1.151848494294059957e-02,3.519490668669526118e-03,-2.543713732274945905e-01,-1.731031173296703196e-01,1.387037244033178032e-02,1.853228716175924773e-01,-1.103596104979328446e-01,-1.043658007678857289e-02
6.022120873836808719e-02,3.189663318630110711e-02,2.073252088644751343e-02,2.732221390907293435e-01,1.625139220435122545e-01,1.129535407297126010e-01,-5.460136016329142361e-02,-5.708456296099419236e-02,2.944371377570114898e-02
-1.097153910692115764e-01,-2.953672881754733359e-02,-4.132007537972245265e-02,-2.460128688894413496e-01,-9.407048686066865617e-02,-1.066048800277608344e-01,6.555033953835820437e-02,-9.084009715012272834e-02,-3.089599572850288897e-02
9.318836741600103335e-02,8.150328738002844686e-03,5.554826940123674256e-02,-1.622118929333771498e-01,-4.559997106839455694e-02,-8.903868547346494022e-02,-6.657319984540285840e-02,-7.655425934202067517e-02,-1.938513265372360586e-02
9.173139506919308905e-03,2.814536547739125358e-02,3.398461332801790136e-02,-1.289919220326917193e-01,6.269898623581433850e-02,-3.013256283204765809e-02,-4.103551392045512447e-02,-7.022800644169335804e-02,-4.925795864087634257e-02
9.349929750041652277e-02,-1.137954704755524474e-02,8.150169381307190153e-02,-1.531824409986106417e-01,2.513296673735101461e-01,-4.877406253854497248e-03,-7.430153124984305302e-02,-6.515138260372205226e-02,-1.031915425137018213e-02
1.033692320218260741e-01,3.877753872705741456e-02,5.996073062736491377e-02,1.746125240980513360e-01,-7.039849398134599701e-02,6.652831220010181623e-03,-8.099250925562991033e-02,-7.877513863163593255e-02,-1.965459868765231932e-02
1.319535719011576125e-01,1.944441258356524593e-02,1.178963681895134064e-01,-1.321573514260817594e-01,4.529863520079031591e-01,3.346887219377399358e-02,-6.023278726101442132e-02,-5.586736116985334399e-02,3.516998096880155633e-02
-1.124825025041387982e-01,-2.750471620037973214e-02,-7.324379959511771732e-02,-2.535916220857138970e-01,-1.866653848254569148e-01,-1.117937136776676749e-01,-5.560155391969469341e-02,-9.240195003965541443e-02,2.348934457857888500e-02
9.104322778815221451e-02,-4.823071169202795827e-02,-7.919326802958485262e-03,-9.722667059883335905e-02,-9.512673906988591832e-02,8.176414821323127469e-03,6.052866742832134495e-02,-1.068825311305101888e-01,-2.716048096486137209e-02
5.992186775312832725e-02,3.468130092687551902e-03,1.051316324306245664e-01,-1.231116445431377909e-01,4.100815633322659748e-01,2.408068202940487346e-02,-7.097981412507053944e-02,-6.123584068272682618e-02,3.646930482820237573e-02
9.382312535298820144e-02,-1.327111702088663164e-02,4.366307795593697000e-02,-1.501735740879611702e-01,1.504109479162877017e-01,-1.456272753995978830e-01,-5.919822700980528762e-04,-1.562940349039393106e-01,-1.232126246517911139e-01
3.022260947387556129e-03,-8.309738624034104792e-02,2.001488932880690630e-02,2.907009553682591285e-01,-2.928057635742714049e-01,-1.129601377399570145e-02,-1.565570184836476142e-01,-2.285259890572725605e-01,-6.833776588621254255e-02
-1.515293034703650010e-01,-8.209730077990462505e-02,-5.043248881322912047e-02,-3.400413572529892292e-01,-2.887719049285983330e-01,-8.160132699870227546e-02,-7.073810383647734235e-02,-9.774549512829512621e-02,2.043443179415283667e-03
5.898925982045113980e-02,-6.091846153794960861e-04,-1.338251536918128037e-02,-1.278522914849566650e-01,-6.310475294230352694e-02,-1.147696896524872390e-01,-5.431735681769873925e-02,1.551443056616001126e+00,3.093149217426071490e-02
-7.259942031800056816e-02,1.121718346116112597e-01,1.294511025795410872e-02,3.147240207471355689e-01,-6.504187216932690030e-02,3.580981314408575311e-02,1.241970296023987841e-01,-6.851712151827193953e-02,-1.180604752887013872e-02
-1.575096593403181588e-01,-1.109584672147854584e-01,-5.719232892598657969e-02,-1.355107613005312739e-01,-3.071777198934701469e-01,-2.168911603868327598e-01,-1.277702233237580920e-01,-1.839952848178819378e-01,-2.419755121713403415e-02
3.055983352262869324e-01,5.032768426820190266e-03,8.218337778340661925e-03,4.245939368034933326e-01,-2.407338012111531755e-02,-1.000942099878081581e-01,3.019350101175801160e-01,-1.110421438436605956e-01,-4.982964574456795470e-02
-1.532486730477609083e-01,-9.222418578985351612e-02,-5.207251296992242151e-02,-3.402593850897586703e-01,-3.065489383462065565e-01,-8.893251256847836683e-02,-7.096736206480547260e-02,-1.007595088825897212e-01,-2.087109662212226213e-03
-5.127743476061319416e-04,6.122355658613576335e-02,-8.130380271070061782e-04,4.147979972649600833e-01,3.034754856952107116e-01,3.877709053578248799e-02,8.814802524524989469e-02,-5.210736575348443034e-02,3.022823987623765932e-02
-2.806815162478473735e-02,5.773971395120626460e-02,-5.829715137869648928e-02,6.312542448848482701e-01,6.928496657811564763e-01,1.183223701098360253e-01,1.002876001310654269e-01,-3.838770268815329401e-02,4.586888628904103177e-03
1.024144098895300448e-01,2.918855550504436541e-02,4.535683337402243026e-02,3.449892676889306786e-01,2.579980172769973934e-01,1.961592423620481529e-01,-7.468931116286139926e-02,-6.001557737181052732e-02,-3.444866273187463523e-03
-1.246341582167487527e-01,2.983314171786707186e-03,-2.235732482919271930e-02,4.214435089518939193e-02,-2.640772200219388965e-01,-6.167038474595669395e-02,-1.050830016621192020e-01,-8.459597256322441694e-02,1.311015618187396162e-02
-1.376710767087883092e-01,1.028670927365665788e-03,-3.912141226378429426e-02,-1.000718495291819943e-01,-1.900543983590840813e-01,-5.144598433327210452e-02,-8.116897214748766687e-02,-8.964612520611114910e-02,1.005933007393671613e-02
1.015158598589322170e-01,4.402520261888274999e-03,-1.557340357008903629e-02,-1.182881241852741933e-01,-8.683756997395603028e-02,-8.023065305941740055e-02,4.080297027403106958e-02,-8.240946440055292588e-02,-9.249656707758440594e-03
2.100307747987044671e-01,2.461186539513826599e-05,8.198339104720157866e-02,3.735830266220809825e-01,5.590332944430703721e-01,3.106249310513207185e-01,3.374991057299073782e-01,-4.646817690991795341e-02,1.587337295428292716e-02
-6.752248377373515353e-02,-3.062886404256645601e-02,-3.263469359173890028e-02,-3.108018051174038510e-01,-1.169394380271815970e-01,-1.007998747129393025e-01,6.335476819246710356e-02,-8.496306105034034939e-02,-2.008954659284556757e-02
7.425608740697750565e-02,8.544073004177858699e-04,1.285685979719760619e-01,-1.586175910518273224e-01,5.707862458579058274e-01,6.511574870836278617e-02,-6.052581842528646783e-02,-5.886638373736735597e-02,-9.598647375781848429e-03
-1.486255896441859570e-01,-1.778525444352176826e-02,-6.434930109566104617e-02,2.650751683144022541e-01,5.394132811548315587e-01,-1.755791969598002600e-01,-1.299796709662705274e-01,-5.233512518810068403e-02,3.056634498368212757e-02
-1.143125499535934952e-01,-7.269070581400919467e-03,-1.921518401781125568e-02,-2.300696770621240839e-01,-1.821197663226516161e-01,1.438234972805302603e-01,8.694643408689800568e-02,-1.049244398845021603e-01,-4.441709486076812763e-03
6.280212095457374244e-02,-2.678757525975434747e-02,3.752785808578247562e-03,1.923119165695737487e-01,-2.824502160244246607e-01,-4.771405260722467317e-02,-1.843552981412467373e-01,-8.183168175503721664e-02,2.316223573907587319e-02
1.525078170798232491e-01,4.124764776789517640e-03,6.797474831602792755e-02,2.803417700873220286e-01,5.532822411625731851e-01,1.454138457079116320e-01,-8.737054495866090897e-02,-4.352760374338396354e-02,2.532887581032931129e-02
-6.484681263441463561e-02,-4.998617671432035309e-03,-1.803031509367336582e-02,-1.980984733354635152e-01,-8.984242258335517484e-02,-1.114059523505481486e-01,-5.632307743618711338e-02,-8.647891212779101888e-02,-4.202572301139000099e-02
1.222065662754099891e-01,1.214802163100459076e-02,3.877234142144244528e-02,-1.352865147188393180e-01,-4.320133182165507985e-02,-8.739521489852998537e-02,-4.146504796876608612e-02,-7.034895855493031314e-02,-1.631386220750354749e-02
-1.394088126890602186e-01,2.030041432589515041e-02,-4.037082963195819107e-02,-1.736433815467996467e-01,-1.135154604305105841e-01,-3.173626666069311736e-02,-6.027387278438292584e-02,-8.501852081395606942e-02,8.702000612686815878e-03
-5.386649557214462369e-02,7.466812550334078757e-02,-3.439116600888740549e-02,-1.021585047929807200e-01,-8.073991712392042386e-02,-1.755996092711250428e-02,-3.343237121187093291e-02,2.003880625370836110e+00,2.232674710477401681e-02
-8.122300409621610595e-02,-1.113818460203798780e-02,1.816353745820247292e-02,-3.154445932455299251e-01,-7.693065170085235105e-02,-1.076796941373087957e-01,4.286106806718795181e-02,-8.524527763182575268e-02,5.332564745709723886e-02
