Psi, Adsorption Energy, Surface
27.880960136538118,-2.308307951,Cr6Mn6
24.589577634889757,-2.288006218,Cr6Mn6
21.686746987951807,-2.234331763,Cr6Mn6
31.612903225806452,-2.205675727,Cr6Mn6
26.183602384176865,-2.155592903,Cr6Mn6
31.612903225806452,-1.663228219,Cr6Mn6
21.686746987951807,-1.602611732,Cr6Mn6
15.500421806660256,-1.350000428,Nb6W6
11.631904846694995,-1.034150276,Hf6Ti6
11.65487312713577,-1.025804409,Os6Y6
11.456324725577526,-1.02435513,Ti6Zr6
16.666666666666668,-1.019672595,Ta12
13.244489447858506,-1.012364978,Hf6V6
10.38961038961039,-1.01043746,Ti12
14.237451369597338,-1.010037861,Ta6Ti6
15.511711573222643,-1.009977451,Re6Zr6
6.617647058823529,-1.003077461,Sc12
12.249932625741156,-1.001750906,Sc6Ta6
12.12191137717893,-0.999504198,Hf6Zr6
12.307692307692307,-0.996874898,Hf12
15.337423312883436,-0.99566059,V12
15.749444726044826,-0.995218133,Hf6Re6
12.030075187969924,-0.992339168,Zr12
10.008115004720475,-0.992279712,Hf6Sc6
12.307692307692307,-0.990286206,Hf12
14.950484956045756,-0.990126339,Ta6Zr6
15.064615212402126,-0.989298568,Hf6Ta6
16.666666666666664,-0.989087,Mo12
10.840637736455376,-0.988705904,Os6Sc6
7.114695532291662,-0.987603707,Sc6Y6
7.691342561605212,-0.98659539,Sc6Ti6
14.865603938975775,-0.985095634,Cr6Hf6
14.865603938975775,-0.985095634,Cr6Hf6
14.865603938975775,-0.985095634,Cr6Hf6
16.147228542537114,-0.98445467,Os6Zr6
21.67342976090964,-0.984265279,Os6Zr6
8.138192233251592,-0.981890133,Hf6Sc6
10.008115004720475,-0.981801424,Hf6Sc6
10.377163190906016,-0.979383012,Hf6Y6
14.144612365568808,-0.976652078,V6Zr6
12.21444863313257,-0.975953562,Hf6Zr6
12.1623012900989,-0.975464165,Ta6Ti6
11.547683323628114,-0.972873505,Sc6W6
16.311948504870227,-0.972541526,Nb6Ta6
9.85704550511178,-0.971857976,Sc6Zr6
12.70164760046835,-0.971051567,Ta6Y6
7.377049180327869,-0.970131958,Y12
8.138192233251592,-0.967033398,Hf6Sc6
13.044567844987537,-0.96690496,V6Zr6
8.939242282660542,-0.966593934,Sc6Ti6
8.269035818012572,-0.963137408,Ti6Y6
11.631904846694995,-0.962320794,Hf6Ti6
7.114695532291662,-0.961195059,Sc6Y6
16.39470165552261,-0.960070685,Hf6Os6
13.47001326636926,-0.959918845,Ti6V6
13.616557889864383,-0.959748774,Hf6Ta6
13.637866597208687,-0.959663194,Nb6Ti6
14.641212098216133,-0.959658569,Cr6Zr6
8.749448166118944,-0.958903725,Hf6Y6
10.38961038961039,-0.956476197,Ti12
15.337423312883436,-0.954071935,V12
7.691342561605212,-0.953797236,Sc6Ti6
6.617647058823529,-0.953376004,Sc12
15.96477984153231,-0.952307277,Nb6Ta6
16.666666666666668,-0.951701144,Ta12
8.683161921956897,-0.950013085,Y6Zr6
12.487791736945454,-0.94854612,La6Os6
10.993223341958531,-0.946481048,Hf6Ti6
12.21444863313257,-0.946379821,Hf6Zr6
8.076536893718293,-0.945818995,Sc6Zr6
8.076536893718293,-0.943913246,Sc6Zr6
15.625,-0.943553103,Nb12
11.734048646613664,-0.942171445,Nb6Sc6
14.649405007169559,-0.942132805,Os6Y6
13.277948467408578,-0.941223808,Cr6Ti6
14.430195915803996,-0.940494271,Hf6Nb6
16.969251867178745,-0.939730448,Cr6Ti6
10.993223341958531,-0.938004021,Hf6Ti6
14.320872050844718,-0.937619388,Nb6Zr6
14.067394525050904,-0.937389452,Re6Ti6
11.903449940688644,-0.937078698,Nb6Ti6
8.939242282660542,-0.937010398,Sc6Ti6
13.616557889864383,-0.935203834,Hf6Ta6
6.861672096777493,-0.933219172,Sc6Y6
9.85704550511178,-0.933073047,Sc6Zr6
11.973502929340034,-0.932389088,W6Y6
15.254237288135593,-0.932111668,W6Y6
9.268875899853407,-0.9296255,Ti6Y6
11.829969982229875,-0.927591857,Ti6V6
10.220523019418271,-0.927178653,Y6Zr6
13.421263999949394,-0.92607836,Ti6W6
13.411020025256969,-0.92541209,Ta6Zr6
8.749448166118944,-0.923496408,Hf6Y6
9.003650960111802,-0.92295531,Sc6Ta6
14.237451369597338,-0.921003709,Ta6Ti6
12.1623012900989,-0.920146687,Ta6Ti6
15.432689254351342,-0.918787342,Nb6V6
14.093421660483344,-0.918433322,W6Zr6
12.166740453972256,-0.917184183,Nb6Y6
11.589627293352446,-0.915210134,Sc6V6
12.249932625741156,-0.913903987,Sc6Ta6
15.711220184404153,-0.913591464,Ta6W6
10.377163190906016,-0.913387787,Hf6Y6
14.64373762506992,-0.912795531,Os6Ti6
20.63975871956925,-0.912607093,Os6Ti6
10.909938148111106,-0.911505304,Ti6Zr6
12.12191137717893,-0.910451815,Hf6Zr6
21.686746987951807,-0.90919288,Cr6Sc6
15.511711573222643,-0.908698586,Tc6Zr6
15.337423312883436,-0.907914489,Sc6V6
20.00097191175193,-0.90718917,Tc6Zr6
18.19549901330199,-0.906448748,Cr6Ta6
16.21125489885758,-0.90637555,Ta6V6
10.909938148111106,-0.905587372,Ti6Zr6
10.220523019418271,-0.905067498,Y6Zr6
15.064615212402126,-0.903726794,Hf6Ta6
15.376836875800764,-0.903549375,Nb6W6
16.666666666666668,-0.903475633,Ta6Y6
13.326755466783169,-0.903139572,Hf6Nb6
7.377049180327869,-0.902642692,Y12
15.309644355427741,-0.902072614,V6W6
14.252590684672837,-0.901478045,Hf6V6
12.307692307692307,-0.900437073,Cu6Hf6
13.47001326636926,-0.900235029,Ti6V6
15.254237288135593,-0.897556068,W6Y6
10.741568318583305,-0.897437562,Hf6La6
8.859984663433194,-0.897293614,La6Ti6
12.307692307692307,-0.896784217,Hf6La6
11.829969982229875,-0.893312589,Ti6V6
11.456324725577526,-0.893045237,Ti6Zr6
8.683161921956897,-0.892379646,Y6Zr6
14.950484956045756,-0.890908463,Ta6Zr6
16.18189326809658,-0.889846403,Ta6W6
12.030075187969924,-0.889286528,Zr12
14.20100919572253,-0.888731552,Hf6W6
11.903449940688644,-0.8877548,Nb6Ti6
29.09090909090909,-0.88748255,Os6Sc6
9.003650960111802,-0.886857232,Sc6Ta6
16.666666666666668,-0.886516818,La6Ta6
18.465490303158646,-0.883223832,Nb6Re6
15.749444726044826,-0.882561779,Hf6Tc6
18.41333360930565,-0.882279733,Ru6Y6
15.528546924913458,-0.882277692,Nb6V6
13.326755466783169,-0.882235243,Hf6Nb6
16.311948504870227,-0.882166534,Nb6Ta6
11.808543682248803,-0.882114424,Ti6W6
11.65487312713577,-0.880877531,Ru6Y6
12.249932625741119,-0.880356841,Mo6Sc6
12.249932625741119,-0.880356841,Mo6Sc6
12.249932625741119,-0.880356841,Mo6Sc6
10.579427560794661,-0.879774517,La6Zr6
15.254237288135593,-0.879511383,W12
12.030075187969924,-0.87913505,La6Zr6
19.321777495176246,-0.878866745,Cr6V6
21.686746987951807,-0.878578305,Cr12
8.269035818012572,-0.877677744,Ti6Y6
21.686746987951807,-0.877451345,Cr12
13.125592082986564,-0.877374473,Nb6Zr6
17.4292281512511,-0.877052018,Cr6Nb6
16.18189326809658,-0.874400269,Ta6W6
15.625,-0.873487191,Nb12
15.432689254351342,-0.873371679,Nb6V6
8.812025449030154,-0.872307033,Nb6Sc6
8.181818181818182,-0.872222406,La6Mo6
13.411020025256935,-0.87168743,Mo6Zr6
14.950484956045674,-0.870364004,Mo6Zr6
13.616557889864314,-0.869518547,Hf6Mo6
19.277320124307515,-0.868031989,Re6Ta6
13.411020025256969,-0.867350071,Ta6Zr6
11.547683323628114,-0.86722694,Sc6W6
13.793122043366127,-0.866000931,Tc6Y6
15.768287123744123,-0.865465411,Mo6V6
15.254237288135593,-0.863439932,W12
14.237451369597284,-0.862350524,Mo6Ti6
16.666666666666668,-0.862257461,La6Ta6
10.38961038961039,-0.86205841,Cr6Ti6
11.808543682248803,-0.861169278,Ti6W6
12.16230129009887,-0.860625594,Mo6Ti6
8.757628844082975,-0.859307339,Sc6V6
16.666666666666664,-0.859018082,La6Mo6
21.686746987951807,-0.858848691,Cr6Ti6
12.166740453972256,-0.858490181,Nb6Y6
16.666666666666668,-0.857171789,La6Ta6
15.337423312883436,-0.856917635,Sc6V6
9.268875899853407,-0.856675998,Ti6Y6
15.254237288135593,-0.856283338,La6W6
9.679911105988936,-0.854621266,Ta6Y6
15.28191571088717,-0.854151054,V6W6
13.220501187158636,-0.853766285,Hf6W6
17.214711168092972,-0.852662591,Cr6V6
16.666666666666668,-0.851386377,Cd6Ta6
16.311948504870283,-0.851336308,Mo6Nb6
15.768287123744084,-0.850539559,Ta6V6
25.789473684210527,-0.85028935,La6Re6
17.432541789888955,-0.850113292,Fe6Hf6
12.307692307692307,-0.849589473,Cd6Hf6
13.507884200023447,-0.848195706,Ir6La6
7.63610211213442,-0.846777041,La6Y6
15.625,-0.844618362,La6Nb6
15.254237288135593,-0.843988282,La6W6
13.637866597208687,-0.843196295,Nb6Ti6
13.616557889864314,-0.842482132,Hf6Mo6
15.309644355427741,-0.842089063,V6W6
15.96477984153231,-0.841050949,Nb6Ta6
25.789473684210527,-0.840314337,Sc6Tc6
7.623149141981991,-0.840083584,La6Sc6
16.147228542537114,-0.839880043,Ru6Zr6
15.625,-0.839600446,La6Nb6
8.812025449030154,-0.839274862,Nb6Sc6
11.734048646613664,-0.839167513,Nb6Sc6
6.861672096777493,-0.839070505,Sc6Y6
20.631016530128505,-0.838457568,Mn6Ta6
16.666666666666664,-0.834921449,Mo6Y6
15.337423312883436,-0.832894473,Hf6V6
12.16230129009887,-0.831582612,Mo6Ti6
12.701647600468311,-0.831015935,Mo6Y6
21.686746987951807,-0.829805845,Cr6Hf6
21.686746987951807,-0.829805845,Cr6Hf6
21.686746987951807,-0.829805845,Cr6Hf6
14.430195915803996,-0.828577387,Hf6Nb6
12.307692307692307,-0.828113977,Hf6Pd6
14.067394525050904,-0.828095745,Tc6Ti6
10.579427560794661,-0.828079282,La6Zr6
10.413975710736244,-0.827840911,Sc6Tc6
14.320872050844718,-0.826637759,Nb6Zr6
17.214711168092972,-0.825813663,Cr6V6
10.840637736455376,-0.825671347,Ru6Sc6
9.374729807851963,-0.824627927,Hf6La6
15.625,-0.823802197,La6Nb6
14.20100919572253,-0.823455796,Hf6W6
16.666666666666668,-0.823118103,Ta6Zn6
15.28191571088717,-0.823058782,V6W6
19.321777495176246,-0.823022455,Cr6V6
13.421263999949394,-0.821631409,Ti6W6
9.374729807851963,-0.821534673,Hf6La6
12.307692307692307,-0.820911804,Hf6Sc6
10.38961038961039,-0.820766223,Sc6Ti6
15.254237288135593,-0.818570536,Cd6W6
14.093421660483344,-0.814777134,W6Zr6
13.125592082986564,-0.813385135,Nb6Zr6
8.757628844082975,-0.813258466,Sc6V6
15.964779841532346,-0.811387547,Mo6Nb6
12.487791736945454,-0.811296389,La6Ru6
15.528546924913458,-0.810493654,Nb6V6
15.711220184404153,-0.810290929,Ta6W6
15.500421806660256,-0.809907112,Nb6W6
16.66666666666671,-0.80921431,Mo6Ta6
15.768287123744123,-0.808861243,Mo6V6
13.220501187158636,-0.808410486,Hf6W6
10.741568318583305,-0.80731033,Hf6La6
21.686746987951807,-0.806221602,Cr6Zr6
16.39470165552261,-0.805068656,Hf6Ru6
8.741767131583462,-0.8045896,Sc6W6
9.679911105988936,-0.804308914,Ta6Y6
15.337423312883436,-0.80261691,V6Zr6
12.70164760046835,-0.802574869,Ta6Y6
18.17221326229451,-0.802408607,Re6W6
7.377049180327869,-0.802010777,Ag6Y6
10.38961038961039,-0.801872135,La6Ti6
12.356954776102782,-0.801564782,Co6Sc6
12.356954776102782,-0.801564782,Co6Sc6
12.356954776102782,-0.801564782,Co6Sc6
20.966349333827676,-0.800465306,Cu6Zr6
18.238219121784766,-0.800375917,Re6V6
18.465490303158646,-0.800164212,Nb6Tc6
9.303706399609725,-0.799880534,La6Zr6
16.21125489885765,-0.79881031,Mo6V6
12.3926660645397,-0.797759406,Fe6Y6
21.1199242974515,-0.797706072,Ti6Zn6
15.376836875800764,-0.797569062,Nb6W6
12.249932625741119,-0.797366066,Mo6Sc6
12.249932625741119,-0.797366066,Mo6Sc6
12.249932625741119,-0.797366066,Mo6Sc6
13.020941679900876,-0.796350129,W6Zr6
9.47389268955678,-0.796087539,Nb6Y6
7.9042519632967885,-0.789961848,La6Y6
12.030075187969924,-0.789149588,Cd6Zr6
85.20710059171599,-0.788627266,Cd6Zr6
12.307692307692307,-0.788540189,Ag6Hf6
62.69430051813472,-0.787843034,Ag6Hf6
7.63610211213442,-0.787398264,La6Y6
16.666666666666664,-0.786631855,Hf6Mo6
15.064615212402146,-0.78648573,Hf6Mo6
15.337423312883436,-0.784445556,Ta6V6
15.964779841532346,-0.783710849,Mo6Nb6
13.020941679900876,-0.783401319,W6Zr6
19.86457106058443,-0.7821598,Cr6Ta6
29.09090909090909,-0.780744944,Ru6Y6
12.030075187969924,-0.780096769,Y6Zr6
7.102627013887903,-0.77957295,La6Sc6
25.789473684210527,-0.779357708,Hf6Re6
19.86457106058435,-0.778274014,Cr6Mo6
17.169402790800216,-0.778052514,Fe6Zr6
6.617647058823529,-0.776159282,Ag6Sc6
11.726178837945744,-0.775222258,Ir6Sc6
12.307692307692307,-0.77505069,Au6Hf6
16.666666666666664,-0.7747315,Mo12
10.38961038961039,-0.774350541,Cd6Ti6
15.254237288135593,-0.773181948,Ta6W6
19.277320124307515,-0.773127525,Ta6Tc6
15.254237288135593,-0.770378631,W6Zn6
14.64373762506992,-0.76972583,Ru6Ti6
8.741767131583462,-0.769570453,Sc6W6
25.789473684210527,-0.76906092,Re6Zr6
21.686746987951807,-0.768699145,Cr6Ta6
19.27732012430758,-0.767018298,Mo6Re6
15.711220184404159,-0.766593256,Mo6W6
16.666666666666664,-0.765718818,Mo6Zr6
12.030075187969924,-0.764454713,Mo6Zr6
13.285080052893928,-0.764267499,Co6Y6
12.307692307692307,-0.764157565,Hf6Ni6
12.606926819699156,-0.762607877,Ir6Y6
16.66666666666666,-0.762381614,Mo6Ta6
18.17221326229451,-0.762329504,Re6W6
7.9042519632967885,-0.762216713,La6Y6
19.762178208631024,-0.762061472,Mn6Nb6
29.09090909090909,-0.761705547,Ru6Sc6
7.623149141981991,-0.761360779,La6Sc6
23.645251417995627,-0.760405659,Hf6Zn6
23.645251417995627,-0.760068782,Hf6Zn6
16.666666666666664,-0.759627278,La6Mo6
14.237451369597284,-0.759495166,Mo6Ti6
21.686746987951807,-0.759210399,Cr6La6
9.398357301706541,-0.758458957,W6Y6
19.014143373974324,-0.75827011,Cu6Ti6
87.27272727272728,-0.7573105,Ti6Zn6
12.030075187969924,-0.757140157,Sc6Zr6
21.64100005074942,-0.755886257,Co6V6
16.600978549617626,-0.755374274,Mn6Zr6
16.666666666666668,-0.754731405,Hg6Ta6
16.666666666666668,-0.754445142,Cu6Ta6
16.1818932680966,-0.753490974,Mo6W6
24.40926546724408,-0.753370292,Ni6Ta6
21.686746987951807,-0.753027292,Cr6Nb6
27.72295584825959,-0.752721573,Nb6Zn6
85.20710059171599,-0.752681164,Cd6Sc6
16.21125489885765,-0.752395036,Mo6V6
16.666666666666668,-0.750986303,Ag6Ta6
26.05612063107029,-0.750733645,Cu6Ta6
23.288333427129768,-0.749997441,Zn6Zr6
9.00365096011178,-0.748612109,Mo6Sc6
9.00365096011178,-0.748612109,Mo6Sc6
9.00365096011178,-0.748612109,Mo6Sc6
15.254237288135593,-0.748525169,V6W6
21.648367506853898,-0.746658468,Re6W6
12.307692307692307,-0.746579419,Hf6Hg6
15.254237288135593,-0.746565813,Cu6W6
18.19549901330202,-0.746513023,Cr6Mo6
16.1818932680966,-0.746343224,Mo6W6
13.348012565379209,-0.746217372,La6Rh6
10.38961038961039,-0.745925393,Hf6Ti6
25.789473684210527,-0.745167692,Hf6Tc6
6.617647058823529,-0.743892431,Cd6Sc6
19.86457106058435,-0.743453103,Cr6Mo6
19.04706541463031,-0.742800574,Re6Ti6
16.311948504870283,-0.742286143,Mo6Nb6
21.648367506853898,-0.74220274,Re6W6
12.307692307692307,-0.742009131,Hf12
15.711220184404159,-0.74101129,Mo6W6
16.38813450457503,-0.740848974,Re6Sc6
12.307692307692307,-0.739253298,Hf6Pt6
43.85964912280702,-0.73921561,Hf6Pt6
12.030075187969924,-0.738776963,Tc6Zr6
25.789473684210527,-0.738707302,Tc6Zr6
9.47389268955678,-0.73771463,Nb6Y6
20.792216886194808,-0.735502209,Ir6Nb6
11.996301600592492,-0.735187645,La6Tc6
21.1199242974515,-0.735157849,Ti6Zn6
12.307692307692307,-0.734806278,Hf6Zr6
27.668242114724052,-0.734541103,Ir6Nb6
12.307692307692307,-0.734239601,Hf6Zn6
16.666666666666668,-0.734204362,Ta6V6
12.030075187969924,-0.732703382,Pd6Zr6
15.625,-0.732681069,Cd6Nb6
15.625,-0.732357253,Nb6Zn6
17.152409481785774,-0.732194393,Cr6W6
85.20710059171599,-0.732194257,Cd6Nb6
14.526003741187527,-0.731883503,La6Tc6
12.307692307692307,-0.731622682,Hf6W6
7.377049180327869,-0.731589212,Cd6Y6
21.337430906902362,-0.731427984,Fe6Ta6
9.594362339988777,-0.731337779,La6Ti6
20.546132032915732,-0.729951087,Nb6Rh6
10.371688529349207,-0.727723835,La6Ta6
22.29690427050213,-0.725657266,Mo6Re6
12.030075187969924,-0.723656957,Ag6Zr6
62.69430051813472,-0.723307155,Ag6Zr6
15.254237288135593,-0.722673946,Ag6W6
10.150946951957902,-0.72132535,La6Nb6
9.00365096011178,-0.718384752,Mo6Sc6
9.00365096011178,-0.718384752,Mo6Sc6
9.00365096011178,-0.718384752,Mo6Sc6
16.666666666666668,-0.716254509,Au6Ta6
18.238219121784766,-0.715812324,Tc6V6
19.27732012430758,-0.71537735,Mo6Tc6
23.381312956684226,-0.715174081,Nb6Ni6
15.634905117261043,-0.713258127,Sc6Zn6
11.306675421666153,-0.712950366,La6Nb6
12.030075187969924,-0.712609816,Ni6Zr6
14.15984650809581,-0.71142544,Ta6Zr6
18.19549901330202,-0.709968135,Cr6Mo6
6.617647058823529,-0.708506339,Cu6Sc6
19.27732012430758,-0.707433938,Mo6Re6
7.102627013887903,-0.706487118,La6Sc6
19.04706541463031,-0.705103964,Tc6Ti6
25.789473684210527,-0.704627493,La6Re6
7.377049180327869,-0.704130749,Cu6Y6
6.617647058823529,-0.701146748,Sc6Zn6
28.375508730749086,-0.700101831,Co6Hf6
18.68788459222437,-0.699929311,Co6Hf6
6.617647058823529,-0.69954495,La6Sc6
22.29690427050213,-0.699540324,Mo6Re6
20.85714761766886,-0.698938953,Ag6Zr6
18.405796569378705,-0.698376493,Co6Zr6
12.168092038275244,-0.698105468,Hf6Zr6
14.076012932203518,-0.697198377,Cu6Sc6
7.377049180327869,-0.696251965,Au6Y6
21.562679201600766,-0.696188154,Co6W6
8.922487976181037,-0.695944068,Sc6Zr6
25.789473684210527,-0.694683909,Re6Sc6
15.337423312883436,-0.694265534,V6Zn6
24.95881376396679,-0.693316401,Cu6Nb6
12.030075187969924,-0.693090682,Zn6Zr6
29.940270054653826,-0.693021429,Cu6Sc6
21.562679201600766,-0.692298695,Co6W6
27.381744820370805,-0.690505192,V6Zn6
10.38961038961039,-0.690483015,Ag6Ti6
21.449436652492004,-0.689697014,Rh6Ta6
8.181818181818182,-0.687573846,La12
12.030075187969924,-0.687288943,Au6Zr6
23.285823759019014,-0.686865126,Pd6Ta6
12.307692307692307,-0.68678009,Hf6V6
62.69430051813472,-0.686154092,Ag6Ti6
20.536308615278216,-0.684479776,Ir6V6
12.307692307692307,-0.683182201,Hf6Nb6
12.030075187969924,-0.683125057,Hg6Zr6
21.64100005074942,-0.68179823,Co6V6
18.916731353910283,-0.681314139,Ru6W6
19.27732012430758,-0.680210446,Mo6Tc6
19.28678212313384,-0.679200359,Cr6W6
10.413975710736244,-0.679198046,Re6Sc6
43.08510638297873,-0.678222654,Co6Sc6
43.08510638297873,-0.678222654,Co6Sc6
43.08510638297873,-0.678222654,Co6Sc6
16.666666666666668,-0.678031086,Pd6Ta6
20.293252546743325,-0.67713175,Rh6V6
22.29690427050213,-0.676703034,Mo6Tc6
18.985441482596283,-0.676193093,Os6V6
15.337423312883436,-0.6743834,Cd6V6
15.337423312883436,-0.673108683,Cd6V6
7.377049180327869,-0.672301321,Hg6Y6
12.457718404179822,-0.672236966,Rh6Y6
8.181818181818182,-0.671628928,La12
16.692007240274222,-0.670360333,Co6Ti6
15.254237288135593,-0.66852234,Mo6W6
14.23450183450921,-0.665759976,Co6La6
20.067114596959666,-0.665646097,Mo6Ru6
85.20710059171599,-0.664876695,Cd6V6
9.374729807851963,-0.664383897,Hf6La6
22.29690427050213,-0.664167294,Mo6Tc6
25.43153475002815,-0.663808784,Cr6Fe6
10.38961038961039,-0.66269924,Hg6Ti6
15.625,-0.662635157,Mo6Nb6
19.448306599975915,-0.66188766,Mn6W6
25.789473684210527,-0.661591328,Cd6Re6
23.381312956684226,-0.661540035,Nb6Ni6
72.0,-0.66053022,Hg6Sc6
19.222023995715745,-0.659958237,Nb6Os6
24.651623486497844,-0.659828031,Cu6V6
15.625,-0.659415914,Ag6Nb6
15.254237288135593,-0.658091536,Au6W6
15.254237288135593,-0.657020904,Pd6W6
47.63779527559055,-0.656967162,Au6W6
24.40926546724408,-0.656673551,Ni6Ta6
15.133255888541106,-0.655979116,Cu6Y6
10.38961038961039,-0.654862225,Cu6Ti6
6.617647058823529,-0.65310573,Hg6Sc6
25.43153475002815,-0.652150883,Cr6Fe6
16.666666666666664,-0.652046799,Cd6Mo6
21.706340553580944,-0.65169863,Ir6Ta6
16.666666666666664,-0.651204607,Cr6Mo6
25.538330583986234,-0.65083426,Mn6Mo6
7.377049180327869,-0.648078291,Y6Zn6
43.08510638297873,-0.64674126,Co6Y6
16.809235759598973,-0.645906279,Y6Zn6
15.625,-0.644497001,Hg6Nb6
20.067114596959666,-0.644105837,Mo6Os6
23.009960657726687,-0.643171534,Ni6W6
18.916731353910283,-0.642141584,Ru6W6
30.535303984414355,-0.641831646,Co6V6
18.916731353910283,-0.641232043,Os6W6
16.666666666666668,-0.641158028,Cr6Ta6
23.01022599305774,-0.640233657,Pt6Ta6
21.449436652492004,-0.639022343,Rh6Ta6
21.449436652491983,-0.638534034,Mo6Rh6
26.056120631070357,-0.637616739,Cu6Mo6
22.305182984487814,-0.637409932,Nb6Pd6
29.82295869920955,-0.637119042,Cr6Fe6
20.631016530128548,-0.636446105,Mn6Mo6
15.625,-0.63549738,Cu6Nb6
63.684210526315795,-0.635279145,Cu6Re6
25.789473684210527,-0.634975602,Cu6Re6
22.976141728016536,-0.634006876,Cr6Re6
34.97267759562841,-0.633305231,Fe6Hf6
9.679911105988978,-0.632821821,Mo6Y6
31.612903225806452,-0.632565898,Mn6Ta6
31.055619590343433,-0.632293103,Cr6Cu6
19.6411888789814,-0.630499465,Ni6Zr6
21.686746987951807,-0.630405586,Cr6Zn6
24.52322728609278,-0.630291162,Ag6V6
16.137430609197565,-0.629885712,Mo6Nb6
19.014143373974324,-0.629867345,Cu6Ti6
25.789473684210527,-0.629777547,Re6Zn6
87.27272727272728,-0.629076446,Re6Zn6
19.222023995715745,-0.628619703,Nb6Ru6
15.337423312883436,-0.628281465,Ag6V6
47.63779527559055,-0.628107721,Au6Ti6
18.916731353910283,-0.626117752,Os6W6
9.303706399609725,-0.625478148,La6Zr6
10.38961038961039,-0.62465582,Au6Ti6
20.219809324723872,-0.62409962,Rh6W6
20.81837445204189,-0.623571855,Fe6Y6
6.617647058823529,-0.623357837,Au6Sc6
15.337423312883436,-0.622612654,Ag6V6
15.625,-0.622302988,Au6Nb6
47.63779527559055,-0.622237,Au6Nb6
12.030075187969924,-0.621889647,Pt6Zr6
30.479998807464153,-0.621795904,Co6W6
16.666666666666664,-0.621623112,Mo6Zn6
87.27272727272728,-0.620832485,Mo6Zn6
10.413975710736244,-0.620037368,Re6Sc6
20.219809324723872,-0.618791631,Rh6W6
23.917477433531825,-0.617958282,Cr6Ru6
15.625,-0.617522764,Nb6Pd6
34.97267759562841,-0.617506437,Fe6Y6
16.666666666666664,-0.616801254,Ag6Mo6
52.35602094240838,-0.615999607,Ni6W6
29.82295869920955,-0.615731983,Cr6Fe6
11.587394454603984,-0.615506673,Rh6Sc6
25.789473684210527,-0.613233026,Ag6Re6
23.917477433531825,-0.61304241,Cr6Os6
20.546132032915732,-0.611105368,Nb6Rh6
25.538330583986234,-0.611014618,Mn6Mo6
23.917477433531825,-0.608851993,Cr6Ru6
23.917477433531825,-0.608243954,Cr6Os6
24.409265467244165,-0.60661372,Mo6Ni6
29.09090909090909,-0.605296281,La6Ru6
16.666666666666664,-0.605260634,Mo6Ti6
21.706340553580965,-0.605153013,Ir6Mo6
12.030075187969924,-0.605110155,W6Zr6
24.651623486497844,-0.604741033,Cu6V6
23.28582375901905,-0.604244425,Mo6Pd6
20.067114596959666,-0.603301959,Mo6Ru6
25.920409208731044,-0.602948211,Ag6Mo6
22.305182984487814,-0.601748461,Nb6Pd6
30.479998807464153,-0.601596349,Co6W6
21.68764791507217,-0.601216342,Tc6V6
25.56503151557588,-0.600472791,Cr6Rh6
16.99255226071996,-0.600290203,Pd6Ti6
23.501143636448482,-0.600075097,Ru6V6
27.7537740459168,-0.599902305,Cr6Pd6
18.985441482596283,-0.59966162,Ru6V6
15.254237288135593,-0.596738437,Pt6W6
22.03065329670698,-0.595920055,Pd6V6
30.535303984414355,-0.595659098,Co6V6
34.97267759562841,-0.594137709,Fe6Zr6
20.067114596959666,-0.593537562,Mo6Os6
21.68764791507217,-0.593409533,Re6V6
24.95881376396679,-0.593256741,Cu6Nb6
15.625,-0.592959048,Cr6Nb6
20.067114596959645,-0.592111277,Os6Ta6
7.377049180327869,-0.591903246,Fe6Y6
10.150946951957902,-0.591758482,La6Nb6
25.789473684210527,-0.591700113,La6Tc6
10.38961038961039,-0.591616166,Ti6V6
16.666666666666664,-0.59127167,Mo6Pd6
22.041191524984278,-0.590736422,Nb6Pt6
14.17677119312447,-0.589655314,Ni6Y6
21.686746987951807,-0.589161291,Cr6La6
31.055619590343433,-0.588429169,Cr6Cu6
24.409265467244165,-0.586107086,Mo6Ni6
13.278311242974036,-0.584980942,Fe6La6
10.38961038961039,-0.584888016,Ta6Ti6
23.009960657726687,-0.584647739,Ni6W6
22.29690427050197,-0.583409213,Ta6Tc6
15.337423312883436,-0.582067556,Cu6V6
23.4585786464942,-0.581256248,Ru6W6
16.666666666666664,-0.58091597,Cu6Mo6
21.706340553580944,-0.58081039,Ir6Ta6
31.612903225806452,-0.580273917,Mn6Nb6
21.449436652491983,-0.579404514,Mo6Rh6
20.067114596959645,-0.578844911,Ru6Ta6
25.789473684210527,-0.57872178,Re6Tc6
15.254237288135593,-0.577620943,Rh6W6
22.976141728016536,-0.576618748,Cr6Tc6
24.34219797921654,-0.576331804,Cr6Tc6
29.09090909090909,-0.575484305,Hf6Os6
20.293252546743325,-0.572969565,Rh6V6
21.82235725670702,-0.572045331,Nb6Tc6
6.617647058823529,-0.572002745,Sc6Zr6
10.371688529349207,-0.571950091,La6Ta6
23.4585786464942,-0.568383767,Ru6W6
22.03065329670698,-0.567641577,Pd6V6
31.612903225806452,-0.566010662,Mn6Zr6
29.09090909090909,-0.565531062,Os6Zr6
29.09090909090909,-0.564355394,Ru6Zr6
34.97267759562841,-0.562840128,Fe6La6
29.09090909090909,-0.561991813,La6Ru6
16.666666666666668,-0.55998266,Rh6Ta6
6.617647058823529,-0.559912047,Hf6Sc6
20.631016530128548,-0.559846876,Mn6Mo6
25.789473684210527,-0.559529319,Nb6Tc6
18.17221326229451,-0.559483468,Tc6W6
25.789473684210527,-0.559478978,Tc12
7.377049180327869,-0.559393398,Pd6Y6
20.46198575009835,-0.559357887,Ir6W6
25.871228663511324,-0.558840463,Cr6Ir6
22.29690427050197,-0.557677992,Re6Ta6
62.69430051813472,-0.557652414,Ag6La6
20.46198575009835,-0.554002687,Ir6W6
26.84607198921629,-0.553939284,Ru6Tc6
8.181818181818182,-0.552784569,Ag6La6
21.686746987951807,-0.550842901,Cr6Cu6
25.789473684210527,-0.549665328,Re6Tc6
25.789473684210527,-0.549632947,Re6Tc6
20.536308615278216,-0.548892933,Ir6V6
15.337423312883436,-0.548837422,Au6V6
15.254237288135593,-0.548283534,Co6W6
45.45454545454545,-0.546334791,Pd6V6
12.030075187969924,-0.545815189,Cr6Zr6
21.82235725670702,-0.545341167,Nb6Re6
25.56503151557588,-0.545305112,Cr6Rh6
24.34219797921654,-0.543979237,Cr6Re6
29.09090909090909,-0.5435644,Hf6Ru6
25.789473684210527,-0.543362491,Ta6Tc6
24.161345294850822,-0.542904252,Mo6Ru6
16.666666666666664,-0.542738806,Mo6W6
28.54551925857912,-0.542700302,Fe6Tc6
23.28582375901905,-0.542362201,Mo6Pd6
23.4585786464942,-0.542144782,Os6W6
6.617647058823529,-0.541536199,Re6Sc6
47.63779527559055,-0.540980679,Au6V6
26.84607198921629,-0.540946937,Re6Ru6
24.161345294850822,-0.540342436,Mo6Ru6
25.789473684210527,-0.538785809,Tc12
26.37766406835035,-0.538295868,Cr6Ru6
30.601123803922444,-0.537876268,Co6Re6
28.695362141808708,-0.537331904,Rh6Tc6
29.09090909090909,-0.535664255,Os6Ti6
20.63975871956925,-0.535437448,Ru6Ti6
25.789473684210527,-0.534697298,Pd6Re6
21.706340553580965,-0.534108988,Ir6Mo6
25.789473684210527,-0.533561903,Re6Tc6
31.15210699287779,-0.53131125,Pd6Tc6
25.789473684210527,-0.531238867,Re6Ta6
11.982384362269938,-0.530493548,Mn6Y6
21.769911014446514,-0.52795078,Pt6V6
27.017186656896477,-0.527363966,Nb6Rh6
25.789473684210527,-0.527306142,Ni6Re6
25.789473684210527,-0.527306142,Ni6Re6
25.789473684210527,-0.527306142,Ni6Re6
28.54551925857912,-0.525895096,Fe6Tc6
35.526315789473685,-0.523297633,Mo6Rh6
25.789473684210527,-0.523229877,Re6V6
26.056120631070357,-0.522698166,Cu6Mo6
15.839943223088637,-0.521716788,Ir6Ti6
52.35602094240838,-0.521059905,Nb6Ni6
32.65506332618472,-0.518803129,Ni6Re6
32.65506332618472,-0.518803129,Ni6Re6
32.65506332618472,-0.518803129,Ni6Re6
17.259529468623047,-0.517359973,Rh6Zr6
30.601123803922444,-0.517231263,Co6Re6
24.762219090381027,-0.517198202,Rh6Zr6
52.35602094240838,-0.516578734,Mo6Ni6
36.81818181818181,-0.515766883,Ir6Y6
16.666666666666664,-0.515256941,Au6Mo6
24.161345294850822,-0.514129574,Mo6Os6
28.695362141808708,-0.512898939,Re6Rh6
15.337423312883436,-0.512070216,Re6V6
25.789473684210527,-0.511985045,Re12
27.7537740459168,-0.51145279,Cr6Pd6
23.4585786464942,-0.509727996,Os6W6
26.37766406835035,-0.509177238,Cr6Os6
26.84607198921629,-0.508614643,Os6Tc6
26.84607198921629,-0.508437905,Ru6Tc6
15.625,-0.508119259,Nb6Rh6
31.596095357339493,-0.507662244,Fe6Tc6
25.789473684210527,-0.507218835,Re6Rh6
16.666666666666668,-0.506966993,Mn6Ta6
15.652470664229797,-0.506506713,Rh6Ti6
35.526315789473685,-0.505708875,Rh6Y6
24.161345294850822,-0.503360941,Mo6Os6
17.466250070347254,-0.503276449,Ir6Zr6
8.181818181818182,-0.501943364,Cd6La6
25.871228663511324,-0.501775606,Cr6Ir6
19.834282218297567,-0.500618169,Tc6W6
34.98789091701827,-0.500469867,Nb6Ni6
23.64930846223443,-0.500089044,Cr6Tc6
27.60469996255612,-0.50004224,Rh6Ta6
23.64930846223443,-0.499939517,Cr6Tc6
21.648367506853898,-0.499917068,Tc6W6
26.84607198921629,-0.498806435,Re6Ru6
32.65506332618472,-0.497709545,Ni6Re6
32.65506332618472,-0.497709545,Ni6Re6
32.65506332618472,-0.497709545,Ni6Re6
16.666666666666664,-0.495989921,Mo6Sc6
16.666666666666664,-0.495989921,Mo6Sc6
16.666666666666664,-0.495989921,Mo6Sc6
24.795512385325946,-0.494414246,Mn6W6
12.307692307692307,-0.493412323,Hf6Tc6
35.526315789473685,-0.493221571,Cd6Rh6
12.030075187969924,-0.493129596,Fe6Zr6
17.524049753018105,-0.492896939,Hf6Rh6
25.789473684210527,-0.491666032,Re12
17.86728145422899,-0.490947516,Cd6La6
19.277320124307515,-0.489814842,Ta6Tc6
31.596095357339493,-0.487695075,Fe6Tc6
15.254237288135593,-0.48627777,Ru6W6
35.74873443902364,-0.485639799,Ni6Ta6
29.09090909090909,-0.484871077,Ru6Zn6
25.789473684210527,-0.484114873,Ag6Tc6
12.030075187969924,-0.484038001,Mn6Zr6
25.789473684210527,-0.48328411,Pd6Tc6
25.789473684210527,-0.481917418,Cu6Tc6
28.695362141808708,-0.481455641,Re6Rh6
34.85824964229777,-0.481064885,Cu6Tc6
6.617647058823529,-0.480999578,Sc6V6
34.98789091701827,-0.480931822,Nb6Ni6
26.850409649968974,-0.478592731,Rh6V6
16.666666666666668,-0.478315583,Fe6Ta6
27.945959272966398,-0.477412029,Re6Ru6
27.668242114724052,-0.477370532,Ir6Nb6
27.945959272966398,-0.47690372,Ru6Tc6
31.15210699287779,-0.476877053,Pd6Tc6
20.792216886194808,-0.476505074,Ir6Nb6
12.307692307692307,-0.47613908,Hf6Re6
29.09090909090909,-0.475306956,Os6Zr6
17.73393856349673,-0.470553944,Hf6Ir6
23.01022599305773,-0.470261149,Mo6Pt6
28.695362141808708,-0.469338139,Rh6Tc6
26.37766406835035,-0.469148884,Cr6Ru6
26.84607198921629,-0.46813077,Os6Tc6
16.79143807684989,-0.467562597,Pt6Ti6
43.08510638297873,-0.466675369,Co6La6
29.09090909090909,-0.466177537,Hf6Os6
8.181818181818182,-0.466116448,Au6La6
36.310503639177135,-0.464431519,Co6Re6
43.08510638297873,-0.464408253,Co6Ti6
34.97267759562841,-0.46255992,Fe6Ta6
8.181818181818182,-0.462176919,Hg6La6
26.801778509514712,-0.460474303,Rh6W6
36.81818181818181,-0.459237138,Ir6Zn6
35.526315789473685,-0.458831416,Rh6Sc6
35.526315789473685,-0.458281202,La6Rh6
10.371688529349273,-0.457862282,La6Mo6
27.945959272966398,-0.457249074,Ru6Tc6
27.945959272966398,-0.456822399,Re6Ru6
29.039051843166696,-0.45646974,Ir6Tc6
26.84607198921629,-0.454778144,Os6Re6
27.604699962556055,-0.453256348,Mo6Rh6
7.377049180327869,-0.451851696,Y6Zr6
25.789473684210527,-0.450272075,Re6Ru6
43.08510638297873,-0.448717897,Co12
36.81818181818181,-0.447340593,Ir6Zn6
18.0105122666979,-0.445903968,La6Zn6
12.030075187969924,-0.445782197,Re6Zr6
26.37766406835035,-0.443576306,Cr6Os6
26.801778509514712,-0.442771665,Rh6W6
6.617647058823529,-0.441874914,Nb6Sc6
16.214758048116828,-0.441825798,Cu6La6
36.81818181818181,-0.44166906,Cd6Ir6
34.85824964229777,-0.43921228,Cu6Tc6
25.789473684210527,-0.438248725,Mo6Re6
7.377049180327869,-0.437111561,W6Y6
27.017186656896477,-0.436995233,Nb6Rh6
27.60469996255612,-0.4353767,Rh6Ta6
36.310503639177135,-0.434650836,Co6Re6
21.686746987951807,-0.434027015,Cr6Tc6
7.377049180327869,-0.433952728,Hf6Y6
36.81818181818181,-0.433537346,Ir6La6
15.189917919387339,-0.432811891,La6Ni6
36.81818181818181,-0.432541137,Ir6Sc6
16.666666666666664,-0.43234263,Mo6Ru6
27.42529616155214,-0.432063169,Cr6Pt6
35.748734439023565,-0.431750919,Mo6Ni6
35.74873443902364,-0.431187371,Ni6Ta6
28.20077411527756,-0.431053355,La6Ni6
35.748734439023565,-0.430865868,Mo6Ni6
16.666666666666664,-0.428850593,Ir6Mo6
17.524049753018105,-0.427577645,Hf6Rh6
27.497446144535054,-0.426601572,Ir6V6
26.84607198921629,-0.425789177,Os6Re6
43.08510638297873,-0.425767544,Co6Zr6
12.579445766693105,-0.424848343,Pd6Sc6
8.181818181818182,-0.42257524,Cu6La6
26.850409649968974,-0.422033734,Rh6V6
12.579445766693105,-0.422001352,Pd6Sc6
27.604699962556055,-0.421788423,Mo6Rh6
27.945959272966398,-0.420828541,Os6Tc6
8.181818181818182,-0.417776649,La12
23.501143636448482,-0.416432134,Ru6V6
21.769911014446514,-0.414363253,Pt6V6
25.789473684210527,-0.413517115,Tc6Zn6
29.09090909090909,-0.412194369,Os6W6
22.041191524984278,-0.411627692,Nb6Pt6
29.09090909090909,-0.411165643,Ru12
25.789473684210527,-0.411087274,Re6Tc6
33.15995394101429,-0.410892441,Co6Ru6
43.08510638297873,-0.408430355,Co6Hf6
28.269913213682084,-0.408376748,Ir6Ta6
15.254237288135593,-0.408134839,Sc6W6
25.789473684210527,-0.407946808,Pt6Re6
42.70674900830959,-0.406855632,Cu6Fe6
29.09090909090909,-0.404833282,Mo6Os6
52.35602094240838,-0.404760083,Ni6Y6
30.136877455871208,-0.404449193,Cr6Rh6
7.377049180327869,-0.404229869,Ni6Y6
25.552521879127443,-0.403560605,Hf6Ir6
30.136877455871208,-0.402990527,Cr6Rh6
15.625,-0.401377164,Ir6Nb6
7.377049180327869,-0.401255121,Pt6Y6
34.708932309708544,-0.400917428,Ni6W6
33.75700969900199,-0.400912121,Pd6Ru6
25.789473684210527,-0.400632796,Hf6Re6
7.377049180327869,-0.400032105,Nb6Y6
8.181818181818182,-0.395414741,La6Zn6
29.039051843166696,-0.394722076,Ir6Tc6
29.09090909090909,-0.393893353,Ru6W6
35.385641480865665,-0.393148986,Ni6Ru6
35.385641480865665,-0.393148986,Ni6Ru6
35.385641480865665,-0.393148986,Ni6Ru6
15.254237288135593,-0.392055904,Os6W6
34.708932309708544,-0.391042416,Ni6W6
23.64711721547978,-0.389703072,Nb6Ru6
27.945959272966398,-0.388829859,Os6Tc6
12.838708649660969,-0.388703734,La6Mn6
27.39049533049298,-0.388520601,Re6Ru6
23.01022599305773,-0.388205357,Mo6Pt6
35.526315789473685,-0.387682355,Rh6Zn6
29.039051843166696,-0.387656232,Ir6Re6
43.08510638297873,-0.387233095,Co6Sc6
43.08510638297873,-0.387233095,Co6Sc6
43.08510638297873,-0.387233095,Co6Sc6
36.81818181818181,-0.38702003,Ir6Pt6
36.81818181818181,-0.386830094,Ir6Re6
30.932462150801275,-0.386167905,Fe6Ru6
27.42529616155214,-0.385658372,Cr6Pt6
29.039051843166696,-0.385549935,Ir6Re6
20.146187085551805,-0.385024891,La6Mn6
47.436441826788936,-0.384840942,Fe6Zn6
27.497446144535054,-0.38351602,Ir6V6
32.89059175568218,-0.382333957,Fe6Os6
36.81818181818181,-0.381685238,Cu6Ir6
27.945959272966398,-0.381025906,Os6Re6
30.932462150801275,-0.380133236,Fe6Os6
23.01022599305774,-0.379668602,Pt6Ta6
12.030075187969924,-0.376634533,Ru6Zr6
25.789473684210527,-0.376304187,Cr6Tc6
31.094834720453296,-0.375418456,Rh6Ru6
29.09090909090909,-0.374250135,Ru12
28.26991321368211,-0.373053243,Ir6Mo6
33.15995394101429,-0.373049841,Co6Os6
10.38961038961039,-0.372653371,Co6Ti6
19.46273252292337,-0.371636618,Mn6Y6
24.161345294850808,-0.370424487,Ru6Ta6
25.789473684210527,-0.368834798,Tc12
40.735285340453586,-0.368792756,Cu6Mo6
29.09090909090909,-0.368532615,Os6Ru6
33.75700969900199,-0.365895288,Os6Pd6
28.26991321368211,-0.36454125,Ir6Mo6
27.44764309932942,-0.364350906,Ir6W6
41.34838786919518,-0.363628036,Ni6Re6
41.34838786919518,-0.363628036,Ni6Re6
41.34838786919518,-0.363628036,Ni6Re6
25.789473684210527,-0.362140797,Cr6Re6
28.269913213682084,-0.361739566,Ir6Ta6
36.81818181818181,-0.361580107,Ir6Pd6
21.686746987951807,-0.36128568,Cr6Os6
43.08510638297873,-0.361221597,Co6Y6
39.622205641907485,-0.360918326,Cu6V6
21.686746987951807,-0.359031353,Cr6Ir6
37.798149997100005,-0.357831467,Co6Ru6
32.89059175568218,-0.356832537,Fe6Ru6
30.932462150801275,-0.356369807,Fe6Os6
45.45454545454545,-0.355953201,Ir6Pd6
7.377049180327869,-0.355557819,Co6Y6
34.97267759562841,-0.354356573,Cd6Fe6
29.09090909090909,-0.354322695,Os6Ru6
31.928678286819334,-0.353206212,Rh6Tc6
23.501143636448482,-0.351946325,Os6V6
29.09090909090909,-0.351022634,Cr6Ru6
30.863110679141077,-0.350957463,Cr6Ir6
25.789473684210527,-0.350751745,Os6Re6
27.44764309932942,-0.349869416,Ir6W6
33.15995394101429,-0.349431857,Co6Ru6
32.89059175568218,-0.349065591,Fe6Os6
16.666666666666664,-0.34842177,Mo6Os6
38.56789069492081,-0.348211698,Pd6Rh6
52.35602094240838,-0.347882713,Ni6Zn6
31.928678286819334,-0.347090181,Re6Rh6
35.385641480865665,-0.3470012,Ni6Os6
29.09090909090909,-0.346483367,Ni6Os6
27.945959272966398,-0.346376154,Os6Re6
31.928678286819334,-0.346356154,Rh6Tc6
29.09090909090909,-0.343404671,Co6Os6
41.34838786919518,-0.342465742,Ni6Re6
41.34838786919518,-0.342465742,Ni6Re6
41.34838786919518,-0.342465742,Ni6Re6
8.181818181818182,-0.34171811,La6Y6
30.932462150801275,-0.34153348,Fe6Ru6
39.171539818761545,-0.340982722,Os6Pd6
43.85964912280702,-0.340017534,Ag6Pt6
33.75700969900199,-0.339129355,Os6Pd6
31.928678286819334,-0.339126225,Re6Rh6
31.612903225806452,-0.33896459,Mn6Y6
35.385641480865665,-0.338296686,Ni6Ru6
35.385641480865665,-0.338296686,Ni6Ru6
35.385641480865665,-0.338296686,Ni6Ru6
25.789473684210527,-0.338007973,Re12
55.88840021707842,-0.337988381,Cu6Ni6
44.47193065312774,-0.337701029,Cr6Cu6
37.798149997100005,-0.337582659,Co6Os6
15.337423312883436,-0.335869431,Ru6V6
29.09090909090909,-0.33586739,Fe6Os6
35.385641480865665,-0.33534221,Ni6Os6
29.09090909090909,-0.334942611,Os6Ru6
29.09090909090909,-0.334694171,Cu6Os6
39.49729300659397,-0.331729491,Ir6Pd6
87.27272727272728,-0.33168568,Os6Zn6
29.09090909090909,-0.331601053,Os6Zn6
32.89059175568218,-0.33159289,Fe6Ru6
37.798149997100005,-0.329354073,Co6Ru6
44.47193065312774,-0.328982502,Cr6Cu6
34.97267759562841,-0.328355143,Fe6Tc6
33.15995394101429,-0.327844385,Co6Os6
49.07896205989386,-0.327433902,Co6Cu6
37.88574552216493,-0.327171856,Co6Rh6
27.39049533049298,-0.326065169,Re6Ru6
30.863110679141077,-0.326054829,Cr6Ir6
25.789473684210527,-0.325535091,Cu6Re6
31.094834720453296,-0.325144744,Os6Rh6
33.75700969900199,-0.325142839,Pd6Ru6
36.81818181818181,-0.324119827,Ir12
43.15628353253199,-0.321869038,Cu6Rh6
25.789473684210527,-0.321723185,Ir6Tc6
43.15628353253199,-0.321332021,Cu6Rh6
36.81818181818181,-0.321206849,Cd6Ir6
12.030075187969924,-0.318881364,Os6Zr6
30.783408372589548,-0.317942435,Pt6Tc6
43.042437041050164,-0.31762964,Ni6Ru6
43.042437041050164,-0.31762964,Ni6Ru6
43.042437041050164,-0.31762964,Ni6Ru6
47.11602815177618,-0.316595608,Cu6Re6
15.254237288135593,-0.315790151,Tc6W6
36.81818181818181,-0.315647971,Ag6Ir6
45.97696759003451,-0.315235991,Co6Ni6
29.09090909090909,-0.315136941,Ru6V6
37.88574552216493,-0.314974217,Co6Rh6
52.35602094240838,-0.314716661,Cd6Ni6
23.64711721547978,-0.314538427,Nb6Os6
12.430562601286985,-0.314158556,Pt6Sc6
13.364216528490893,-0.313268608,Pt6Y6
29.09090909090909,-0.313083434,Os6Ru6
43.85964912280702,-0.312314032,Pt12
30.783408372589548,-0.311076595,Pt6Tc6
28.177353576820757,-0.310117802,Au6Mo6
43.85964912280702,-0.309796707,Cu6Pt6
49.66541001053532,-0.309619017,Cu6Pt6
25.789473684210527,-0.308475867,Os6Tc6
29.09090909090909,-0.308441036,Os6Pt6
37.62984006493562,-0.308433825,Pd6Re6
14.490798670671941,-0.307524829,La6Pd6
40.401873424643824,-0.307160604,Co6Rh6
42.484313990700315,-0.307076657,Ag6Fe6
37.798149997100005,-0.306850803,Co6Os6
44.38496431604935,-0.306656241,Pd6Pt6
32.533775288165764,-0.306614336,Pd6Ta6
55.88840021707842,-0.305950786,Cu6Ni6
35.526315789473685,-0.305548466,Cu6Rh6
29.09090909090909,-0.305306965,Ru6Tc6
25.664618969482543,-0.305102607,La6Pd6
45.45454545454545,-0.304953625,Ir6Pd6
27.678978321428122,-0.304628721,Cu6Zr6
8.181818181818182,-0.303169919,La6Ni6
42.70674900830959,-0.302519567,Cu6Fe6
63.684210526315795,-0.302497117,Cu6Pt6
32.53377528816574,-0.30236487,Mo6Pd6
62.69430051813472,-0.302025952,Ag6Fe6
29.09090909090909,-0.301764179,Os6Rh6
45.97696759003451,-0.300393814,Co6Ni6
34.797998643682575,-0.300016936,Cu6Ti6
34.97267759562841,-0.299299916,Fe6Hf6
35.51809656928843,-0.297858665,Cr6Pd6
25.789473684210527,-0.297853359,Pt6Tc6
40.735285340453586,-0.297052392,Cu6Mo6
46.62650544307464,-0.296998105,Ag6Re6
40.31205681288426,-0.296937832,Ag6Mo6
41.40286898212307,-0.296902185,Ir6Ni6
35.526315789473685,-0.295523384,Hg6Rh6
43.042437041050164,-0.295499574,Ni6Os6
35.526315789473685,-0.295158751,Ag6Rh6
37.62984006493562,-0.29513671,Pd6Tc6
31.094834720453296,-0.294773574,Rh6Ru6
49.94632378530485,-0.294702008,Ni6Pd6
29.09090909090909,-0.294274654,Os6Ru6
6.617647058823529,-0.294242,Co6Sc6
6.617647058823529,-0.294242,Co6Sc6
6.617647058823529,-0.294242,Co6Sc6
34.97267759562841,-0.292996807,Fe6Hg6
40.428626971779174,-0.291948216,Ni6Rh6
40.428626971779174,-0.291948216,Ni6Rh6
40.428626971779174,-0.291948216,Ni6Rh6
38.111423076538046,-0.291889984,Pt6Rh6
43.85964912280702,-0.29168413,Pd6Pt6
31.467263352161662,-0.291632428,Ir6Ru6
52.35602094240838,-0.291363444,Ag6Ni6
62.69430051813472,-0.290750099,Ag6Ni6
46.62650544307464,-0.29046057,Ag6Re6
38.79870961829062,-0.290348187,Co6Ir6
29.09090909090909,-0.2902656,Co6Ru6
45.45454545454545,-0.289728039,Pd12
35.526315789473685,-0.289229119,Ag6Rh6
31.841356030174882,-0.288705844,Nb6Pd6
44.916571307283,-0.286379134,Pd6Pt6
43.08510638297873,-0.286141579,Co6Zn6
52.35602094240838,-0.285975182,La6Ni6
40.401873424643824,-0.285703748,Co6Rh6
25.789473684210527,-0.285288502,Tc6W6
49.355187504464475,-0.284464542,Ni6Pt6
35.526315789473685,-0.284275014,Rh12
6.617647058823529,-0.283163701,Ru6Sc6
39.550442377480685,-0.281724219,Cu6W6
34.97267759562841,-0.281664082,Fe6Ru6
6.617647058823529,-0.281621904,Pt6Sc6
46.007412885395944,-0.281586394,Ni6Rh6
46.007412885395944,-0.281586394,Ni6Rh6
46.007412885395944,-0.281586394,Ni6Rh6
52.35602094240838,-0.280273308,Cu6Ni6
38.56789069492081,-0.279811395,Pd6Rh6
39.171539818761545,-0.279088525,Pd6Ru6
39.622205641907485,-0.278927161,Cu6V6
34.97267759562841,-0.278377219,Ag6Fe6
35.40317659418961,-0.278334905,Co6Os6
24.161345294850808,-0.278117758,Os6Ta6
29.09090909090909,-0.277951905,Cd6Ru6
29.09090909090909,-0.277813263,Cu6Ru6
40.88577419379933,-0.276614057,Co6Ir6
31.58748475928016,-0.276576097,Pd6W6
31.644799441116668,-0.276193914,Pd6V6
36.81818181818181,-0.2761033,Ir6Ni6
41.40286898212307,-0.275571589,Ir6Ni6
46.007412885395944,-0.274953891,Ni6Rh6
46.007412885395944,-0.274953891,Ni6Rh6
46.007412885395944,-0.274953891,Ni6Rh6
43.85964912280702,-0.273976186,Ir6Pt6
32.53377528816574,-0.273631009,Mo6Pd6
46.55845224557871,-0.273229505,Ir6Ni6
63.684210526315795,-0.273116578,Cu6La6
37.77305565669471,-0.272088804,Cu6Ru6
29.09090909090909,-0.271800772,Ru12
31.58748475928016,-0.27061558,Pd6W6
49.07896205989386,-0.27060728,Co6Cu6
38.79870961829062,-0.270551497,Co6Ir6
40.88577419379933,-0.270169449,Co6Ir6
36.81818181818181,-0.270018562,Cd6Ir6
34.97267759562841,-0.269849715,Fe6La6
29.09090909090909,-0.269828627,Os6Ru6
43.08510638297873,-0.268937998,Co6Re6
43.042437041050164,-0.268853371,Ni6Ru6
43.042437041050164,-0.268853371,Ni6Ru6
43.042437041050164,-0.268853371,Ni6Ru6
39.13952404581244,-0.267840971,Ag6W6
7.377049180327869,-0.267419195,Mn6Y6
36.81818181818181,-0.267362731,Co6Ir6
31.644799441116668,-0.266682038,Pd6V6
39.026711949603644,-0.266027196,Ni6Os6
23.58123439735299,-0.264709485,Rh6Ti6
31.841356030174882,-0.263753549,Nb6Pd6
33.35748093184907,-0.262794756,Pt6Ru6
39.550442377480685,-0.26271353,Cu6W6
34.97267759562841,-0.262218827,Fe6Zr6
49.04637834400403,-0.261981136,Cu6Os6
36.81818181818181,-0.261946713,Cu6Ir6
37.77305565669471,-0.261716913,Cu6Ru6
32.69809001439262,-0.259234691,Ir6Tc6
47.11602815177618,-0.258550596,Cu6Tc6
29.09090909090909,-0.258513453,Os12
36.81818181818181,-0.258390185,Ir6Mo6
25.789473684210527,-0.258220795,Tc6Zr6
29.09090909090909,-0.257201456,Co6Os6
26.403579394493267,-0.256641582,Cd6La6
44.916571307283,-0.255835036,Pd6Pt6
49.04637834400403,-0.255305367,Cu6Os6
41.86986912659526,-0.254753656,Pd6Rh6
31.896504269278445,-0.251858229,Fe6Ru6
45.45454545454545,-0.251614143,Pd12
25.920409208731044,-0.251448425,Ag6Mo6
29.09090909090909,-0.250877803,Re6Ru6
43.85964912280702,-0.250679296,Cd6Pt6
36.81818181818181,-0.250406501,Au6Ir6
21.686746987951807,-0.249322672,Cr6Zr6
29.09090909090909,-0.249312332,Os6Pt6
43.85964912280702,-0.249060082,Os6Pt6
39.868312608280384,-0.249015047,Cu6Nb6
33.236800653798106,-0.248700076,Rh6Ru6
46.55845224557871,-0.247733255,Ir6Ni6
43.85964912280702,-0.247521278,Au6Pt6
43.86086773944009,-0.247220593,Co6Pd6
32.533775288165764,-0.246768884,Pd6Ta6
36.38242275889923,-0.24611513,Ir6Rh6
43.08510638297873,-0.245903834,Co12
35.526315789473685,-0.245202188,Rh12
47.63779527559055,-0.243950873,Au6Pt6
16.666666666666664,-0.243529232,La6Mo6
35.526315789473685,-0.242399007,Au6Rh6
33.236800653798106,-0.241558312,Rh6Ru6
35.51809656928843,-0.240716528,Cr6Pd6
39.17575116500351,-0.239647801,Au6Rh6
43.85964912280702,-0.239398136,Cd6Pt6
25.789473684210527,-0.238788737,Nb6Re6
32.69809001439262,-0.238594448,Ir6Tc6
43.90505094330412,-0.237677288,Ir6Ni6
47.64753345963017,-0.23749089,Ni6Pd6
36.81818181818181,-0.237485992,Au6Ir6
43.08510638297873,-0.236969792,Ag6Co6
52.35602094240838,-0.23656788,Ni6Zr6
35.526315789473685,-0.236459171,Co6Rh6
47.11602815177618,-0.235693306,Cu6Tc6
48.79580995436337,-0.235509493,W6Zn6
6.617647058823529,-0.234035861,Os6Sc6
37.62984006493562,-0.233960077,Pd6Re6
36.81818181818181,-0.233587689,Ir6Pt6
35.95182109599997,-0.231755003,Ir6Rh6
36.81818181818181,-0.23142003,Cr6Ir6
25.789473684210527,-0.231333362,Cr6Re6
47.11602815177618,-0.231252408,Cu6Re6
37.62984006493562,-0.231007234,Pd6Tc6
39.029825511057226,-0.230977301,Ir6Pt6
44.64997664806826,-0.230531171,Pd6Pt6
43.042437041050164,-0.229834695,Ni6Os6
35.526315789473685,-0.229402851,Rh6W6
43.85964912280702,-0.229145975,Pt12
87.27272727272728,-0.229008422,La6Zn6
29.09090909090909,-0.228759573,Os12
40.7352853404534,-0.227586491,Cu6Ta6
46.526349591775954,-0.226913417,Ni6Pt6
50.86223840955542,-0.22658484,Cu6Pd6
43.34175545519327,-0.226542254,Co6Pt6
36.81818181818181,-0.22643817,Ag6Ir6
26.72170628490736,-0.225682646,La6Zn6
62.69430051813472,-0.225326449,Ag6Ir6
33.236800653798106,-0.224818004,Os6Rh6
36.81818181818181,-0.224477454,Ir6Rh6
38.111423076538046,-0.224009146,Pt6Rh6
32.69809001439262,-0.223491722,Ir6Re6
43.08510638297873,-0.222231562,Co6Ru6
62.69430051813472,-0.222048702,Ag6Ru6
15.254237288135593,-0.221802575,W6Zn6
52.501634015746625,-0.221626245,Ag6Ir6
43.08510638297873,-0.221458895,Co6Hg6
33.35748093184907,-0.221006778,Pt6Ru6
32.14798318660914,-0.220711671,Os6Rh6
29.09090909090909,-0.22055643,Ag6Ru6
25.373513773071455,-0.220258465,Y6Zn6
63.684210526315795,-0.219243616,Cu6Y6
31.467263352161662,-0.218297068,Ir6Ru6
39.029825511057226,-0.216816905,Ir6Pt6
52.15118018549261,-0.216509689,Cu6Fe6
36.81818181818181,-0.215200141,Ir6W6
30.748836386633585,-0.213722699,Mn6Ru6
47.64753345963017,-0.211927972,Ni6Pd6
31.092103925826542,-0.211498984,Nb6Pt6
39.82857366846332,-0.209847662,Co6Ir6
16.062227821529046,-0.209275542,Fe6Y6
49.04637834400403,-0.209186289,Cu6Ru6
31.612903225806452,-0.209180438,La6Mn6
31.896504269278445,-0.208934175,Fe6Os6
35.95182109599997,-0.208092663,Ir6Rh6
14.31929381939576,-0.207741637,La6Pt6
7.377049180327869,-0.20689305,Tc6Y6
36.81818181818181,-0.20684543,Co6Ir6
31.76823001509545,-0.20638855,Pt6Ta6
43.08510638297873,-0.205955617,Co6Zr6
39.868312608280384,-0.204253954,Cu6Nb6
43.85964912280702,-0.203687685,Pt12
31.467263352161662,-0.203481286,Ir6Os6
22.648473853124145,-0.20130111,Ag6La6
40.884638236235006,-0.201134713,Pt6Rh6
25.789473684210527,-0.200894572,Re6Zn6
41.86986912659526,-0.200692256,Pd6Rh6
30.900172467615125,-0.200579056,Pt6V6
46.526349591775954,-0.200528171,Ni6Pt6
50.5973261144498,-0.199235902,Ag6Pd6
49.66541001053532,-0.199232365,Cu6Pt6
56.23968729453155,-0.1989061,Cu6Pt6
16.666666666666664,-0.195857065,Au6Mo6
87.27272727272728,-0.195690259,Re6Zn6
29.09090909090909,-0.194623709,Ag6Ru6
40.7352853404534,-0.194353092,Cu6Ta6
43.85964912280702,-0.194288464,Pt12
43.08510638297873,-0.192445573,Co6Hf6
43.08510638297873,-0.190685677,Co6Ti6
40.18497898326145,-0.190297779,Ir6Pt6
29.09090909090909,-0.189973827,Pt6Ru6
36.16648108493529,-0.18990784,Ir6Rh6
40.884638236235006,-0.189147418,Pt6Rh6
59.659103625543835,-0.188891359,Cu6Ni6
44.34749606607523,-0.188327131,Mn6Zn6
32.69809001439262,-0.187914606,Ir6Re6
29.09090909090909,-0.187484666,Ir6Os6
25.789473684210527,-0.187047107,Hf6Tc6
39.12358745290063,-0.186731999,Co6Rh6
43.85964912280702,-0.184818903,Cu6Pt6
43.85964912280702,-0.184417263,Pt6Zn6
27.791882612079984,-0.183918886,Pd6Ti6
47.63779527559055,-0.183762965,Au6Pt6
43.85964912280702,-0.183433979,Au6Pt6
43.85964912280702,-0.183102409,Pt6Rh6
27.99652957093424,-0.182684442,Cu6Hf6
52.42493534587491,-0.182255454,Cu6Rh6
33.236800653798106,-0.182173548,Os6Rh6
45.45454545454545,-0.181667689,Ag6Pd6
24.149490876152118,-0.181467141,Ir6Ti6
52.85042221541064,-0.180449571,Cu6Pt6
52.85042221541064,-0.179981943,Cu6Pt6
35.526315789473685,-0.179943439,Rh12
34.03773528630389,-0.179791464,Ir6Ru6
43.86086773944009,-0.179575949,Co6Pd6
15.254237288135593,-0.176981344,Tc6W6
29.09090909090909,-0.176737802,Os6Zn6
40.31205681288432,-0.176564194,Ag6Ta6
63.684210526315795,-0.176534669,Cu6Sc6
35.526315789473685,-0.17633208,Cd6Rh6
52.35602094240838,-0.17596255,Au6Ni6
31.896504269278445,-0.175456554,Fe6Ru6
49.355187504464475,-0.174472182,Ni6Pt6
47.63779527559055,-0.174058433,Au6Ni6
29.09090909090909,-0.174002514,Fe6Ru6
45.45454545454545,-0.173956254,Cu6Pd6
25.789473684210527,-0.172882902,Pt6Re6
43.90505094330412,-0.172858547,Ir6Ni6
55.9066628608378,-0.171633219,Co6Cu6
44.6505969314879,-0.169843662,Co6Pd6
35.57733137009179,-0.168899971,Fe6Ir6
43.08510638297873,-0.168693301,Co6Ni6
29.09090909090909,-0.168578605,Os12
52.35602094240838,-0.168524454,Hf6Ni6
31.612903225806452,-0.166167948,Mn6Zn6
31.768230015095327,-0.16568481,Mo6Pt6
87.27272727272728,-0.16446642,Os6Zn6
45.45454545454545,-0.164437848,Pd12
35.526315789473685,-0.164151449,Pt6Rh6
43.85964912280702,-0.163435653,Pt6Zn6
12.030075187969924,-0.163297691,Rh6Zr6
39.21054170945388,-0.163296875,Ag6V6
8.181818181818182,-0.163197145,Fe6La6
32.402121395830015,-0.162532916,Zn6Zr6
39.473684210526336,-0.162144337,Pt6Rh6
43.04220694791757,-0.161283505,Cu6Ru6
8.181818181818182,-0.161114658,La6W6
15.254237288135593,-0.160620363,Cd6W6
31.467263352161662,-0.160421856,Ir6Os6
35.526315789473685,-0.159356531,Rh6Zr6
29.09090909090909,-0.158265218,Os6Ru6
39.45409169143045,-0.157808611,Ag6Nb6
36.81818181818181,-0.157797318,Ir12
52.35602094240838,-0.157282207,Co6Ni6
42.37135235391627,-0.154298479,Ir6Pd6
43.85964912280702,-0.153773571,Hg6Pt6
7.377049180327869,-0.152786206,Ru6Y6
52.35602094240838,-0.152569331,Ni6Ru6
52.35602094240838,-0.152569331,Ni6Ru6
52.35602094240838,-0.152569331,Ni6Ru6
40.18497898326145,-0.152468105,Ir6Pt6
24.032064142554876,-0.151587545,Sc6Zn6
39.171539818761545,-0.151363595,Os6Pd6
31.612903225806452,-0.151278015,Mn6Zr6
39.171539818761545,-0.151221824,Pd6Ru6
7.377049180327869,-0.151186177,Rh6Y6
35.526315789473685,-0.151129849,Rh6Tc6
34.6823278736411,-0.149823975,Cr6Pt6
29.09090909090909,-0.148559734,Ir6Ru6
34.03773528630389,-0.146489356,Ir6Ru6
52.35602094240838,-0.146243501,Hg6Ni6
8.181818181818182,-0.146236018,La6Rh6
35.57733137009179,-0.146219555,Fe6Ir6
41.3743211695292,-0.145648252,Ir6Pt6
41.3743211695292,-0.144528095,Ir6Pt6
36.192439196463965,-0.142410914,Fe6Ir6
15.254237288135593,-0.141907639,Au6W6
40.00750489862809,-0.141461236,Fe6Ni6
35.526315789473685,-0.140096449,Hg6Rh6
34.97267759562841,-0.139456574,Fe6Os6
36.81818181818181,-0.138349342,Ir6Tc6
36.192439196463965,-0.136027531,Fe6Ir6
43.08510638297873,-0.135730383,Co6Os6
39.45409169143045,-0.133594153,Ag6Nb6
50.25762349099032,-0.133480001,Ta6Zn6
50.25762349099032,-0.133476192,Ta6Zn6
30.844206445236896,-0.133230201,Pt6W6
48.79580995436337,-0.133192377,W6Zn6
43.59993333287659,-0.132190726,Co6Pt6
38.76767958841057,-0.131935755,Au6Fe6
43.85964912280702,-0.131804732,Ag6Pt6
15.254237288135593,-0.131738473,Mn6W6
30.900172467615125,-0.131084855,Pt6V6
29.90838685009275,-0.130516409,Mn6Ru6
27.791882612079984,-0.130360216,Pd6Ti6
52.35602094240838,-0.127524654,La6Ni6
43.85964912280702,-0.126653345,Hg6Pt6
44.6505969314879,-0.126577017,Co6Pd6
46.17094505197125,-0.126063266,Au6Pd6
6.617647058823529,-0.125602986,Rh6Sc6
49.46144213881143,-0.12446174,Cd6Ta6
31.092103925826542,-0.124256294,Nb6Pt6
34.97267759562841,-0.123845947,Au6Fe6
51.88025453637762,-0.123540363,Ag6Rh6
34.97267759562841,-0.123334645,Fe6Ir6
39.13952404581244,-0.123299406,Ag6W6
34.797998643682575,-0.123118042,Cu6Ti6
34.97267759562841,-0.121832304,Fe6Ta6
45.767169066112,-0.121599511,Fe6Ni6
24.951250979383225,-0.121281682,Hf6Rh6
36.81818181818181,-0.121203722,Ir12
59.659103625543835,-0.121191068,Cu6Ni6
55.9066628608378,-0.120403026,Co6Cu6
40.31205681288432,-0.120385611,Ag6Ta6
52.42493534587491,-0.116250433,Cu6Rh6
34.436456908913044,-0.115952197,Ag6Ti6
40.00750489862809,-0.11529096,Fe6Ni6
47.194253023089665,-0.114883878,Ag6Rh6
18.915109581554418,-0.113752836,Ag6Ti6
36.81818181818181,-0.113591201,Ir6Ru6
36.81818181818181,-0.111492251,Ir12
32.14798318660914,-0.109376838,Os6Rh6
29.09090909090909,-0.109113432,Cr6Os6
43.08510638297873,-0.108293689,Co12
25.789473684210527,-0.106074736,Tc6Ti6
48.53679982219804,-0.102645694,Ag6Ru6
43.59993333287659,-0.100217214,Co6Pt6
43.85964912280702,-0.099984012,Ir6Pt6
44.253970742737046,-0.099338558,Co6Pd6
36.16108793569716,-0.099201549,Ag6Zr6
46.17094505197125,-0.098254729,Au6Pd6
15.254237288135593,-0.097978533,Pt6W6
29.09090909090909,-0.097838803,Os6Tc6
43.34175545519327,-0.095763391,Co6Pt6
36.43713745839584,-0.095206101,Ag6Hf6
35.526315789473685,-0.094716569,Rh6Ru6
36.744380387017905,-0.094334793,Pt6Tc6
15.625,-0.093585391,La6Nb6
38.24980273532962,-0.093021708,Pt6Ru6
45.45454545454545,-0.092057472,Au6Pd6
43.85964912280702,-0.091445624,Co6Pt6
25.789473684210527,-0.089454567,Co6Re6
34.6823278736411,-0.088125971,Cr6Pt6
52.15118018549261,-0.087636439,Cu6Fe6
36.81818181818181,-0.086797648,Fe6Ir6
45.767169066112,-0.086333694,Fe6Ni6
56.913280512669125,-0.086079267,Cu6Pd6
43.08510638297873,-0.085140475,Co6Ir6
38.24980273532962,-0.084698017,Pt6Ru6
45.45454545454545,-0.082525733,Nb6Pd6
87.27272727272728,-0.082279197,Y6Zn6
52.35602094240838,-0.082068989,Ir6Ni6
45.45454545454545,-0.080327325,Pd6Y6
34.03773528630389,-0.079557243,Ir6Os6
45.45454545454545,-0.079309755,La6Pd6
36.744380387017905,-0.078017895,Pt6Re6
39.21054170945388,-0.07782102,Ag6V6
8.181818181818182,-0.077728638,La6Pd6
49.04637834400403,-0.075226007,Cu6Ru6
25.071437365620586,-0.074591709,Cd6Y6
31.768230015095327,-0.072425955,Mo6Pt6
44.55214971524803,-0.071184708,Au6Co6
15.254237288135593,-0.07008115,Cd6W6
36.81818181818181,-0.069308891,Ir6Zr6
16.666666666666668,-0.069288483,Hg6Ta6
31.76823001509545,-0.068203157,Pt6Ta6
35.526315789473685,-0.068056351,Ir6Rh6
43.08510638297873,-0.066972386,Au6Co6
53.05283856883106,-0.065496168,Cu6Ir6
29.09090909090909,-0.065029765,Os12
63.684210526315795,-0.064991669,Cu6Pd6
21.686746987951807,-0.064934933,Cr6Nb6
29.09090909090909,-0.064537375,Mn6Ru6
35.526315789473685,-0.063186466,Re6Rh6
45.45454545454545,-0.059153603,Pd6Rh6
34.03773528630389,-0.058876591,Ir6Os6
32.77385961594813,-0.057868137,Hf6Zn6
8.181818181818182,-0.057109892,La6Ta6
15.337423312883436,-0.056472873,Hf6V6
35.526315789473685,-0.055936945,Rh6Zn6
45.45454545454545,-0.054710936,Pd6Pt6
63.684210526315795,-0.053560439,Cu12
56.23968729453155,-0.052729539,Cu6Pt6
64.67986268248731,-0.05232545,Rh6Zn6
32.72727272727272,-0.052142726,Ir6Os6
50.25762349099038,-0.050885968,Mo6Zn6
7.377049180327869,-0.050822702,Os6Y6
36.744380387017905,-0.046264387,Pt6Tc6
35.526315789473685,-0.046259625,Au6Rh6
25.789473684210527,-0.045862202,Ta6Tc6
27.137917796286082,-0.044409795,Pt6Ti6
43.85964912280702,-0.040284957,Pt6V6
63.684210526315795,-0.039638823,Cu12
35.526315789473685,-0.035285274,Rh12
25.789473684210527,-0.035166088,Ir6Re6
52.35602094240838,-0.034838735,Ni6Os6
43.85964912280702,-0.031854462,Pt6Ru6
44.70705562030146,-0.029887079,Cd6Hf6
49.18798598173177,-0.028782161,Nb6Zn6
33.35748093184907,-0.028174803,Os6Pt6
38.24980273532962,-0.027806633,Os6Pt6
15.254237288135593,-0.027413156,W12
12.307692307692307,-0.025439106,Hf6Y6
25.789473684210527,-0.022366669,Mo6Re6
25.552521879127443,-0.021205831,Hf6Ir6
43.200074233338285,-0.021145966,Au6Rh6
73.6051004126626,-0.020800654,Ni6Zn6
45.45454545454545,-0.01818564,Mo6Pd6
48.88434870139568,-0.015740833,V6Zn6
46.34357009607006,-0.0154694,Au6Pt6
44.253970742737046,-0.014174138,Co6Pd6
29.183743080545682,-0.010807409,Pd6Zr6
48.88434870139568,-0.010379918,V6Zn6
45.45454545454545,-0.009191053,Cd6Pd6
35.526315789473685,-0.007063803,Ir6Rh6
25.789473684210527,-0.005653981,Cr6Tc6
36.744380387017905,-0.005126217,Pt6Re6
45.45454545454545,-0.005036419,Pd6Sc6
52.35602094240838,-0.0035568,Ni6Zr6
25.789473684210527,-0.001647921,Tc6V6
49.04637834400403,0.000240276,Cu6Os6
36.81818181818181,0.000396334,Hf6Ir6
8.181818181818182,0.00218004,La6Mn6
30.844206445236896,0.003141282,Pt6W6
52.35602094240838,0.003357204,Fe6Ni6
43.47065272544517,0.003414484,Co6Pt6
27.137917796286082,0.007820688,Pt6Ti6
46.62650544307464,0.008403011,Ag6Re6
43.85964912280702,0.008668322,Cr6Pt6
42.93242822427049,0.008683833,Ti6Zn6
29.183743080545682,0.012725268,Pd6Zr6
21.686746987951807,0.013719163,Cr6Ta6
16.666666666666668,0.016501527,Au6Ta6
48.40874982869467,0.017841824,Cd6Nb6
52.35602094240838,0.019411241,Cd6Ni6
12.030075187969924,0.019610972,Pt6Zr6
42.484313990700315,0.019930842,Ag6Fe6
51.60934361760248,0.020086219,Ag6Fe6
34.436456908913044,0.02143087,Ag6Ti6
48.40874982869467,0.021519443,Cd6Nb6
52.35602094240838,0.022138366,Hf6Ni6
50.25762349099032,0.022315512,Ta6Zn6
47.63779527559055,0.022590755,Au6Pt6
56.49513647188834,0.023949691,Pd6Zn6
44.36835279603761,0.024635282,Cd6Zr6
59.0392617765792,0.024687256,Ag6Ni6
25.789473684210527,0.024904403,Re6Tc6
36.16108793569716,0.026074492,Ag6Zr6
15.254237288135593,0.02817698,Cr6W6
16.666666666666668,0.032189707,Cu6Ta6
36.43713745839584,0.033081015,Ag6Hf6
38.166150856022696,0.037189254,Fe6Pd6
54.86775231847307,0.038015528,Cr6Zn6
16.666666666666664,0.03893364,Mo6Y6
56.32196701850322,0.039801139,Ag6Pd6
22.296886156258942,0.040467818,Au6W6
36.81818181818181,0.04062646,Ir6Os6
36.81818181818181,0.041048781,Ir6Pd6
32.591018670716764,0.041778998,Au6W6
25.789473684210527,0.042492889,Tc6W6
12.307692307692307,0.042829222,Hf6Hg6
38.166150856022696,0.043312088,Fe6Pd6
55.32580785009839,0.044001488,Ag6Co6
55.32580785009839,0.044630071,Ag6Co6
50.386932583821725,0.045975538,Ru6Zn6
43.85964912280702,0.046047376,Pt6Y6
49.18798598173177,0.047400734,Nb6Zn6
8.181818181818182,0.047613255,La6Ru6
31.612903225806452,0.048324288,Mn6Ru6
7.377049180327869,0.049362267,Ir6Y6
31.612903225806452,0.05002051,Mn6W6
29.406528367378492,0.050117519,Hf6Pd6
35.526315789473685,0.050476709,Os6Rh6
63.352515915538945,0.051979866,Ag6Cu6
32.650154239125364,0.052989,Au6V6
12.030075187969924,0.056602536,Y6Zr6
25.789473684210527,0.056626618,Re12
43.85964912280702,0.057151525,Pt6Tc6
45.45454545454545,0.057457517,Pd6Zn6
16.666666666666668,0.058062699,Fe6Ta6
47.44172955689195,0.058345153,Tc6Zn6
51.88025453637762,0.059795383,Ag6Rh6
36.81818181818181,0.059911984,Fe6Ir6
44.70705562030146,0.060146546,Cd6Hf6
44.36835279603761,0.060192125,Cd6Zr6
12.307692307692307,0.062680062,Au6Hf6
42.252292627288874,0.06320184,Cd6Ti6
12.307692307692307,0.063516132,Ag6Hf6
8.181818181818182,0.063654094,Ir6La6
12.030075187969924,0.064791393,Pd6Zr6
25.789473684210527,0.066334959,Pt6Tc6
28.674830300901395,0.067639881,Au6Ti6
17.26036832789381,0.067673487,Au6Ti6
8.181818181818182,0.069056506,La6V6
15.254237288135593,0.069258686,Co6W6
46.89863567382673,0.070950826,Au6Pd6
12.307692307692307,0.071387297,Cu6Hf6
49.46144213881153,0.071655193,Cd6Mo6
58.12993780336499,0.072061867,Tc6Zn6
16.666666666666668,0.072454255,Os6Ta6
63.352515915538945,0.07342298,Ag6Cu6
16.666666666666668,0.073949521,Ta12
51.60934361760248,0.074597696,Ag6Fe6
55.32580785009839,0.074852122,Ag6Co6
42.252292627288874,0.075213353,Cd6Ti6
42.93242822427049,0.076260992,Ti6Zn6
63.684210526315795,0.077060734,Ag6Cu6
35.526315789473685,0.077722243,Co6Rh6
37.71443800187958,0.079090568,Fe6Pt6
59.0392617765792,0.079099683,Ag6Ni6
52.501634015746625,0.079700783,Ag6Ir6
33.56737283534443,0.080742435,Au6Ta6
32.85295542803509,0.081621226,Au6Nb6
43.08510638297873,0.083560445,Co6Hg6
63.684210526315795,0.084480054,Cu6Y6
63.684210526315795,0.084552981,Cu12
54.86775231847307,0.085222109,Cr6Zn6
64.34211412704725,0.086461043,Fe6Zn6
30.110910155327623,0.089334293,Au6Zr6
21.50578848237231,0.090147641,Ag6Y6
28.941787404774715,0.090295263,Mo6Zn6
20.36881816475452,0.090964935,Ag6Sc6
29.09090909090909,0.095803119,Ru12
68.97548376584923,0.098215544,Co6Zn6
50.25762349099038,0.098867801,Mo6Zn6
43.200074233338285,0.100871648,Au6Rh6
7.377049180327869,0.102746104,Mo6Y6
46.62650544307464,0.103950071,Ag6Tc6
19.32420509336326,0.106501955,Au6Hf6
30.34077332734221,0.106661822,Au6Hf6
49.16129487455261,0.112979761,Au6Ni6
56.32196701850322,0.113710387,Ag6Pd6
45.45454545454545,0.114898844,Hf6Pd6
46.89863567382673,0.115692328,Au6Pd6
49.46144213881143,0.117648418,Cd6Ta6
15.625,0.122014893,Nb12
41.65123094111535,0.12312294,Fe6Pd6
41.65123094111535,0.125143522,Fe6Pd6
15.625,0.125286245,Hg6Nb6
21.686746987951807,0.125528427,Cr12
64.34211412704725,0.128600456,Fe6Zn6
43.85964912280702,0.130351645,Pt6Sc6
12.030075187969924,0.131495475,Ag6Zr6
45.45454545454545,0.132502024,Pd12
34.97267759562841,0.132793322,Fe6Pd6
48.40874982869467,0.135212278,Cd6Nb6
43.08510638297873,0.135769431,Co6Zn6
72.0,0.136303454,Hg6Pd6
49.16129487455261,0.139085955,Au6Ni6
68.97548376584923,0.139672088,Co6Zn6
12.307692307692307,0.140013727,Hf6W6
29.09090909090909,0.140705712,Mn6Ru6
39.65620139857559,0.142375675,Hg6Zr6
45.45454545454545,0.142725613,Hg6Pd6
15.254237288135593,0.142856228,Re6W6
37.71443800187958,0.145750022,Fe6Pt6
16.666666666666664,0.150029421,Mo12
25.789473684210527,0.150053639,Ir6Tc6
28.497026695252995,0.151275294,Pt6Zr6
16.666666666666664,0.151298424,Mo6W6
63.684210526315795,0.151851087,Cu6Hg6
63.684210526315795,0.152191229,Cu6Zr6
16.666666666666664,0.15322567,Mo6Nb6
40.671144778900626,0.15433984,Fe6Pt6
21.686746987951807,0.154961756,Cr6Tc6
52.35602094240838,0.155650068,Hg6Ni6
70.7371180917748,0.159172174,Cu6Zn6
12.030075187969924,0.159728374,Cu6Zr6
40.671144778900626,0.161345275,Fe6Pt6
15.337423312883436,0.161877393,Cr6V6
15.337423312883436,0.162634822,Cu6V6
70.7371180917748,0.163326399,Cu6Zn6
57.81027884011307,0.164787243,Au6Cu6
21.686746987951807,0.167627023,Cr6W6
15.337423312883436,0.170977696,V12
45.45454545454545,0.171278246,Pd6Pt6
63.684210526315795,0.171934721,Cd6Cu6
15.625,0.173489171,Cu6Nb6
43.85964912280702,0.173926866,La6Pt6
12.030075187969924,0.175130018,Au6Zr6
43.85964912280702,0.175672613,Pt6Zr6
6.617647058823529,0.175749213,Sc12
15.625,0.178437697,Nb6Pd6
12.030075187969924,0.178594299,W6Zr6
15.625,0.179788062,Au6Nb6
46.06914571839226,0.180831075,Au6Co6
23.745957942808886,0.181090263,Cd6Sc6
25.789473684210527,0.181114073,Tc12
45.45454545454545,0.182428519,La6Pd6
6.617647058823529,0.182526344,Ag6Sc6
43.85964912280702,0.183278194,Fe6Pt6
63.022548912184476,0.184468556,Ag6Cu6
34.97267759562841,0.184544884,Fe6Zn6
33.260622049556304,0.187797733,Ir6Mn6
55.68194024007762,0.187932429,Rh6Zn6
63.684210526315795,0.193186267,Cu6Zn6
63.022548912184476,0.194425202,Ag6Cu6
48.10992277064224,0.196616671,Cd6V6
8.181818181818182,0.197191103,La6Tc6
63.32280625155821,0.198128127,Cd6Fe6
7.377049180327869,0.198697933,Ag6Y6
25.789473684210527,0.19913971,Os6Tc6
42.97448991602346,0.199916459,Au6Fe6
34.97267759562841,0.200596063,Cd6Fe6
27.16398812920271,0.207542449,Cd6V6
46.06914571839226,0.207694017,Au6Co6
58.12993780336499,0.208732403,Tc6Zn6
12.030075187969924,0.213341603,Rh6Zr6
21.686746987951807,0.213472898,Cr6Re6
52.35602094240838,0.213560519,Au6Ni6
15.254237288135593,0.214188558,Os6W6
15.337423312883436,0.215667768,Ta6V6
32.650154239125364,0.216879491,Au6V6
32.85295542803509,0.217340724,Au6Nb6
7.377049180327869,0.217378548,Y12
62.69430051813472,0.218940754,Ag6Os6
41.956351136215545,0.219613827,Os6Zn6
60.511529397873886,0.220340235,Os6Zn6
15.625,0.223389543,Nb6Os6
10.38961038961039,0.223814993,Hf6Ti6
29.09090909090909,0.226217486,Ag6Os6
25.789473684210527,0.226550281,Re6Tc6
47.63779527559055,0.227891802,Au6Mo6
45.45454545454545,0.228425282,Pd6Y6
57.81027884011307,0.232317326,Au6Cu6
24.27119504867676,0.233785244,Hg6La6
37.76487790028927,0.236667066,Hg6Ti6
7.377049180327869,0.241363614,Au6Y6
7.377049180327869,0.242068389,W6Y6
21.686746987951807,0.243372223,Cr6Fe6
39.65620139857559,0.243429366,Hg6Zr6
10.38961038961039,0.243860667,Ti12
37.76487790028927,0.247824957,Hg6Ti6
87.27272727272728,0.248131766,Y6Zn6
15.337423312883436,0.248411227,Ru6V6
12.307692307692307,0.252911854,Hf6Zr6
63.18731702641754,0.254191877,Ag6Cu6
34.97267759562841,0.256538179,Cd6Fe6
70.2174097895,0.264066888,Pd6Zn6
12.307692307692307,0.267167489,Hf6Ir6
28.714569669389842,0.267645049,Hf6Pt6
69.10502547067625,0.268977182,Cd6Pd6
34.97267759562841,0.273434679,Ag6Fe6
45.45454545454545,0.275414443,Cu6Pd6
12.307692307692307,0.283894463,Hf12
37.76487790028927,0.285012035,Hg6Ti6
21.686746987951807,0.288241346,Cr6Ru6
34.97267759562841,0.289849674,Fe6Ru6
8.181818181818182,0.291687803,Ag6La6
34.97267759562841,0.298523031,Fe6Pt6
78.5711220187297,0.301313286,Cu6Zn6
52.47813095195078,0.301467439,Au6Cu6
7.377049180327869,0.302479566,Cu6Y6
19.74243600793886,0.303221893,Au6La6
21.686746987951807,0.307713812,Cr6Ir6
12.030075187969924,0.309042952,Zr12
12.030075187969924,0.311617285,Ir6Zr6
52.35602094240838,0.312019333,Ni6Os6
12.307692307692307,0.31210328,Co6Hf6
62.21195166045636,0.313587933,Mn6Zn6
59.55290565182533,0.313624941,Cd6Ru6
78.5711220187297,0.314807956,Cu6Zn6
47.63779527559055,0.315802396,Au6La6
16.666666666666664,0.316285126,Mo6Re6
6.617647058823529,0.316608669,Hg6Sc6
52.47813095195078,0.317195483,Au6Cu6
62.69430051813472,0.319611853,Ag6Au6
56.685299156799864,0.319697569,Ir6Zn6
47.63779527559055,0.319847232,Ag6Au6
52.20480239725033,0.319901655,Ag6Au6
42.97448991602346,0.32012506,Au6Fe6
52.20480239725033,0.321077867,Ag6Au6
75.92215242171719,0.322403197,Au12
8.181818181818182,0.322490546,La6Nb6
12.030075187969924,0.325127465,Co6Zr6
16.666666666666668,0.333463264,Ta6Tc6
7.377049180327869,0.335700856,Hg6Y6
87.09770584059203,0.338155323,Ag12
24.671883339366122,0.343589164,Au6Sc6
47.63779527559055,0.343858149,Au6Sc6
12.030075187969924,0.3445251,Hf6Zr6
43.267487109222294,0.344905243,Hg6Nb6
26.00104778814871,0.346274248,Hg6Nb6
57.20964577746529,0.347848562,Ag6Au6
87.09770584059203,0.355347475,Ag12
28.674830300901395,0.357374315,Au6Ti6
47.63779527559055,0.357846025,Au6Y6
16.666666666666668,0.358895023,Cr6Ta6
7.377049180327869,0.369483789,Re6Y6
37.57631742455887,0.369598485,Ag6Os6
48.53679982219804,0.369796176,Ag6Os6
21.686746987951807,0.370425711,Cr6Os6
77.32639817733453,0.370696601,Cd6Cu6
75.92215242171719,0.371106676,Au12
25.58165643768468,0.371146541,Au6Y6
8.181818181818182,0.372900451,La6Pd6
47.63779527559055,0.373002493,Au6Co6
16.666666666666664,0.37534172,Hg6Mo6
34.97267759562841,0.378127485,Fe6Hg6
7.377049180327869,0.38134183,Cd6Y6
8.181818181818182,0.387234727,La12
34.994222809006565,0.387980591,Ir6Mn6
6.617647058823529,0.388042633,Hf6Sc6
8.181818181818182,0.389513545,Cu6La6
6.617647058823529,0.390020357,Pd6Sc6
8.181818181818182,0.392296725,La6Ta6
16.666666666666668,0.393462053,Re6Ta6
75.92215242171719,0.39593203,Au12
15.625,0.396337071,Nb6Tc6
57.20964577746529,0.397102664,Ag6Au6
15.337423312883436,0.397896692,Tc6V6
36.81818181818181,0.398431532,Ir6Mn6
8.181818181818182,0.402204934,Cd6La6
47.63779527559055,0.403341826,Au6Cu6
45.45454545454545,0.40942425,Hg6Pd6
52.35602094240838,0.418085634,Fe6Ni6
34.97267759562841,0.420043901,Au6Fe6
47.63779527559055,0.420673845,Au6Y6
10.38961038961039,0.42099834,Co6Ti6
33.69115428822392,0.423720295,Hg6Y6
50.180003854974345,0.43377735,Fe6Hg6
6.617647058823529,0.436957953,Sc6Zn6
15.625,0.437008838,Cr6Nb6
70.00217868766234,0.439329561,Ag6Zn6
78.16189000468857,0.442080904,Ag6Zn6
62.69430051813472,0.44578138,Ag6Y6
62.69430051813472,0.447233244,Ag6La6
10.38961038961039,0.448923887,Ir6Ti6
6.617647058823529,0.449923905,Sc6W6
31.612903225806452,0.452097143,Mn6Zn6
6.617647058823529,0.455520063,Nb6Sc6
47.63779527559055,0.456825257,Au6Co6
62.21195166045636,0.45831059,Mn6Zn6
73.96960585722805,0.460793084,Ag6Zn6
87.09770584059203,0.462215151,Ag12
73.96960585722805,0.473424881,Ag6Zn6
12.030075187969924,0.47352189,Mn6Zr6
63.684210526315795,0.480319701,Cd6Cu6
7.377049180327869,0.484828492,Hf6Y6
12.030075187969924,0.490417982,Fe6Zr6
62.69430051813472,0.494698197,Ag6Cu6
15.625,0.50031449,Nb6Re6
12.307692307692307,0.500917222,Fe6Hf6
62.69430051813472,0.502743378,Ag6Co6
47.63779527559055,0.505598669,Au6Fe6
47.63779527559055,0.508873015,Ag6Au6
78.16189000468857,0.510159161,Ag6Zn6
55.01903637039464,0.510797676,Cd6Rh6
47.63779527559055,0.515337215,Au6Cd6
69.44547775769638,0.517986107,Ag6Cd6
72.0,0.518440401,Au6Hg6
47.63779527559055,0.518452238,Au6Hg6
63.684210526315795,0.520936638,Cu12
64.47852599866638,0.524432212,Au6Zn6
87.27272727272728,0.526466807,Zn6Zr6
69.44547775769638,0.532293989,Ag6Cd6
75.92215242171719,0.534248174,Au12
6.617647058823529,0.534527227,Pt6Sc6
63.684210526315795,0.538050965,Cu6Pd6
13.793122043366127,0.538714379,Re6Y6
62.69430051813472,0.540172501,Ag6Mo6
64.47852599866638,0.542367235,Au6Zn6
62.69430051813472,0.549396752,Ag6Zn6
87.27272727272728,0.552737221,Zn12
34.97267759562841,0.556391982,Fe6Ni6
63.684210526315795,0.55880985,Cu6Hg6
10.38961038961039,0.564801116,Cr6Ti6
63.684210526315795,0.571488586,Cu6Zn6
71.3240917198205,0.575155456,Au6Zn6
62.69430051813472,0.57755999,Ag6Cd6
87.27272727272728,0.579069405,Zn12
31.612903225806452,0.579831324,Cd6Mn6
62.69430051813472,0.580359089,Ag6Rh6
87.27272727272728,0.581275432,Zn12
71.3240917198205,0.581448769,Au6Zn6
85.89015258690266,0.582495455,Cd6Zn6
7.377049180327869,0.586776894,Fe6Y6
58.28998610024108,0.587112274,Au6Zn6
12.307692307692307,0.587634325,Cr6Hf6
12.307692307692307,0.587634325,Cr6Hf6
12.307692307692307,0.587634325,Cr6Hf6
87.27272727272728,0.588923872,Hf6Zn6
63.684210526315795,0.592798229,Cu6Hg6
58.28998610024108,0.594304515,Au6Zn6
87.27272727272728,0.603667408,Cd6Zn6
31.612903225806452,0.609511461,Mn6Ru6
76.92364921751806,0.611268228,Ag6Cd6
70.19417534407702,0.613655754,Au6Cd6
86.23372919943006,0.614302841,Cd6Zn6
10.38961038961039,0.614641487,Tc6Ti6
12.030075187969924,0.61473074,Cr6Zr6
12.030075187969924,0.615162721,Ru6Zr6
76.92364921751806,0.622470474,Ag6Cd6
87.27272727272728,0.626203196,Cd6Zn6
87.27272727272728,0.626520889,Au6Zn6
73.08898392217586,0.631048183,Ag6Cd6
73.08898392217586,0.637607623,Ag6Cd6
12.030075187969924,0.646948611,Mo6Zr6
10.38961038961039,0.648132442,Ru6Ti6
8.181818181818182,0.650903241,Fe6La6
8.181818181818182,0.653644108,Co6La6
85.89015258690266,0.664744856,Cd6Zn6
62.69430051813472,0.670388633,Ag6Re6
69.11392977881034,0.674909124,Cu6Hg6
12.307692307692307,0.692033656,Hf6Tc6
87.27272727272728,0.70255589,Ag6Zn6
7.377049180327869,0.705763024,Co6Y6
12.030075187969924,0.707040598,Tc6Zr6
34.97267759562841,0.733041483,Fe6Pt6
7.377049180327869,0.750678542,Mn6Y6
12.307692307692307,0.766398694,Hf6Os6
87.27272727272728,0.773363584,Zn12
12.030075187969924,0.775356546,Os6Zr6
8.181818181818182,0.778365853,La6Rh6
10.38961038961039,0.785886807,Re6Ti6
62.69430051813472,0.790869756,Ag6Co6
6.617647058823529,0.806633719,Co6Sc6
6.617647058823529,0.806633719,Co6Sc6
6.617647058823529,0.806633719,Co6Sc6
10.38961038961039,0.812446206,Os6Ti6
12.307692307692307,0.813490579,Hf6Re6
85.20710059171599,0.825439234,Cd12
6.617647058823529,0.831530366,Rh6Sc6
62.69430051813472,0.837703269,Ag6Cu6
85.20710059171599,0.839368333,Cd12
87.27272727272728,0.840482095,Cu6Zn6
12.030075187969924,0.843005271,Re6Zr6
87.09770584059203,0.844867346,Ag12
85.20710059171599,0.87136171,Cd12
68.7539548674817,0.875933902,Ag6Hg6
8.181818181818182,0.876429966,Cr6La6
62.69430051813472,0.879984725,Ag6Cd6
85.20710059171599,0.883239207,Cd6Hg6
68.7539548674817,0.889111287,Ag6Hg6
25.789473684210527,0.915233808,Au6Re6
6.617647058823529,0.926075639,Ru6Sc6
62.69430051813472,0.927720839,Ag6Hg6
7.377049180327869,0.93104403,Tc6Y6
87.27272727272728,0.934979068,Ru6Zn6
87.27272727272728,0.936386169,Rh6Zn6
31.612903225806452,0.939078327,Ir6Mn6
62.69430051813472,0.950766296,Ag6Re6
8.181818181818182,0.963893884,La6Ru6
85.20710059171599,0.966015964,Cd12
62.69430051813472,0.970614824,Ag6Au6
85.20710059171599,0.971460554,Ag6Cd6
85.20710059171599,0.977802303,Cd6Hg6
85.20710059171599,0.99140092,Au6Cd6
85.20710059171599,0.99467513,Cd6Cu6
7.377049180327869,1.032559635,Ir6Y6
85.20710059171599,1.036602974,Cd6Fe6
72.0,1.038256746,Co6Hg6
85.20710059171599,1.05450235,Cd6Hg6
87.27272727272728,1.059458904,Ir6Zn6
8.181818181818182,1.062123171,Ir6La6
8.181818181818182,1.083394173,La6Re6
72.0,1.098776088,Hg6Ni6
72.0,1.109887993,Cu6Hg6
61.22638982218929,1.122671493,Cd6Mn6
72.0,1.129916388,Hg6Rh6
72.0,1.146822276,Ag6Hg6
7.377049180327869,1.157129949,Os6Y6
31.612903225806452,1.186901924,Cd6Mn6
39.92578934475007,1.231930641,Cu6Mn6
63.684210526315795,1.25758118,Cu6Mn6
35.3408026894085,1.257930847,Fe6Rh6
35.156258310966585,1.259108011,Fe6Rh6
32.86696824429661,1.350974323,Mn6Rh6
34.17078127420401,1.352422649,Mn6Rh6
34.17078127420401,1.439444247,Mn6Rh6
35.526315789473685,1.481918496,Mn6Rh6
35.526315789473685,1.548464751,Fe6Rh6
50.424620713104005,1.576924185,Cu6Mn6
50.424620713104005,1.661811322,Cu6Mn6
31.612903225806452,1.698413762,Hg6Mn6
34.97267759562841,1.791676563,Fe6Rh6
31.612903225806452,1.88823439,Cu6Mn6
31.612903225806452,2.143894049,Hg6Mn6
63.684210526315795,2.144638688,Cu6Mn6
31.612903225806452,2.436977796,Ag6Mn6
62.69430051813472,2.448340998,Ag6Mn6
31.612903225806452,2.735531848,Au6Mn6
31.612903225806452,3.026536918,Ag6Mn6
62.69430051813472,3.749002425,Ag6Mn6
